{"type":"Topology","bbox":[5.8917,47.42022,8.23334,49.51451],"objects":{"communes":{"type":"GeometryCollection","geometries":[{"type":"Polygon","arcs":[[0,1,2,3,4,5,6,7]],"properties":{"c":"57635"}},{"type":"Polygon","arcs":[[8,9,10,11,12,13,14]],"properties":{"c":"57083"}},{"type":"Polygon","arcs":[[15,-15,16,17,18]],"properties":{"c":"57201"}},{"type":"Polygon","arcs":[[19,20,21,22]],"properties":{"c":"57513"}},{"type":"Polygon","arcs":[[23,24,25,26,27]],"properties":{"c":"57619"}},{"type":"Polygon","arcs":[[28,29,30,31,32]],"properties":{"c":"57651"}},{"type":"Polygon","arcs":[[-26,33,34,35]],"properties":{"c":"57250"}},{"type":"Polygon","arcs":[[36,37,38,39,-34,-25,40]],"properties":{"c":"57390"}},{"type":"Polygon","arcs":[[41,42,43,44,45]],"properties":{"c":"57188"}},{"type":"Polygon","arcs":[[46,-35,-40,47,-46,48,49,50,51]],"properties":{"c":"57489"}},{"type":"Polygon","arcs":[[-44,52,53,54,55,56]],"properties":{"c":"57541"}},{"type":"Polygon","arcs":[[57,58,-38,59,-32]],"properties":{"c":"57577"}},{"type":"Polygon","arcs":[[60,61,62,63,64,65,66]],"properties":{"c":"57658"}},{"type":"Polygon","arcs":[[67,68,69,70,71]],"properties":{"c":"57584"}},{"type":"Polygon","arcs":[[72,73,74,75]],"properties":{"c":"57169"}},{"type":"Polygon","arcs":[[76,77,78,79,80,81,82,-73,83]],"properties":{"c":"57315"}},{"type":"Polygon","arcs":[[84,85,86,87,88]],"properties":{"c":"57333"}},{"type":"Polygon","arcs":[[89,90,91,92]],"properties":{"c":"57339"}},{"type":"Polygon","arcs":[[93,-84,-76,94,95,-93]],"properties":{"c":"57427"}},{"type":"Polygon","arcs":[[96,97,98,99,-11]],"properties":{"c":"57589"}},{"type":"Polygon","arcs":[[-21,100,101,102,103]],"properties":{"c":"57639"}},{"type":"Polygon","arcs":[[104,105,-6,106,107,108]],"properties":{"c":"57713"}},{"type":"Polygon","arcs":[[-81,109,110]],"properties":{"c":"57743"}},{"type":"Polygon","arcs":[[111,112,113,114,115,116]],"properties":{"c":"57747"}},{"type":"Polygon","arcs":[[117,118,119,120,-9,-16,121]],"properties":{"c":"57006"}},{"type":"Polygon","arcs":[[122,-17,-14,123,-63,124,125]],"properties":{"c":"57561"}},{"type":"Polygon","arcs":[[126,127,128,129,-90,-96]],"properties":{"c":"57168"}},{"type":"Polygon","arcs":[[130,-12,-100,131,-29,132,-41,-24]],"properties":{"c":"57192"}},{"type":"Polygon","arcs":[[133,134,-115,135,136,137]],"properties":{"c":"57100"}},{"type":"Polygon","arcs":[[-108,138,139,-134,140,-110,-80,141,-88,142]],"properties":{"c":"57114"}},{"type":"Polygon","arcs":[[143,144,145,-122,-19,146,147]],"properties":{"c":"57355"}},{"type":"Polygon","arcs":[[148,149,150,151,152,153]],"properties":{"c":"57091"}},{"type":"Polygon","arcs":[[154,155,156,157,-150,158]],"properties":{"c":"57092"}},{"type":"Polygon","arcs":[[159,160,161,162,163]],"properties":{"c":"57103"}},{"type":"Polygon","arcs":[[164,-160,165,166,167,168,169,170]],"properties":{"c":"57108"}},{"type":"Polygon","arcs":[[171,172,173,174,175,176,-72]],"properties":{"c":"57195"}},{"type":"Polygon","arcs":[[-71,177,178,-172]],"properties":{"c":"57196"}},{"type":"Polygon","arcs":[[-164,179,180,-102,181,-166]],"properties":{"c":"57294"}},{"type":"Polygon","arcs":[[182,183,-176,184,-22,-104,-58,-31]],"properties":{"c":"57338"}},{"type":"Polygon","arcs":[[185,-162,186,187,188,189]],"properties":{"c":"57402"}},{"type":"Polygon","arcs":[[190,191,-169,192,193]],"properties":{"c":"57421"}},{"type":"Polygon","arcs":[[-70,194,-152,195,-178]],"properties":{"c":"57517"}},{"type":"Polygon","arcs":[[196,-194,197,-174]],"properties":{"c":"57526"}},{"type":"Polygon","arcs":[[-99,198,-183,-30,-132]],"properties":{"c":"57535"}},{"type":"Polygon","arcs":[[199,200,201,202,203]],"properties":{"c":"57544"}},{"type":"Polygon","arcs":[[204,205,206]],"properties":{"c":"57590"}},{"type":"Polygon","arcs":[[207,208,209,-190,210]],"properties":{"c":"57594"}},{"type":"Polygon","arcs":[[211,-207,212,-170,-192]],"properties":{"c":"57641"}},{"type":"Polygon","arcs":[[-198,-193,-168,213,-23,-185,-175]],"properties":{"c":"57732"}},{"type":"Polygon","arcs":[[214,-187,-161,-165]],"properties":{"c":"57738"}},{"type":"Polygon","arcs":[[-171,-213,-206,215,-188,-215]],"properties":{"c":"57741"}},{"type":"Polygon","arcs":[[216,217,218,219,220,221]],"properties":{"c":"57014"}},{"type":"Polygon","arcs":[[222,223,224,225]],"properties":{"c":"57015"}},{"type":"Polygon","arcs":[[226,227,228,229]],"properties":{"c":"57063"}},{"type":"Polygon","arcs":[[230,231,232,233,234,235,236,237]],"properties":{"c":"57082"}},{"type":"Polygon","arcs":[[238,-229,239,240,241,242,243,244,245,246,247]],"properties":{"c":"57262"}},{"type":"Polygon","arcs":[[248,249,-238,250,-223]],"properties":{"c":"57373"}},{"type":"Polygon","arcs":[[251,252,253,254,255,256]],"properties":{"c":"57379"}},{"type":"Polygon","arcs":[[257,258,259,260,261,-231,-250]],"properties":{"c":"57428"}},{"type":"Polygon","arcs":[[262,263,264,265,266]],"properties":{"c":"57560"}},{"type":"Polygon","arcs":[[267,-258,-249,-226,268]],"properties":{"c":"57690"}},{"type":"Polygon","arcs":[[269,-257,270,271,272]],"properties":{"c":"57051"}},{"type":"Polygon","arcs":[[273,274,275,276,277,-240,-228]],"properties":{"c":"57088"}},{"type":"Polygon","arcs":[[-59,-103,-181,278,-209,279,-42,-48,-39]],"properties":{"c":"57089"}},{"type":"Polygon","arcs":[[280,281,282,283]],"properties":{"c":"57105"}},{"type":"Polygon","arcs":[[284,285,286,287,288,289,290]],"properties":{"c":"57115"}},{"type":"Polygon","arcs":[[291,292,293,294,295]],"properties":{"c":"57123"}},{"type":"Polygon","arcs":[[296,-252,-270,297,298,-289]],"properties":{"c":"57174"}},{"type":"Polygon","arcs":[[299,300,301,302,303]],"properties":{"c":"57178"}},{"type":"Polygon","arcs":[[304,305,306,-281,307,-254,308,309]],"properties":{"c":"57189"}},{"type":"Polygon","arcs":[[-245,310,311]],"properties":{"c":"57198"}},{"type":"Polygon","arcs":[[312,313,-269,-225,314,315,316]],"properties":{"c":"57224"}},{"type":"Polygon","arcs":[[317,-217,318,319,-243]],"properties":{"c":"57237"}},{"type":"Polygon","arcs":[[-311,-244,-320,320,321]],"properties":{"c":"57239"}},{"type":"Polygon","arcs":[[322,323,324,325]],"properties":{"c":"57258"}},{"type":"Polygon","arcs":[[-97,-10,-121,326,-153,-195,-69,327]],"properties":{"c":"57261"}},{"type":"Polygon","arcs":[[328,329,330,331,-276,332]],"properties":{"c":"57275"}},{"type":"Polygon","arcs":[[333,-274,-227,334,335,-271,-256]],"properties":{"c":"57297"}},{"type":"Polygon","arcs":[[-321,-319,-222,336,-301,337,-324,338,339]],"properties":{"c":"57311"}},{"type":"Polygon","arcs":[[-294,340,341]],"properties":{"c":"57336"}},{"type":"Polygon","arcs":[[-33,-60,-37,-133]],"properties":{"c":"57376"}},{"type":"Polygon","arcs":[[-242,342,343,-236,344,-218,-318]],"properties":{"c":"57384"}},{"type":"Polygon","arcs":[[345,346,-277,-332,347,-316]],"properties":{"c":"57389"}},{"type":"Polygon","arcs":[[-20,-214,-167,-182,-101]],"properties":{"c":"57393"}},{"type":"Polygon","arcs":[[-337,-221,348,349,-302]],"properties":{"c":"57398"}},{"type":"Polygon","arcs":[[-278,-347,350,-343,-241]],"properties":{"c":"57409"}},{"type":"Polygon","arcs":[[-345,-235,351,352,-219]],"properties":{"c":"57453"}},{"type":"Polygon","arcs":[[353,-27,-36,-47,354,-65]],"properties":{"c":"57456"}},{"type":"Polygon","arcs":[[355,356,-272,-336,357,-264,358,359]],"properties":{"c":"57483"}},{"type":"Polygon","arcs":[[-325,-338,-300,360,361,362]],"properties":{"c":"57536"}},{"type":"Polygon","arcs":[[363,364,365,366]],"properties":{"c":"57550"}},{"type":"Polygon","arcs":[[367,-366,368,-295,-342,369,370,371,-259,-268,-314,372,373]],"properties":{"c":"57606"}},{"type":"Polygon","arcs":[[374,-309,-253,-297,-288]],"properties":{"c":"57662"}},{"type":"Polygon","arcs":[[-315,-224,-251,-237,-344,-351,-346]],"properties":{"c":"57684"}},{"type":"Polygon","arcs":[[-239,375,-265,-358,-335,-230]],"properties":{"c":"57687"}},{"type":"Polygon","arcs":[[-308,-284,376,-333,-275,-334,-255]],"properties":{"c":"57717"}},{"type":"Polygon","arcs":[[-296,-369,-365,377,378]],"properties":{"c":"57765"}},{"type":"Polygon","arcs":[[379,380,-3]],"properties":{"c":"57080"}},{"type":"Polygon","arcs":[[-154,-327,-120,381]],"properties":{"c":"57750"}},{"type":"Polygon","arcs":[[-98,-328,-68,-177,-184,-199]],"properties":{"c":"57074"}},{"type":"Polygon","arcs":[[-279,-180,-163,-186,-210]],"properties":{"c":"57301"}},{"type":"Polygon","arcs":[[-280,-208,382,383,384,-53,-43]],"properties":{"c":"57661"}},{"type":"Polygon","arcs":[[-4,-381,385,-117,386,387]],"properties":{"c":"57216"}},{"type":"Polygon","arcs":[[388,-147,-18,-123]],"properties":{"c":"57636"}},{"type":"Polygon","arcs":[[389,390,391,-112,-386,-380,-2]],"properties":{"c":"57703"}},{"type":"Polygon","arcs":[[392,-49,-45,-57,393,394,395]],"properties":{"c":"57046"}},{"type":"Polygon","arcs":[[396,397,398,399]],"properties":{"c":"57064"}},{"type":"Polygon","arcs":[[400,401,402,403,-397,404,405]],"properties":{"c":"57291"}},{"type":"Polygon","arcs":[[-116,-135,-140,406,-387]],"properties":{"c":"57317"}},{"type":"Polygon","arcs":[[-5,-388,-407,-139,-107]],"properties":{"c":"57407"}},{"type":"Polygon","arcs":[[407,408,-113,-392,409,-406]],"properties":{"c":"57462"}},{"type":"Polygon","arcs":[[-83,410,-137,411,412,413,414,-74]],"properties":{"c":"57468"}},{"type":"Polygon","arcs":[[-28,-354,-64,-124,-13,-131]],"properties":{"c":"57477"}},{"type":"Polygon","arcs":[[-415,415,416,-127,-95,-75]],"properties":{"c":"57540"}},{"type":"Polygon","arcs":[[-111,-141,-138,-411,-82]],"properties":{"c":"57614"}},{"type":"Polygon","arcs":[[-405,-400,417,-413,418,-408]],"properties":{"c":"57709"}},{"type":"Polygon","arcs":[[419,-416,-414,-418,-399,420]],"properties":{"c":"57721"}},{"type":"Polygon","arcs":[[421,422,-159,-149,-382,-119,423]],"properties":{"c":"57745"}},{"type":"Polygon","arcs":[[-114,-409,-419,-412,-136]],"properties":{"c":"57761"}},{"type":"Polygon","arcs":[[-89,-142,-79,424,425]],"properties":{"c":"57033"}},{"type":"Polygon","arcs":[[426,-77,-94,-92,427,428]],"properties":{"c":"57244"}},{"type":"Polygon","arcs":[[429,-85,-426,430,431,432,-200]],"properties":{"c":"57280"}},{"type":"Polygon","arcs":[[-204,433,434,435,-86,-430]],"properties":{"c":"57505"}},{"type":"Polygon","arcs":[[-425,-78,-427,436,-431]],"properties":{"c":"57618"}},{"type":"Polygon","arcs":[[437,438,439,440,441,442]],"properties":{"c":"57013"}},{"type":"Polygon","arcs":[[443,444,445,446]],"properties":{"c":"57016"}},{"type":"Polygon","arcs":[[447,448,449,450,451]],"properties":{"c":"57025"}},{"type":"Polygon","arcs":[[452,453,454,455,456]],"properties":{"c":"57058"}},{"type":"Polygon","arcs":[[457,458,459,460]],"properties":{"c":"57069"}},{"type":"Polygon","arcs":[[461,462,463,464,465]],"properties":{"c":"57070"}},{"type":"Polygon","arcs":[[466,467,468,469,470,471,472]],"properties":{"c":"57079"}},{"type":"Polygon","arcs":[[473,474,475,476,477]],"properties":{"c":"57087"}},{"type":"Polygon","arcs":[[478,479,480]],"properties":{"c":"57093"}},{"type":"Polygon","arcs":[[481,482,483,484,485,486,-445,487,488]],"properties":{"c":"57106"}},{"type":"Polygon","arcs":[[489,490,-447,491,492,493,494]],"properties":{"c":"57110"}},{"type":"Polygon","arcs":[[495,496,497,498,499,500,501]],"properties":{"c":"57128"}},{"type":"Polygon","arcs":[[-486,502,503,504,505]],"properties":{"c":"57131"}},{"type":"Polygon","arcs":[[506,507,508,-472,509,510,-449,511]],"properties":{"c":"57136"}},{"type":"Polygon","arcs":[[-470,512,513,514,515]],"properties":{"c":"57149"}},{"type":"Polygon","arcs":[[516,517,518,519,520,521,-475,522,523]],"properties":{"c":"57154"}},{"type":"Polygon","arcs":[[524,525,526,527,-292,-379,528]],"properties":{"c":"57160"}},{"type":"Polygon","arcs":[[529,530,531,532,533,534]],"properties":{"c":"57165"}},{"type":"Polygon","arcs":[[535,536,537,538,-524]],"properties":{"c":"57172"}},{"type":"Polygon","arcs":[[539,540,541,-466]],"properties":{"c":"57187"}},{"type":"Polygon","arcs":[[542,543,-440,544,-453]],"properties":{"c":"57202"}},{"type":"Polygon","arcs":[[-520,545,-533,546,-526,547]],"properties":{"c":"57205"}},{"type":"Polygon","arcs":[[-510,-471,-516,548,549,-482,550]],"properties":{"c":"57213"}},{"type":"Polygon","arcs":[[551,552,553,554,555,-513,-469]],"properties":{"c":"57215"}},{"type":"Polygon","arcs":[[556,557,558,559,560,-543,561,562,563]],"properties":{"c":"57227"}},{"type":"Polygon","arcs":[[-450,-511,-551,-489,564,565,566]],"properties":{"c":"57235"}},{"type":"Polygon","arcs":[[567,568,-452,569,-462,-542,570,571,572]],"properties":{"c":"57252"}},{"type":"Polygon","arcs":[[573,574,575,-553,576]],"properties":{"c":"57259"}},{"type":"Polygon","arcs":[[-550,577,578,579,-483]],"properties":{"c":"57273"}},{"type":"Polygon","arcs":[[-521,-548,-525,580,581]],"properties":{"c":"57274"}},{"type":"Polygon","arcs":[[582,583,-499,584,585,-572]],"properties":{"c":"57277"}},{"type":"Polygon","arcs":[[586,587,-574,588,589]],"properties":{"c":"57286"}},{"type":"Polygon","arcs":[[-581,-529,-378,-364,590,591]],"properties":{"c":"57288"}},{"type":"Polygon","arcs":[[592,-534,-546,-519]],"properties":{"c":"57296"}},{"type":"Polygon","arcs":[[-580,593,594,595,-484]],"properties":{"c":"57309"}},{"type":"Polygon","arcs":[[596,-512,-448,-569,597,598]],"properties":{"c":"57322"}},{"type":"Polygon","arcs":[[599,600,601,602,603,-500,-584]],"properties":{"c":"57326"}},{"type":"Polygon","arcs":[[604,605,-463,-570,-451,-567]],"properties":{"c":"57329"}},{"type":"Polygon","arcs":[[-454,-545,-439,606,607,608]],"properties":{"c":"57360"}},{"type":"Polygon","arcs":[[609,610,611,612,-587,613,614]],"properties":{"c":"57365"}},{"type":"Polygon","arcs":[[615,-614,-590,616,617,618]],"properties":{"c":"57387"}},{"type":"Polygon","arcs":[[619,620,621,622,623]],"properties":{"c":"57388"}},{"type":"Polygon","arcs":[[624,-607,-438,625,626]],"properties":{"c":"57408"}},{"type":"Polygon","arcs":[[627,628,629,-622,630]],"properties":{"c":"57439"}},{"type":"Polygon","arcs":[[-573,-586,631,632]],"properties":{"c":"57455"}},{"type":"Polygon","arcs":[[633,634,-473,-509,635]],"properties":{"c":"57457"}},{"type":"Polygon","arcs":[[-532,636,-460,637,-527,-547]],"properties":{"c":"57460"}},{"type":"Polygon","arcs":[[638,639,-619,640,641,642]],"properties":{"c":"57476"}},{"type":"Polygon","arcs":[[643,-563,644,645,646]],"properties":{"c":"57484"}},{"type":"Polygon","arcs":[[-515,647,648,-578,-549]],"properties":{"c":"57502"}},{"type":"Polygon","arcs":[[-492,-446,-487,-506,649]],"properties":{"c":"57516"}},{"type":"Polygon","arcs":[[-457,650,-645,-562]],"properties":{"c":"57521"}},{"type":"Polygon","arcs":[[-540,-465,651,652,653,-517,-539,654,655]],"properties":{"c":"57530"}},{"type":"Polygon","arcs":[[656,-557]],"properties":{"c":"57537"}},{"type":"Polygon","arcs":[[657,-598,-568,-633,658]],"properties":{"c":"57542"}},{"type":"Polygon","arcs":[[-566,659,660,-605]],"properties":{"c":"57567"}},{"type":"Polygon","arcs":[[-613,661,-620,662,-575,-588]],"properties":{"c":"57569"}},{"type":"Polygon","arcs":[[-461,-637,-531,663,664]],"properties":{"c":"57570"}},{"type":"Polygon","arcs":[[665,-647,666]],"properties":{"c":"57596"}},{"type":"Polygon","arcs":[[667,-600,-583,-571,-541,-656]],"properties":{"c":"57599"}},{"type":"Polygon","arcs":[[-641,-618,668,-467,-635,669]],"properties":{"c":"57610"}},{"type":"Polygon","arcs":[[670,671,-559]],"properties":{"c":"57638"}},{"type":"Polygon","arcs":[[-556,672,-648,-514]],"properties":{"c":"57640"}},{"type":"Polygon","arcs":[[-561,673,674,-441,-544]],"properties":{"c":"57659"}},{"type":"Polygon","arcs":[[-672,675,-674,-560]],"properties":{"c":"57660"}},{"type":"Polygon","arcs":[[676,-494,677,-535,-593,-518,-654]],"properties":{"c":"57667"}},{"type":"Polygon","arcs":[[-678,-493,-650,-505,678,-664,-530]],"properties":{"c":"57681"}},{"type":"Polygon","arcs":[[-606,-661,679,-490,680,-652,-464]],"properties":{"c":"57691"}},{"type":"Polygon","arcs":[[-592,681,-476,-522,-582]],"properties":{"c":"57696"}},{"type":"Polygon","arcs":[[-565,-488,-444,-491,-680,-660]],"properties":{"c":"57700"}},{"type":"Polygon","arcs":[[-495,-677,-653,-681]],"properties":{"c":"57705"}},{"type":"Polygon","arcs":[[-679,-504,682,-595,683,-458,-665]],"properties":{"c":"57720"}},{"type":"Polygon","arcs":[[684,-603,685]],"properties":{"c":"57730"}},{"type":"Polygon","arcs":[[-589,-577,-552,-468,-669,-617]],"properties":{"c":"57739"}},{"type":"Polygon","arcs":[[-624,686,-554,-576,-663]],"properties":{"c":"57740"}},{"type":"Polygon","arcs":[[-596,-683,-503,-485]],"properties":{"c":"57749"}},{"type":"Polygon","arcs":[[687,688,689,690,691]],"properties":{"c":"57180"}},{"type":"Polygon","arcs":[[692,693,694,695]],"properties":{"c":"57657"}},{"type":"Polygon","arcs":[[696,697,-282,-307]],"properties":{"c":"57008"}},{"type":"Polygon","arcs":[[698,699,700,701,702]],"properties":{"c":"57018"}},{"type":"Polygon","arcs":[[703,704,705,706,707,708]],"properties":{"c":"57035"}},{"type":"Polygon","arcs":[[709,710,711,712,713]],"properties":{"c":"57054"}},{"type":"Polygon","arcs":[[714,715,716,717,718]],"properties":{"c":"57059"}},{"type":"Polygon","arcs":[[719,720,721,722,723,724]],"properties":{"c":"57071"}},{"type":"Polygon","arcs":[[725,726,727,728,729,730]],"properties":{"c":"57085"}},{"type":"Polygon","arcs":[[731,732,733,734,735,736,737,738]],"properties":{"c":"57086"}},{"type":"Polygon","arcs":[[-601,-668,-655,-538,739,740]],"properties":{"c":"57097"}},{"type":"Polygon","arcs":[[741,742,-435,743,744,745]],"properties":{"c":"57119"}},{"type":"Polygon","arcs":[[746,747,748,749,750,751,752]],"properties":{"c":"57120"}},{"type":"Polygon","arcs":[[-714,753,754,755]],"properties":{"c":"57138"}},{"type":"Polygon","arcs":[[756,757,758,759,760,761,762]],"properties":{"c":"57155"}},{"type":"Polygon","arcs":[[763,764,765,766,767,768]],"properties":{"c":"57159"}},{"type":"Polygon","arcs":[[-769,769,770,771,-697,-306,772,773]],"properties":{"c":"57209"}},{"type":"Polygon","arcs":[[774,775,776,777,778,-700,779,780]],"properties":{"c":"57225"}},{"type":"Polygon","arcs":[[781,782,783,784,785]],"properties":{"c":"57236"}},{"type":"Polygon","arcs":[[786,787,788,-732,789,-705,790]],"properties":{"c":"57272"}},{"type":"Polygon","arcs":[[791,792,793,794]],"properties":{"c":"57284"}},{"type":"Polygon","arcs":[[795,-753,796,797,798,799,800]],"properties":{"c":"57290"}},{"type":"Polygon","arcs":[[801,-786,802,803,804]],"properties":{"c":"57292"}},{"type":"Polygon","arcs":[[805,-799,806,807,808]],"properties":{"c":"57295"}},{"type":"Polygon","arcs":[[809,810,811,812]],"properties":{"c":"57308"}},{"type":"Polygon","arcs":[[813,814,815,816]],"properties":{"c":"57344"}},{"type":"Polygon","arcs":[[817,818,819,-755,820,821,822,-291,823]],"properties":{"c":"57395"}},{"type":"Polygon","arcs":[[824,825,-764,-774,826,827,828]],"properties":{"c":"57430"}},{"type":"Polygon","arcs":[[829,830,-828,831,832,833]],"properties":{"c":"57442"}},{"type":"Polygon","arcs":[[834,835,-792,836,837,-729]],"properties":{"c":"57444"}},{"type":"Polygon","arcs":[[838,839,-735,840,841,842,843,844]],"properties":{"c":"57469"}},{"type":"Polygon","arcs":[[845,846,-801,847,848,849]],"properties":{"c":"57485"}},{"type":"Polygon","arcs":[[850,851,852,853,854,-843]],"properties":{"c":"57506"}},{"type":"Polygon","arcs":[[-523,-474,855,856,857,-536]],"properties":{"c":"57507"}},{"type":"Polygon","arcs":[[858,859,-856,-478,860]],"properties":{"c":"57519"}},{"type":"Polygon","arcs":[[861,-854,862,863,864,865]],"properties":{"c":"57551"}},{"type":"Polygon","arcs":[[866,867,868,869,870,871,872]],"properties":{"c":"57556"}},{"type":"Polygon","arcs":[[-776,873,874,875,-748,876,877]],"properties":{"c":"57692"}},{"type":"Polygon","arcs":[[-818,878,879,880]],"properties":{"c":"57719"}},{"type":"Polygon","arcs":[[881,882,883,-817,884,885]],"properties":{"c":"57756"}},{"type":"Polygon","arcs":[[-717,886,-298,-273,-357,887,888]],"properties":{"c":"57004"}},{"type":"Polygon","arcs":[[889,890,891,892]],"properties":{"c":"57007"}},{"type":"Polygon","arcs":[[893,894,895,896,897,898,899,900,901]],"properties":{"c":"57011"}},{"type":"Polygon","arcs":[[902,903,904,905,906,907]],"properties":{"c":"57020"}},{"type":"Polygon","arcs":[[908,-833,909,-285,-823]],"properties":{"c":"57027"}},{"type":"Polygon","arcs":[[-829,-831,910,911]],"properties":{"c":"57029"}},{"type":"Polygon","arcs":[[912,-708,913,914,915,916,917]],"properties":{"c":"57044"}},{"type":"Polygon","arcs":[[918,919,920,921]],"properties":{"c":"57045"}},{"type":"Polygon","arcs":[[922,923,924,-767,925,926,927]],"properties":{"c":"57047"}},{"type":"Polygon","arcs":[[928,929,-727]],"properties":{"c":"57048"}},{"type":"Polygon","arcs":[[930,931,932,933,934]],"properties":{"c":"57050"}},{"type":"MultiPolygon","arcs":[[[-234,935,936,-352]],[[-262,937,938,939,-232]]],"properties":{"c":"57052"}},{"type":"Polygon","arcs":[[940,941,942,943,944,945,946]],"properties":{"c":"57053"}},{"type":"Polygon","arcs":[[-933,947,948,949,-814,-884,950]],"properties":{"c":"57056"}},{"type":"Polygon","arcs":[[951,952,953,954]],"properties":{"c":"57057"}},{"type":"Polygon","arcs":[[955,956,957,958,959,960,961]],"properties":{"c":"57060"}},{"type":"Polygon","arcs":[[962,963,964,965]],"properties":{"c":"57061"}},{"type":"Polygon","arcs":[[-248,966,967,-266,-376]],"properties":{"c":"57065"}},{"type":"Polygon","arcs":[[968,-722,969,970,-839]],"properties":{"c":"57066"}},{"type":"Polygon","arcs":[[971,972,-966,973,974,975]],"properties":{"c":"57073"}},{"type":"Polygon","arcs":[[976,977,978,979]],"properties":{"c":"57077"}},{"type":"Polygon","arcs":[[980,981,-945,982,983,984]],"properties":{"c":"57081"}},{"type":"Polygon","arcs":[[985,986,987,988,989,990]],"properties":{"c":"57090"}},{"type":"Polygon","arcs":[[-861,-477,-682,-591,-367,-368,991,992]],"properties":{"c":"57095"}},{"type":"Polygon","arcs":[[993,-961,994,-946,-982,995]],"properties":{"c":"57098"}},{"type":"Polygon","arcs":[[996,997,998,999,1000]],"properties":{"c":"57099"}},{"type":"Polygon","arcs":[[-455,-609,1001,1002,1003]],"properties":{"c":"57101"}},{"type":"Polygon","arcs":[[1004,1005,1006,-880,1007,-715]],"properties":{"c":"57107"}},{"type":"Polygon","arcs":[[1008,1009,1010,1011,-835,-728,-930]],"properties":{"c":"57112"}},{"type":"Polygon","arcs":[[-940,1012,1013,1014,1015,-936,-233]],"properties":{"c":"57122"}},{"type":"Polygon","arcs":[[1016,1017,1018,1019,1020,1021]],"properties":{"c":"57126"}},{"type":"Polygon","arcs":[[1022,1023,1024,-906,1025]],"properties":{"c":"57127"}},{"type":"Polygon","arcs":[[1026,1027,-1006,1028,-875]],"properties":{"c":"57130"}},{"type":"Polygon","arcs":[[-846,1029,-1020,1030,-702,1031,1032]],"properties":{"c":"57132"}},{"type":"Polygon","arcs":[[-798,1033,-751,1034,-696,1035,1036,1037,-807]],"properties":{"c":"57133"}},{"type":"Polygon","arcs":[[-784,1038,-819,-881,-1007,-1028,1039]],"properties":{"c":"57141"}},{"type":"Polygon","arcs":[[-973,1040,1041,-667,1042,1043,1044,-963]],"properties":{"c":"57144"}},{"type":"Polygon","arcs":[[1045,1046,-501,-604,-685,1047,1048,-759]],"properties":{"c":"57150"}},{"type":"Polygon","arcs":[[-359,-263,1049,1050,1051,-1036,-695,1052]],"properties":{"c":"57151"}},{"type":"Polygon","arcs":[[-984,1053,1054,1055,1056,1057]],"properties":{"c":"57161"}},{"type":"Polygon","arcs":[[-1005,-719,1058,-749,-876,-1029]],"properties":{"c":"57166"}},{"type":"Polygon","arcs":[[-706,-790,-739,1059]],"properties":{"c":"57173"}},{"type":"Polygon","arcs":[[1060,1061,1062,-932,1063]],"properties":{"c":"57175"}},{"type":"Polygon","arcs":[[1064,1065,1066,1067,1068,1069,1070]],"properties":{"c":"57176"}},{"type":"Polygon","arcs":[[-988,1071,1072,1073,1074,1075,1076]],"properties":{"c":"57177"}},{"type":"Polygon","arcs":[[-944,1077,1078,-1054,-983]],"properties":{"c":"57181"}},{"type":"Polygon","arcs":[[1079,1080,1081,1082,1083]],"properties":{"c":"57182"}},{"type":"Polygon","arcs":[[1084,1085,1086,-998,1087,1088]],"properties":{"c":"57183"}},{"type":"Polygon","arcs":[[1089,1090,-765,-826,1091]],"properties":{"c":"57190"}},{"type":"Polygon","arcs":[[-872,1092,1093,1094,1095]],"properties":{"c":"57197"}},{"type":"Polygon","arcs":[[-964,-1045,1096,1097,1098,1099]],"properties":{"c":"57207"}},{"type":"Polygon","arcs":[[1100,-1014,1101,1102,-1098,1103,-1065]],"properties":{"c":"57208"}},{"type":"Polygon","arcs":[[-844,-855,-862,1104,1105]],"properties":{"c":"57210"}},{"type":"Polygon","arcs":[[1106,1107,-926,-766,-1091]],"properties":{"c":"57217"}},{"type":"Polygon","arcs":[[-954,1108,1109,1110,1111]],"properties":{"c":"57220"}},{"type":"Polygon","arcs":[[1112,1113,-1043,-646,-651,-456,-1004]],"properties":{"c":"57222"}},{"type":"Polygon","arcs":[[1114,1115,1116,-730,-838]],"properties":{"c":"57230"}},{"type":"Polygon","arcs":[[1117,-246,-312,-322,-340,1118,1119,1120,1121]],"properties":{"c":"57232"}},{"type":"Polygon","arcs":[[1122,-157,1123,-480]],"properties":{"c":"57234"}},{"type":"Polygon","arcs":[[1124,-703,-1031,-1019,1125,1126,1127]],"properties":{"c":"57238"}},{"type":"Polygon","arcs":[[-371,1128,-1041,-972,1129]],"properties":{"c":"57240"}},{"type":"Polygon","arcs":[[-707,-1060,-738,1130,1131,1132,1133,-914]],"properties":{"c":"57241"}},{"type":"Polygon","arcs":[[-1087,1134,1135,1136,-709,-913,1137,-999]],"properties":{"c":"57246"}},{"type":"Polygon","arcs":[[1138,-778,1139,1140]],"properties":{"c":"57247"}},{"type":"Polygon","arcs":[[1141,1142,-898,1143]],"properties":{"c":"57248"}},{"type":"Polygon","arcs":[[1144,1145,1146,-916,1147,-1064,-931,1148,1149,1150]],"properties":{"c":"57253"}},{"type":"Polygon","arcs":[[-970,-721,1151,-688,1152,1153]],"properties":{"c":"57255"}},{"type":"Polygon","arcs":[[1154,1155,1156,-1126,-1018,1157,1158]],"properties":{"c":"57257"}},{"type":"Polygon","arcs":[[-443,1159,1160,1161,-626]],"properties":{"c":"57260"}},{"type":"Polygon","arcs":[[-1096,1162,1163,1164,1165,-873]],"properties":{"c":"57263"}},{"type":"Polygon","arcs":[[-871,1166,-1070,1167,1168,-1093]],"properties":{"c":"57264"}},{"type":"Polygon","arcs":[[1169,1170,1171,-1073,1172]],"properties":{"c":"57265"}},{"type":"Polygon","arcs":[[-989,-1077,1173,-1135,-1086,1174]],"properties":{"c":"57266"}},{"type":"Polygon","arcs":[[1175,1176,1177,1178,1179,-812]],"properties":{"c":"57267"}},{"type":"Polygon","arcs":[[-962,-994,1180,1181]],"properties":{"c":"57268"}},{"type":"Polygon","arcs":[[1182,-1173,-1072,-987,1183,1184]],"properties":{"c":"57270"}},{"type":"Polygon","arcs":[[1185,-975,1186,-938,-261]],"properties":{"c":"57271"}},{"type":"Polygon","arcs":[[1187,-1116,1188,-1107,-1090,1189,1190,1191]],"properties":{"c":"57276"}},{"type":"Polygon","arcs":[[-943,1192,1193,1194,1195,-1078]],"properties":{"c":"57278"}},{"type":"Polygon","arcs":[[-1059,-718,-889,1196,1197,-693,-1035,-750]],"properties":{"c":"57281"}},{"type":"Polygon","arcs":[[-1164,1198,1199,1200,1201,1202,1203,1204]],"properties":{"c":"57289"}},{"type":"Polygon","arcs":[[1205,-893,1206,1207,1208]],"properties":{"c":"57293"}},{"type":"Polygon","arcs":[[1209,1210,1211,1212,1213]],"properties":{"c":"57299"}},{"type":"Polygon","arcs":[[-1153,-692,1214,-949,1215,-1131,-737,1216]],"properties":{"c":"57304"}},{"type":"Polygon","arcs":[[1217,1218,1219,-725]],"properties":{"c":"57310"}},{"type":"Polygon","arcs":[[-686,-602,-741,1220,-1010,1221,-1048]],"properties":{"c":"57312"}},{"type":"Polygon","arcs":[[1222,-1190,-1092,-825,-912,1223,1224,-1023]],"properties":{"c":"57313"}},{"type":"Polygon","arcs":[[-934,-951,-883,1225,1226]],"properties":{"c":"57314"}},{"type":"Polygon","arcs":[[-1103,1227,-1099]],"properties":{"c":"57316"}},{"type":"Polygon","arcs":[[-885,1228,1229,1230]],"properties":{"c":"57318"}},{"type":"Polygon","arcs":[[-1207,-892,1231,-1224,-911,-830,1232,1233]],"properties":{"c":"57319"}},{"type":"Polygon","arcs":[[-1227,1234,-1149,-935]],"properties":{"c":"57320"}},{"type":"Polygon","arcs":[[-816,1235,-746,1236,1237,-1210,1238,-1229]],"properties":{"c":"57321"}},{"type":"Polygon","arcs":[[1239,1240,1241,-105,1242]],"properties":{"c":"57324"}},{"type":"Polygon","arcs":[[1243,-361,-304,1244,1245,1246,-1177]],"properties":{"c":"57325"}},{"type":"Polygon","arcs":[[-909,-822,1247,-1233,-834]],"properties":{"c":"57328"}},{"type":"Polygon","arcs":[[1248,1249,1250,-1178,-1247]],"properties":{"c":"57330"}},{"type":"Polygon","arcs":[[-976,-1186,-260,-372,-1130]],"properties":{"c":"57332"}},{"type":"Polygon","arcs":[[1251,1252,1253,1254]],"properties":{"c":"57335"}},{"type":"Polygon","arcs":[[-353,-937,-1016,1255,-869,1256,-349,-220]],"properties":{"c":"57337"}},{"type":"Polygon","arcs":[[1257,1258,1259,-1094,-1169,1260,1261]],"properties":{"c":"57340"}},{"type":"Polygon","arcs":[[1262,1263,1264,1265,-1144,-897]],"properties":{"c":"57346"}},{"type":"Polygon","arcs":[[1266,1267,1268,1269]],"properties":{"c":"57347"}},{"type":"Polygon","arcs":[[-1259,1270,1271,1272]],"properties":{"c":"57348"}},{"type":"Polygon","arcs":[[1273,1274,1275,-1127,-1157,1276,1277,1278]],"properties":{"c":"57349"}},{"type":"Polygon","arcs":[[1279,-990,-1175,-1085,1280,1281]],"properties":{"c":"57353"}},{"type":"Polygon","arcs":[[1282,-362,-1244,-1176,-811,1283,-1265]],"properties":{"c":"57357"}},{"type":"Polygon","arcs":[[-1063,1284,-948]],"properties":{"c":"57362"}},{"type":"Polygon","arcs":[[1285,-1254,-813,-1180,1286]],"properties":{"c":"57366"}},{"type":"Polygon","arcs":[[1287,1288,-1001,1289,1290,1291]],"properties":{"c":"57375"}},{"type":"Polygon","arcs":[[1292,1293,-1150,1294,1295]],"properties":{"c":"57377"}},{"type":"Polygon","arcs":[[1296,-1084,1297,-780,-699,-1125]],"properties":{"c":"57381"}},{"type":"Polygon","arcs":[[-1132,-1216,-1285,1298]],"properties":{"c":"57382"}},{"type":"Polygon","arcs":[[-915,-1134,1299,-1061,-1148]],"properties":{"c":"57383"}},{"type":"Polygon","arcs":[[-924,1300,-373,-313,1301,1302,1303]],"properties":{"c":"57386"}},{"type":"Polygon","arcs":[[-1119,-339,-323,1304,1305,-895,1306]],"properties":{"c":"57394"}},{"type":"Polygon","arcs":[[-1089,1307,1308,1309,-1281]],"properties":{"c":"57397"}},{"type":"Polygon","arcs":[[-978,1310,1311,-1282,-1310,1312]],"properties":{"c":"57399"}},{"type":"Polygon","arcs":[[-1171,1313,1314,1315,-956,-1182,1316]],"properties":{"c":"57401"}},{"type":"Polygon","arcs":[[-1174,-1076,1317,1318,-787,1319,-1136]],"properties":{"c":"57404"}},{"type":"Polygon","arcs":[[-1075,1320,1321,-1318]],"properties":{"c":"57405"}},{"type":"Polygon","arcs":[[1322,1323,-1270,1324,1325,-1195]],"properties":{"c":"57410"}},{"type":"Polygon","arcs":[[1326,-992,-374,-1301,-923]],"properties":{"c":"57413"}},{"type":"Polygon","arcs":[[1327,-1296,1328,-886,-1231,1329,1330,1331,1332]],"properties":{"c":"57414"}},{"type":"Polygon","arcs":[[1333,-1055,-1079,-1196,-1326]],"properties":{"c":"57417"}},{"type":"Polygon","arcs":[[-1056,-1334,-1325,-1269,1334,-841,-734,1335]],"properties":{"c":"57418"}},{"type":"Polygon","arcs":[[-1256,-1015,-1101,-1071,-1167,-870]],"properties":{"c":"57419"}},{"type":"Polygon","arcs":[[-701,-779,-1139,1336,-1032]],"properties":{"c":"57423"}},{"type":"Polygon","arcs":[[-756,-820,-1039,-783,1337,1338,-710]],"properties":{"c":"57424"}},{"type":"Polygon","arcs":[[-1290,-1000,-1138,-918,1339,1340]],"properties":{"c":"57434"}},{"type":"Polygon","arcs":[[1341,1342,-947,-995,-960]],"properties":{"c":"57446"}},{"type":"Polygon","arcs":[[-1312,1343,-809,1344,1345,-991,-1280]],"properties":{"c":"57448"}},{"type":"Polygon","arcs":[[-1008,-879,-824,-290,-299,-887,-716]],"properties":{"c":"57451"}},{"type":"Polygon","arcs":[[1346,1347,1348,1349,-1331,1350,1351,1352]],"properties":{"c":"57461"}},{"type":"Polygon","arcs":[[-1168,-1069,1353,-1261]],"properties":{"c":"57466"}},{"type":"Polygon","arcs":[[1354,1355,-1193,-942]],"properties":{"c":"57470"}},{"type":"Polygon","arcs":[[-740,-537,-858,1356,-1011,-1221]],"properties":{"c":"57471"}},{"type":"Polygon","arcs":[[1357,-979,-1313,-1309,1358,-1288]],"properties":{"c":"57473"}},{"type":"Polygon","arcs":[[1359,1360,-1120,-1307,-894]],"properties":{"c":"57478"}},{"type":"Polygon","arcs":[[1361,-922,1362,1363,-711,-1339]],"properties":{"c":"57486"}},{"type":"Polygon","arcs":[[-1291,-1341,1364,1365,1366]],"properties":{"c":"57488"}},{"type":"Polygon","arcs":[[1367,-848,-800,-806,-1344,1368,1369]],"properties":{"c":"57490"}},{"type":"Polygon","arcs":[[1370,-1184,-986,-1346]],"properties":{"c":"57493"}},{"type":"Polygon","arcs":[[-900,1371,-1267,-1324,1372]],"properties":{"c":"57494"}},{"type":"Polygon","arcs":[[-1357,-857,-860,1373,-793,-836,-1012]],"properties":{"c":"57495"}},{"type":"Polygon","arcs":[[-1343,1374,-1360,-902,1375,-1355,-941]],"properties":{"c":"57496"}},{"type":"Polygon","arcs":[[-326,-363,-1283,-1264,1376,-1305]],"properties":{"c":"57497"}},{"type":"Polygon","arcs":[[-1201,1377,1378,1379,1380]],"properties":{"c":"57499"}},{"type":"Polygon","arcs":[[-1235,-1226,-882,-1329,-1295]],"properties":{"c":"57500"}},{"type":"Polygon","arcs":[[-1122,1381,1382]],"properties":{"c":"57501"}},{"type":"Polygon","arcs":[[1383,1384,-1349,1385,1386]],"properties":{"c":"57504"}},{"type":"Polygon","arcs":[[-1330,-1230,-1239,-1214,1387,1388,1389,-1351]],"properties":{"c":"57509"}},{"type":"Polygon","arcs":[[-1068,1390,-1002,-608,-625,1391,-1262,-1354]],"properties":{"c":"57514"}},{"type":"Polygon","arcs":[[-720,-1220,1392,-689,-1152]],"properties":{"c":"57518"}},{"type":"Polygon","arcs":[[-752,-1034,-797]],"properties":{"c":"57520"}},{"type":"Polygon","arcs":[[-1359,-1308,-1088,-997,-1289]],"properties":{"c":"57524"}},{"type":"Polygon","arcs":[[1393,-1080,-1297,-1128,-1276]],"properties":{"c":"57525"}},{"type":"Polygon","arcs":[[-803,-785,-1040,-1027,-874,-775,1394]],"properties":{"c":"57528"}},{"type":"Polygon","arcs":[[1395,-1158,-1017,1396]],"properties":{"c":"57538"}},{"type":"Polygon","arcs":[[-888,-356,1397,-1197]],"properties":{"c":"57539"}},{"type":"Polygon","arcs":[[-771,1398,-1303,1399,-330,1400]],"properties":{"c":"57549"}},{"type":"Polygon","arcs":[[1401,-919,-1362,-1338,-782,-802]],"properties":{"c":"57555"}},{"type":"Polygon","arcs":[[-1337,-1141,1402,-877,-747,-796,-847,-1033]],"properties":{"c":"57558"}},{"type":"Polygon","arcs":[[1403,-731,-1117,-1188,1404]],"properties":{"c":"57563"}},{"type":"Polygon","arcs":[[-1365,-1340,-917,-1147,1405,1406]],"properties":{"c":"57564"}},{"type":"Polygon","arcs":[[-743,1407,1408,-1243,-109,-143,-87,-436]],"properties":{"c":"57566"}},{"type":"Polygon","arcs":[[-1379,1409,1410]],"properties":{"c":"57568"}},{"type":"Polygon","arcs":[[-1246,1411,-867,-1166,1412,-1249]],"properties":{"c":"57571"}},{"type":"Polygon","arcs":[[1413,1414,1415,1416,-908,1417,1418,-890,-1206,1419,-1109,-953]],"properties":{"c":"57572"}},{"type":"Polygon","arcs":[[-896,-1306,-1377,-1263]],"properties":{"c":"57573"}},{"type":"Polygon","arcs":[[-1133,-1299,-1062,-1300]],"properties":{"c":"57579"}},{"type":"Polygon","arcs":[[-360,-1053,-694,-1198,-1398]],"properties":{"c":"57580"}},{"type":"Polygon","arcs":[[-1165,1420,-1250,-1413]],"properties":{"c":"57581"}},{"type":"Polygon","arcs":[[1421,-1050,-267,-968,1422,-957,-1316]],"properties":{"c":"57587"}},{"type":"Polygon","arcs":[[-845,-1106,1423,-723,-969]],"properties":{"c":"57592"}},{"type":"Polygon","arcs":[[1424,-1057,-1336,-733,-789]],"properties":{"c":"57595"}},{"type":"Polygon","arcs":[[-1392,-627,-1162,1425,-1271,-1258]],"properties":{"c":"57598"}},{"type":"Polygon","arcs":[[-1110,-1420,-1209,1426,-712,-1364,1427]],"properties":{"c":"57609"}},{"type":"Polygon","arcs":[[-1217,-736,-840,-971,-1154]],"properties":{"c":"57613"}},{"type":"Polygon","arcs":[[-303,-350,-1257,-868,-1412,-1245]],"properties":{"c":"57615"}},{"type":"Polygon","arcs":[[-1038,1428,-1185,-1371,-1345,-808]],"properties":{"c":"57621"}},{"type":"Polygon","arcs":[[-1021,-1030,-850,1429,1430]],"properties":{"c":"57625"}},{"type":"Polygon","arcs":[[-1287,-1179,-1251,-1421,-1205,1431,1432,1433,1434,1435,1436]],"properties":{"c":"57628"}},{"type":"Polygon","arcs":[[-690,-1393,1437,-1240,-1409,1438]],"properties":{"c":"57629"}},{"type":"Polygon","arcs":[[-815,-950,-1215,-691,-1439,-1408,-742,-1236]],"properties":{"c":"57630"}},{"type":"Polygon","arcs":[[1439,-1272,-1426,-1161,1440,-481,-1124,-156,1441,-1410,-1378,-1200]],"properties":{"c":"57631"}},{"type":"Polygon","arcs":[[-1380,-1411,-1442,-155,-423,1442]],"properties":{"c":"57633"}},{"type":"Polygon","arcs":[[-745,1443,-1237]],"properties":{"c":"57637"}},{"type":"Polygon","arcs":[[-974,-965,-1100,-1228,-1102,-1013,-939,-1187]],"properties":{"c":"57644"}},{"type":"Polygon","arcs":[[1444,1445,-1405,-1192,1446,1447]],"properties":{"c":"57648"}},{"type":"Polygon","arcs":[[-791,-704,-1137,-1320]],"properties":{"c":"57664"}},{"type":"Polygon","arcs":[[-1113,-1003,-1391,-1067,1448]],"properties":{"c":"57665"}},{"type":"Polygon","arcs":[[-1400,-1302,-317,-348,-331]],"properties":{"c":"57668"}},{"type":"Polygon","arcs":[[-1449,-1066,-1104,-1097,-1044,-1114]],"properties":{"c":"57669"}},{"type":"Polygon","arcs":[[-832,-827,-773,-305,1449,-286,-910]],"properties":{"c":"57670"}},{"type":"Polygon","arcs":[[1450,1451,1452,-1111,-1428,-1363,-921,1453]],"properties":{"c":"57671"}},{"type":"Polygon","arcs":[[-287,-1450,-310,-375]],"properties":{"c":"57673"}},{"type":"Polygon","arcs":[[1454,-1454,-920,-1402,-805,1455,1456]],"properties":{"c":"57674"}},{"type":"Polygon","arcs":[[-1194,-1356,-1376,-901,-1373,-1323]],"properties":{"c":"57675"}},{"type":"Polygon","arcs":[[-770,-768,-925,-1304,-1399]],"properties":{"c":"57679"}},{"type":"Polygon","arcs":[[-959,1457,-1382,-1121,-1361,-1375,-1342]],"properties":{"c":"57685"}},{"type":"Polygon","arcs":[[-772,-1401,-329,-377,-283,-698]],"properties":{"c":"57686"}},{"type":"Polygon","arcs":[[-1404,-1446,-760,-1049,-1222,-1009,-929,-726]],"properties":{"c":"57695"}},{"type":"Polygon","arcs":[[-1208,-1234,-1248,-821,-754,-713,-1427]],"properties":{"c":"57698"}},{"type":"Polygon","arcs":[[-777,-878,-1403,-1140]],"properties":{"c":"57702"}},{"type":"Polygon","arcs":[[-1317,-1181,-996,-981,1458,-1321,-1074,-1172]],"properties":{"c":"57706"}},{"type":"Polygon","arcs":[[-842,-1335,-1268,-1372,-899,-1143,1459,1460,-851]],"properties":{"c":"57711"}},{"type":"Polygon","arcs":[[-1430,-849,-1368,1461]],"properties":{"c":"57712"}},{"type":"Polygon","arcs":[[-1115,-837,-795,1462,-927,-1108,-1189]],"properties":{"c":"57714"}},{"type":"Polygon","arcs":[[-1447,-1191,-1223,-1026,-905,1463]],"properties":{"c":"57718"}},{"type":"Polygon","arcs":[[-1423,-967,-247,-1118,-1383,-1458,-958]],"properties":{"c":"57723"}},{"type":"Polygon","arcs":[[-1266,-1284,-810,-1253,1464,-1460,-1142]],"properties":{"c":"57725"}},{"type":"Polygon","arcs":[[1465,-1024,-1225,-1232,-891,-1419]],"properties":{"c":"57726"}},{"type":"Polygon","arcs":[[-1456,-804,-1395,-781,-1298,-1083,1466]],"properties":{"c":"57727"}},{"type":"Polygon","arcs":[[-907,-1025,-1466,-1418]],"properties":{"c":"57728"}},{"type":"Polygon","arcs":[[-1432,-1204,1467]],"properties":{"c":"57746"}},{"type":"Polygon","arcs":[[1468,1469,-424,-118,-146,1470]],"properties":{"c":"57748"}},{"type":"Polygon","arcs":[[-1260,-1273,-1440,-1199,-1163,-1095]],"properties":{"c":"57752"}},{"type":"Polygon","arcs":[[-1052,1471,-1314,-1170,-1183,-1429,-1037]],"properties":{"c":"57753"}},{"type":"Polygon","arcs":[[-1369,-1311,-977,1472]],"properties":{"c":"57754"}},{"type":"Polygon","arcs":[[-1051,-1422,-1315,-1472]],"properties":{"c":"57759"}},{"type":"Polygon","arcs":[[-1470,1473,-1443,-422]],"properties":{"c":"57760"}},{"type":"Polygon","arcs":[[-859,-993,-1327,-928,-1463,-794,-1374]],"properties":{"c":"57762"}},{"type":"Polygon","arcs":[[-1459,-985,-1058,-1425,-788,-1319,-1322]],"properties":{"c":"57763"}},{"type":"Polygon","arcs":[[1474,-1389,1475,1476,1477,1478,1479]],"properties":{"c":"57003"}},{"type":"Polygon","arcs":[[1480,-1293,-1328,1481,1482]],"properties":{"c":"57034"}},{"type":"Polygon","arcs":[[-1366,-1407,1483,1484]],"properties":{"c":"57042"}},{"type":"Polygon","arcs":[[-1484,-1406,-1146,1485,1486,1487]],"properties":{"c":"57229"}},{"type":"Polygon","arcs":[[-1482,-1333,1488,-1384,1489,1490]],"properties":{"c":"57233"}},{"type":"Polygon","arcs":[[1491,1492,-1483,-1491,1493]],"properties":{"c":"57302"}},{"type":"Polygon","arcs":[[-1486,-1145,1494,1495]],"properties":{"c":"57342"}},{"type":"Polygon","arcs":[[-1386,-1348,1496,1497]],"properties":{"c":"57374"}},{"type":"Polygon","arcs":[[-1350,-1385,-1489,-1332]],"properties":{"c":"57380"}},{"type":"Polygon","arcs":[[-1487,-1496,1498,-1492,1499]],"properties":{"c":"57583"}},{"type":"Polygon","arcs":[[-1499,-1495,-1151,-1294,-1481,-1493]],"properties":{"c":"57611"}},{"type":"Polygon","arcs":[[1500,-1353,1501,-1480,1502,1503]],"properties":{"c":"57623"}},{"type":"Polygon","arcs":[[-1497,-1347,-1501,1504,1505,1506]],"properties":{"c":"57682"}},{"type":"Polygon","arcs":[[-1390,-1475,-1502,-1352]],"properties":{"c":"57697"}},{"type":"Polygon","arcs":[[-1388,-1213,1507,-1476]],"properties":{"c":"57734"}},{"type":"Polygon","arcs":[[1508,1509,1510,1511]],"properties":{"c":"57510"}},{"type":"Polygon","arcs":[[1512,1513,1514,1515]],"properties":{"c":"57737"}},{"type":"Polygon","arcs":[[1516,1517,1518,-1416,1519,1520]],"properties":{"c":"57037"}},{"type":"Polygon","arcs":[[1521,1522,1523,1524,1525]],"properties":{"c":"57021"}},{"type":"Polygon","arcs":[[1526,1527,1528,1529,1530]],"properties":{"c":"57030"}},{"type":"Polygon","arcs":[[1531,1532,1533,1534,1535]],"properties":{"c":"57140"}},{"type":"Polygon","arcs":[[1536,-1526,1537,1538,1539,1540,-1528]],"properties":{"c":"57153"}},{"type":"Polygon","arcs":[[1541,1542,1543,1544,1545,1546,1547]],"properties":{"c":"57256"}},{"type":"Polygon","arcs":[[-1530,1548,1549,1550,1551]],"properties":{"c":"57416"}},{"type":"Polygon","arcs":[[1552,1553,1554,1555,1556]],"properties":{"c":"57545"}},{"type":"Polygon","arcs":[[1557,1558,1559,1560,1561,1562]],"properties":{"c":"57693"}},{"type":"Polygon","arcs":[[-1278,1563,1564,1565,1566]],"properties":{"c":"57002"}},{"type":"Polygon","arcs":[[1567,1568,1569]],"properties":{"c":"57009"}},{"type":"Polygon","arcs":[[1570,1571,1572,1573,1574,1575]],"properties":{"c":"57010"}},{"type":"Polygon","arcs":[[1576,1577,1578,1579,1580,1581,1582,1583]],"properties":{"c":"57017"}},{"type":"Polygon","arcs":[[1584,1585,1586,1587,1588,1589,1590]],"properties":{"c":"57031"}},{"type":"Polygon","arcs":[[1591,-1545,1592,1593,-1524,1594]],"properties":{"c":"57032"}},{"type":"MultiPolygon","arcs":[[[1595,-1159,-1396,1596]],[[-1156,1597,-1564,-1277]]],"properties":{"c":"57036"}},{"type":"Polygon","arcs":[[1598,1599,1600,1601,1602,1603,-1539]],"properties":{"c":"57039"}},{"type":"MultiPolygon","arcs":[[[1604,1605,1606,-1568]],[[1607,1608,1609,1610]]],"properties":{"c":"57040"}},{"type":"Polygon","arcs":[[-1556,1611,1612,1613]],"properties":{"c":"57049"}},{"type":"Polygon","arcs":[[1614,-1448,-1464,-904,1615,1616]],"properties":{"c":"57055"}},{"type":"Polygon","arcs":[[1617,1618,-1520,-1415,1619,1620]],"properties":{"c":"57075"}},{"type":"Polygon","arcs":[[-1565,-1598,-1155,-1596,1621]],"properties":{"c":"57084"}},{"type":"Polygon","arcs":[[1622,1623,-1621,1624,1625,1626]],"properties":{"c":"57116"}},{"type":"Polygon","arcs":[[1627,1628,1629,1630,1631,-1583,1632,1633]],"properties":{"c":"57134"}},{"type":"Polygon","arcs":[[-1551,1634,1635,1636]],"properties":{"c":"57137"}},{"type":"Polygon","arcs":[[1637,1638,1639,1640,1641]],"properties":{"c":"57139"}},{"type":"Polygon","arcs":[[1642,1643,1644,1645,1646]],"properties":{"c":"57142"}},{"type":"Polygon","arcs":[[1647,-1562,1648,1649,1650,-1586]],"properties":{"c":"57145"}},{"type":"Polygon","arcs":[[-1603,1651,1652,1653,1654]],"properties":{"c":"57146"}},{"type":"Polygon","arcs":[[1655,1656,1657,1658,1659,1660,1661]],"properties":{"c":"57147"}},{"type":"Polygon","arcs":[[1662,1663,1664,-763,1665,1666,1667]],"properties":{"c":"57148"}},{"type":"Polygon","arcs":[[1668,1669,1670,1671]],"properties":{"c":"57156"}},{"type":"Polygon","arcs":[[-1606,1672,-1575,1673,1674,1675,-1611,1676]],"properties":{"c":"57158"}},{"type":"Polygon","arcs":[[-1652,-1602,1677,1678,1679,1680,-1662,1681]],"properties":{"c":"57162"}},{"type":"Polygon","arcs":[[-1675,1682,1683,-1457,-1467,-1082,1684]],"properties":{"c":"57171"}},{"type":"Polygon","arcs":[[1685,-1046,-758,1686,1687,1688,1689]],"properties":{"c":"57200"}},{"type":"Polygon","arcs":[[1690,1691,1692,1693,1694,1695]],"properties":{"c":"57204"}},{"type":"Polygon","arcs":[[-1540,-1604,-1655,1696]],"properties":{"c":"57212"}},{"type":"Polygon","arcs":[[1697,-1532,1698,1699,1700,-1680]],"properties":{"c":"57218"}},{"type":"Polygon","arcs":[[-1569,-1607,-1677,-1610,1701,1702]],"properties":{"c":"57228"}},{"type":"Polygon","arcs":[[1703,-1515,1704,1705,1706,-1571]],"properties":{"c":"57231"}},{"type":"Polygon","arcs":[[-1689,1707,1708]],"properties":{"c":"57249"}},{"type":"Polygon","arcs":[[1709,1710,1711,-1642,1712,1713,1714,1715]],"properties":{"c":"57251"}},{"type":"Polygon","arcs":[[1716,-1595,-1523,1717,1718]],"properties":{"c":"57254"}},{"type":"Polygon","arcs":[[1719,1720,-502,-1047,-1686]],"properties":{"c":"57307"}},{"type":"Polygon","arcs":[[-1538,-1525,-1594,1721,1722,-1599]],"properties":{"c":"57350"}},{"type":"Polygon","arcs":[[1723,-1590,1724]],"properties":{"c":"57351"}},{"type":"Polygon","arcs":[[1725,-1543,1726,1727,1728]],"properties":{"c":"57352"}},{"type":"Polygon","arcs":[[-1706,1729,1730,-1452,1731,1732]],"properties":{"c":"57354"}},{"type":"Polygon","arcs":[[-1588,1733,-1667,1734,1735,-1670,1736]],"properties":{"c":"57385"}},{"type":"Polygon","arcs":[[-1608,-1676,-1685,-1081,-1394,-1275,1737]],"properties":{"c":"57391"}},{"type":"Polygon","arcs":[[1738,-1616,-903,-1417,-1519]],"properties":{"c":"57392"}},{"type":"Polygon","arcs":[[-1634,1739,-1553,1740]],"properties":{"c":"57396"}},{"type":"Polygon","arcs":[[-1641,1741,1742,-1623,1743,-1713]],"properties":{"c":"57403"}},{"type":"Polygon","arcs":[[-1707,-1733,1744,-1572]],"properties":{"c":"57406"}},{"type":"Polygon","arcs":[[1745,-1613,1746,1747]],"properties":{"c":"57412"}},{"type":"Polygon","arcs":[[-1633,-1582,1748,1749,1750,-1554,-1740]],"properties":{"c":"57415"}},{"type":"Polygon","arcs":[[-1636,1751,1752,-1716,1753,1754,1755]],"properties":{"c":"57422"}},{"type":"Polygon","arcs":[[1756,1757,-1625,-1620,-1414,-952,1758]],"properties":{"c":"57425"}},{"type":"Polygon","arcs":[[1759,-761,-1445,-1615,1760]],"properties":{"c":"57431"}},{"type":"Polygon","arcs":[[-1702,-1609,-1738,-1274,1761,1762]],"properties":{"c":"57436"}},{"type":"Polygon","arcs":[[-1279,-1567,1763,-1762]],"properties":{"c":"57440"}},{"type":"Polygon","arcs":[[-1529,-1541,-1697,-1654,1764,-1660,1765,-1549]],"properties":{"c":"57445"}},{"type":"Polygon","arcs":[[1766,1767,1768,1769,-1678,-1601]],"properties":{"c":"57447"}},{"type":"Polygon","arcs":[[-1587,-1651,1770,-1668,-1734]],"properties":{"c":"57449"}},{"type":"Polygon","arcs":[[1771,1772,1773,-1643,1774,1775]],"properties":{"c":"57452"}},{"type":"Polygon","arcs":[[1776,-1725,-1589,-1737,-1669,1777,1778,1779,-1535]],"properties":{"c":"57454"}},{"type":"Polygon","arcs":[[-1769,1780,-1747,-1612,-1555,-1751,1781,-1776,1782,-1563,-1648,-1585,1783,1784]],"properties":{"c":"57463"}},{"type":"Polygon","arcs":[[1785,1786,-1560]],"properties":{"c":"57467"}},{"type":"Polygon","arcs":[[-1514,1787,-1757,1788,-1730,-1705]],"properties":{"c":"57472"}},{"type":"Polygon","arcs":[[1789,-1748,-1781,-1768,1790]],"properties":{"c":"57480"}},{"type":"Polygon","arcs":[[1791,-1511,1792,-1663,-1771,-1650]],"properties":{"c":"57482"}},{"type":"Polygon","arcs":[[1793,-1729,1794,-1629,1795,-1791,-1767,-1600,-1723]],"properties":{"c":"57487"}},{"type":"Polygon","arcs":[[1796,-1695,1797,-1512,-1792,-1649,-1561,-1787]],"properties":{"c":"57512"}},{"type":"Polygon","arcs":[[1798,-1718,-1522,-1537,-1527]],"properties":{"c":"57515"}},{"type":"Polygon","arcs":[[-1699,-1536,-1780,1799,-1639,1800]],"properties":{"c":"57527"}},{"type":"Polygon","arcs":[[-1754,-1715,1801,1802]],"properties":{"c":"57532"}},{"type":"Polygon","arcs":[[-1666,-762,-1760,1803,-1735]],"properties":{"c":"57533"}},{"type":"Polygon","arcs":[[-1784,-1591,-1724,-1777,-1534,1804]],"properties":{"c":"57534"}},{"type":"Polygon","arcs":[[1805,-1658,1806,1807,-1710,-1753]],"properties":{"c":"57547"}},{"type":"Polygon","arcs":[[-1742,-1640,-1800,-1779,1808,-1521,-1619,1809]],"properties":{"c":"57548"}},{"type":"Polygon","arcs":[[-1770,-1785,-1805,-1533,-1698,-1679]],"properties":{"c":"57552"}},{"type":"Polygon","arcs":[[-1682,-1661,-1765,-1653]],"properties":{"c":"57553"}},{"type":"MultiPolygon","arcs":[[[-1700,-1801,-1638,-1712,1810]],[[-1657,1811,-1807]]],"properties":{"c":"57554"}},{"type":"Polygon","arcs":[[1812,-1683,-1674,-1574]],"properties":{"c":"57559"}},{"type":"Polygon","arcs":[[-1510,1813,1814,-1708,-1688,1815,-1664,-1793]],"properties":{"c":"57575"}},{"type":"Polygon","arcs":[[-1717,1816,-1546,-1592]],"properties":{"c":"57578"}},{"type":"Polygon","arcs":[[1817,-1631,1818,-1727,-1542]],"properties":{"c":"57601"}},{"type":"Polygon","arcs":[[1819,1820,-1788,-1513,1821]],"properties":{"c":"57605"}},{"type":"Polygon","arcs":[[1822,-1693,1823,1824,1825,-1720,-1690,-1709,-1815]],"properties":{"c":"57607"}},{"type":"Polygon","arcs":[[-1775,-1647,1826,-1558,-1783]],"properties":{"c":"57616"}},{"type":"Polygon","arcs":[[-1803,1827,1828,1829,-1755]],"properties":{"c":"57617"}},{"type":"Polygon","arcs":[[-1728,-1819,-1630,-1795]],"properties":{"c":"57624"}},{"type":"Polygon","arcs":[[1830,-1671,-1736,-1804,-1761,-1617,-1739,-1518]],"properties":{"c":"57627"}},{"type":"Polygon","arcs":[[-1581,1831,1832,1833,-1749]],"properties":{"c":"57634"}},{"type":"Polygon","arcs":[[-1614,-1746,-1790,-1796,-1628,-1741,-1557]],"properties":{"c":"57642"}},{"type":"Polygon","arcs":[[1834,-1820,1835,-1829,1836]],"properties":{"c":"57643"}},{"type":"Polygon","arcs":[[-1798,-1694,-1823,-1814,-1509]],"properties":{"c":"57649"}},{"type":"Polygon","arcs":[[-1550,-1766,-1659,-1806,-1752,-1635]],"properties":{"c":"57652"}},{"type":"Polygon","arcs":[[-1810,-1618,-1624,-1743]],"properties":{"c":"57653"}},{"type":"Polygon","arcs":[[-1687,-757,-1665,-1816]],"properties":{"c":"57654"}},{"type":"Polygon","arcs":[[-1626,-1758,-1821,-1835,1837]],"properties":{"c":"57655"}},{"type":"Polygon","arcs":[[-1778,-1672,-1831,-1517,-1809]],"properties":{"c":"57656"}},{"type":"Polygon","arcs":[[-955,-1112,-1453,-1731,-1789,-1759]],"properties":{"c":"57676"}},{"type":"Polygon","arcs":[[-1559,-1827,-1646,1838,-1696,-1797,-1786]],"properties":{"c":"57694"}},{"type":"Polygon","arcs":[[-1593,-1544,-1726,-1794,-1722]],"properties":{"c":"57701"}},{"type":"Polygon","arcs":[[-1548,1839,-1584,-1632,-1818]],"properties":{"c":"57707"}},{"type":"Polygon","arcs":[[-1681,-1701,-1811,-1711,-1808,-1812,-1656]],"properties":{"c":"57708"}},{"type":"Polygon","arcs":[[-1627,-1838,-1837,-1828,-1802,-1714,-1744]],"properties":{"c":"57715"}},{"type":"Polygon","arcs":[[-1834,1840,1841,1842,1843,1844,1845,-1772,-1782,-1750]],"properties":{"c":"57751"}},{"type":"Polygon","arcs":[[-1573,-1745,-1732,-1451,-1455,-1684,-1813]],"properties":{"c":"57755"}},{"type":"Polygon","arcs":[[-1444,-744,-434,-203,1846,-1211,-1238]],"properties":{"c":"57113"}},{"type":"Polygon","arcs":[[1847,1848,1849,-201,-433,1850,1851,1852,1853,1854]],"properties":{"c":"57163"}},{"type":"Polygon","arcs":[[1855,1856,-1849,1857]],"properties":{"c":"57298"}},{"type":"Polygon","arcs":[[1858,-1850,-1857]],"properties":{"c":"57334"}},{"type":"Polygon","arcs":[[-1212,-1847,-202,-1859,-1856,1859,-1477,-1508]],"properties":{"c":"57680"}},{"type":"Polygon","arcs":[[-1860,-1858,-1848,1860,1861,-1478]],"properties":{"c":"57742"}},{"type":"Polygon","arcs":[[-432,-437,-429,1862,-1851]],"properties":{"c":"57300"}},{"type":"Polygon","arcs":[[1863,1864,1865,-643,1866,1867]],"properties":{"c":"57704"}},{"type":"Polygon","arcs":[[1868,1869,1870,-628,1871,-611,1872]],"properties":{"c":"57364"}},{"type":"Polygon","arcs":[[1873,1874,1875]],"properties":{"c":"57647"}},{"type":"Polygon","arcs":[[1876,1877,1878,1879,1880]],"properties":{"c":"57001"}},{"type":"MultiPolygon","arcs":[[[1881,1882,1883,1884,1885,1886,1887]],[[1888,1889,1890,1891,1892,1893]]],"properties":{"c":"57019"}},{"type":"Polygon","arcs":[[1894,1895,-1879,1896,1897]],"properties":{"c":"57072"}},{"type":"Polygon","arcs":[[1898,1899,1900,1901,1902]],"properties":{"c":"57102"}},{"type":"Polygon","arcs":[[1903,-659,-632,-585,-498]],"properties":{"c":"57121"}},{"type":"Polygon","arcs":[[1904,1905,1906,1907,1908]],"properties":{"c":"57125"}},{"type":"Polygon","arcs":[[1909,1910,1911]],"properties":{"c":"57203"}},{"type":"Polygon","arcs":[[1912,1913,-1876,1914,1915,1916,1917,1918]],"properties":{"c":"57206"}},{"type":"Polygon","arcs":[[1919,1920,1921,1922,1923,-1843,1924,1925]],"properties":{"c":"57211"}},{"type":"Polygon","arcs":[[1926,1927,-1895,1928,-1906,1929]],"properties":{"c":"57219"}},{"type":"Polygon","arcs":[[1930,-1883,1931,-1918]],"properties":{"c":"57242"}},{"type":"Polygon","arcs":[[1932,1933,1934,1935,-1845]],"properties":{"c":"57303"}},{"type":"Polygon","arcs":[[1936,-1899,1937,1938,-1885]],"properties":{"c":"57474"}},{"type":"Polygon","arcs":[[1939,1940,1941]],"properties":{"c":"57475"}},{"type":"Polygon","arcs":[[1942,-1889,1943,1944,1945]],"properties":{"c":"57481"}},{"type":"Polygon","arcs":[[1946,1947,1948,1949,-1890,-1943,1950]],"properties":{"c":"57491"}},{"type":"Polygon","arcs":[[1951,1952,1953,1954,1955]],"properties":{"c":"57508"}},{"type":"Polygon","arcs":[[-1580,1956,-1925,-1842,1957,-1832]],"properties":{"c":"57511"}},{"type":"Polygon","arcs":[[-1892,1958,1959]],"properties":{"c":"57543"}},{"type":"Polygon","arcs":[[-1958,-1841,-1833]],"properties":{"c":"57546"}},{"type":"Polygon","arcs":[[1960,-1941,1961,1962,1963]],"properties":{"c":"57557"}},{"type":"Polygon","arcs":[[1964,1965,-1913,1966,1967,-1948,1968]],"properties":{"c":"57562"}},{"type":"Polygon","arcs":[[-1950,1969,1970,1971,-1888,1972,-1959,-1891]],"properties":{"c":"57591"}},{"type":"Polygon","arcs":[[-1944,-1894,1973,1974,-1920,1975,1976]],"properties":{"c":"57593"}},{"type":"Polygon","arcs":[[-1970,-1949,-1968,1977,1978]],"properties":{"c":"57597"}},{"type":"Polygon","arcs":[[-1902,1979,1980,1981,1982,1983]],"properties":{"c":"57602"}},{"type":"Polygon","arcs":[[-1897,-1878,1984,-599,-658,-1904,-497,1985,1986]],"properties":{"c":"57612"}},{"type":"Polygon","arcs":[[-1945,-1977,1987,-1578,1988]],"properties":{"c":"57620"}},{"type":"Polygon","arcs":[[-1988,-1976,-1926,-1957,-1579]],"properties":{"c":"57622"}},{"type":"Polygon","arcs":[[1989,1990,1991,-1824,-1692]],"properties":{"c":"57626"}},{"type":"Polygon","arcs":[[1992,-1923,1993]],"properties":{"c":"57645"}},{"type":"Polygon","arcs":[[1994,1995,1996,1997,-1934]],"properties":{"c":"57663"}},{"type":"Polygon","arcs":[[-1907,-1929,-1898,-1987,1998,-1825,-1992,1999]],"properties":{"c":"57716"}},{"type":"Polygon","arcs":[[-1999,-1986,-496,-1721,-1826]],"properties":{"c":"57736"}},{"type":"Polygon","arcs":[[2000,2001,-1953,2002]],"properties":{"c":"57012"}},{"type":"Polygon","arcs":[[2003,2004,2005,2006,-2001,2007]],"properties":{"c":"57022"}},{"type":"Polygon","arcs":[[-1908,-2000,-1991,2008,2009]],"properties":{"c":"57024"}},{"type":"Polygon","arcs":[[2010,2011,-1870,2012,2013]],"properties":{"c":"57026"}},{"type":"Polygon","arcs":[[-1846,-1936,2014,-1909,-2010,2015,2016,-1773]],"properties":{"c":"57028"}},{"type":"Polygon","arcs":[[2017,2018,2019,2020,2021]],"properties":{"c":"57038"}},{"type":"Polygon","arcs":[[-2021,2022,2023,2024,2025]],"properties":{"c":"57041"}},{"type":"Polygon","arcs":[[-1997,2026,-1938,-1903,-1984,2027,2028]],"properties":{"c":"57043"}},{"type":"Polygon","arcs":[[2029,2030,2031,2032]],"properties":{"c":"57062"}},{"type":"Polygon","arcs":[[2033,2034,2035,2036,2037,2038]],"properties":{"c":"57067"}},{"type":"Polygon","arcs":[[2039,2040,2041,-1963,2042,2043]],"properties":{"c":"57076"}},{"type":"Polygon","arcs":[[-2025,2044,2045,2046,2047]],"properties":{"c":"57096"}},{"type":"Polygon","arcs":[[2048,2049,2050,2051]],"properties":{"c":"57104"}},{"type":"Polygon","arcs":[[-2049,2052,2053,2054,2055]],"properties":{"c":"57109"}},{"type":"Polygon","arcs":[[2056,-1921,-1975]],"properties":{"c":"57111"}},{"type":"Polygon","arcs":[[2057,2058,2059,2060,-1864,2061,2062]],"properties":{"c":"57117"}},{"type":"Polygon","arcs":[[2063,2064,-1865,-2061]],"properties":{"c":"57118"}},{"type":"Polygon","arcs":[[2065,-2050,-2056,2066,2067,2068,2069,2070,2071,2072]],"properties":{"c":"57124"}},{"type":"Polygon","arcs":[[-2016,-2009,-1990,-1691,-1839,-1645,2073]],"properties":{"c":"57129"}},{"type":"Polygon","arcs":[[-1979,2074,-1971]],"properties":{"c":"57143"}},{"type":"Polygon","arcs":[[2075,2076,2077,2078]],"properties":{"c":"57152"}},{"type":"Polygon","arcs":[[2079,-636,-508,2080,2081]],"properties":{"c":"57167"}},{"type":"Polygon","arcs":[[2082,2083,2084,2085,2086,2087]],"properties":{"c":"57179"}},{"type":"Polygon","arcs":[[2088,-2081,-507,-597,-1985,-1877]],"properties":{"c":"57186"}},{"type":"Polygon","arcs":[[-2085,2089,2090,2091,2092]],"properties":{"c":"57191"}},{"type":"Polygon","arcs":[[-1998,-2029,2093,-1930,-1905,-2015,-1935]],"properties":{"c":"57193"}},{"type":"Polygon","arcs":[[2094,2095,2096,2097]],"properties":{"c":"57194"}},{"type":"Polygon","arcs":[[2098,2099,-2095,2100,-2006,2101]],"properties":{"c":"57199"}},{"type":"Polygon","arcs":[[2102,-2041,2103,-2068]],"properties":{"c":"57214"}},{"type":"Polygon","arcs":[[-1875,2104,2105,2106,2107,2108,2109,-1915]],"properties":{"c":"57221"}},{"type":"Polygon","arcs":[[2110,2111,-2047,2112,-2008,-2003,-1952,2113,2114]],"properties":{"c":"57226"}},{"type":"Polygon","arcs":[[-2069,-2104,-2040,2115,-2032,2116]],"properties":{"c":"57245"}},{"type":"Polygon","arcs":[[2117,-2038,2118,-1980,-1901,2119]],"properties":{"c":"57269"}},{"type":"Polygon","arcs":[[2120,-1911,2121,2122]],"properties":{"c":"57282"}},{"type":"Polygon","arcs":[[-1886,-1939,-2027,-1996,2123,2124]],"properties":{"c":"57283"}},{"type":"Polygon","arcs":[[2125,-2072,2126,2127,2128,2129,2130]],"properties":{"c":"57287"}},{"type":"Polygon","arcs":[[-2004,-2113,-2046,2131,2132]],"properties":{"c":"57305"}},{"type":"Polygon","arcs":[[-1955,2133,-2105,-1874,-1914,-1966,2134,2135]],"properties":{"c":"57306"}},{"type":"Polygon","arcs":[[2136,2137,2138,-2051,-2066,2139,2140,2141,-2097]],"properties":{"c":"57323"}},{"type":"Polygon","arcs":[[2142,2143,2144,2145,-2082,-2089,-1881,2146]],"properties":{"c":"57331"}},{"type":"Polygon","arcs":[[2147,2148,2149]],"properties":{"c":"57341"}},{"type":"Polygon","arcs":[[2150,2151,-2034,2152,-2109]],"properties":{"c":"57343"}},{"type":"Polygon","arcs":[[-2093,2153,-2064,-2060,2154,-2086]],"properties":{"c":"57345"}},{"type":"Polygon","arcs":[[2155,2156,-2137,-2096,-2100]],"properties":{"c":"57356"}},{"type":"Polygon","arcs":[[-2063,2157,-2144,2158]],"properties":{"c":"57358"}},{"type":"Polygon","arcs":[[2159,-1867,-642,-670,-634,-2080,-2146]],"properties":{"c":"57359"}},{"type":"Polygon","arcs":[[2160,-2150,2161,2162,2163,-615,-616,-640,2164]],"properties":{"c":"57361"}},{"type":"Polygon","arcs":[[-2158,-2062,-1868,-2160,-2145]],"properties":{"c":"57367"}},{"type":"Polygon","arcs":[[-2114,-1956,-2136,2165]],"properties":{"c":"57368"}},{"type":"Polygon","arcs":[[-2127,-2071,2166,2167,-2091,2168]],"properties":{"c":"57370"}},{"type":"Polygon","arcs":[[-2116,-2044,2169,-2077,2170,-2033]],"properties":{"c":"57371"}},{"type":"Polygon","arcs":[[2171,-2129,2172,-2083]],"properties":{"c":"57372"}},{"type":"Polygon","arcs":[[2173,-2111,2174]],"properties":{"c":"57411"}},{"type":"Polygon","arcs":[[-1928,2175,-1982,2176,2177,-2147,-1880,-1896]],"properties":{"c":"57426"}},{"type":"Polygon","arcs":[[2178,-2124,-1995,-1933,-1844,-1924,-1993]],"properties":{"c":"57433"}},{"type":"Polygon","arcs":[[-2070,-2117,-2031,2179,-2148,-2161,2180,-2167]],"properties":{"c":"57437"}},{"type":"Polygon","arcs":[[-1774,-2017,-2074,-1644]],"properties":{"c":"57438"}},{"type":"Polygon","arcs":[[-2131,2181,2182,-2141,2183]],"properties":{"c":"57441"}},{"type":"Polygon","arcs":[[-1960,-1973,-1887,-2125,-2179,-1994,-1922,-2057,-1974,-1893]],"properties":{"c":"57443"}},{"type":"Polygon","arcs":[[2184,-629,-1871,-2012]],"properties":{"c":"57459"}},{"type":"Polygon","arcs":[[2185,2186,-2058,-2159,-2143,-2178]],"properties":{"c":"57464"}},{"type":"Polygon","arcs":[[2187,-2087,-2155,-2059,-2187,2188]],"properties":{"c":"57465"}},{"type":"Polygon","arcs":[[2189,2190,-1873,-610,-2164]],"properties":{"c":"57479"}},{"type":"Polygon","arcs":[[2191,2192,-1969,-1947]],"properties":{"c":"57492"}},{"type":"Polygon","arcs":[[-2135,-1965,-2193,2193,-2175,-2115,-2166]],"properties":{"c":"57498"}},{"type":"Polygon","arcs":[[-2020,2194,2195,2196,2197,-2023]],"properties":{"c":"57529"}},{"type":"Polygon","arcs":[[-2092,-2168,-2181,-2165,-639,-1866,-2065,-2154]],"properties":{"c":"57531"}},{"type":"Polygon","arcs":[[2198,2199]],"properties":{"c":"57565"}},{"type":"Polygon","arcs":[[-1910,2200,-1942,-1961,2201,-2054,2202,2203,-2122]],"properties":{"c":"57574"}},{"type":"Polygon","arcs":[[-2180,-2030,-2171,-2076,2204,-2162,-2149]],"properties":{"c":"57576"}},{"type":"Polygon","arcs":[[-1931,-1917,2205,-2120,-1900,-1937,-1884]],"properties":{"c":"57582"}},{"type":"Polygon","arcs":[[-2133,2206,-2197,2207,-2102,-2005]],"properties":{"c":"57586"}},{"type":"Polygon","arcs":[[-2055,-2202,-1964,-2042,-2103,-2067]],"properties":{"c":"57588"}},{"type":"Polygon","arcs":[[2208,-2203,-2053,-2052,-2139]],"properties":{"c":"57600"}},{"type":"Polygon","arcs":[[2209,-2018,2210,-2199]],"properties":{"c":"57603"}},{"type":"Polygon","arcs":[[-2013,-1869,-2191,2211]],"properties":{"c":"57604"}},{"type":"Polygon","arcs":[[-2205,-2079,2212,-2014,-2212,-2190,-2163]],"properties":{"c":"57650"}},{"type":"Polygon","arcs":[[2213,-2107]],"properties":{"c":"57666"}},{"type":"MultiPolygon","arcs":[[[-2106,-2134,-1954,-2002,-2007,-2101,-2098,-2142,-2183,2214,-2151,-2108,-2214]],[[-2184,-2140,-2073,-2126]]],"properties":{"c":"57672"}},{"type":"Polygon","arcs":[[-1983,-2176,-1927,-2094,-2028]],"properties":{"c":"57677"}},{"type":"Polygon","arcs":[[-2045,-2024,-2198,-2207,-2132]],"properties":{"c":"57678"}},{"type":"Polygon","arcs":[[-1916,-2110,-2153,-2039,-2118,-2206]],"properties":{"c":"57683"}},{"type":"Polygon","arcs":[[-2169,-2090,-2084,-2173,-2128]],"properties":{"c":"57689"}},{"type":"Polygon","arcs":[[-1978,-1967,-1919,-1932,-1882,-1972,-2075]],"properties":{"c":"57724"}},{"type":"Polygon","arcs":[[2215,2216,-2156,-2099,-2208,-2196]],"properties":{"c":"57731"}},{"type":"Polygon","arcs":[[-2119,-2037,2217,-2189,-2186,-2177,-1981]],"properties":{"c":"57733"}},{"type":"Polygon","arcs":[[-2215,-2182,-2130,-2172,2218,-2035,-2152]],"properties":{"c":"57757"}},{"type":"Polygon","arcs":[[2219,-2123,-2204,-2209,-2138,-2157,-2217]],"properties":{"c":"57764"}},{"type":"Polygon","arcs":[[-2219,-2088,-2188,-2218,-2036]],"properties":{"c":"57767"}},{"type":"Polygon","arcs":[[2220,2221,2222,2223,2224]],"properties":{"c":"67035"}},{"type":"Polygon","arcs":[[2225,2226,2227,2228,2229,2230,2231,2232]],"properties":{"c":"67153"}},{"type":"Polygon","arcs":[[2233,2234,2235,2236,2237,2238,2239,2240,2241]],"properties":{"c":"67301"}},{"type":"Polygon","arcs":[[2242,2243,2244,2245,2246]],"properties":{"c":"67304"}},{"type":"Polygon","arcs":[[2247,2248,2249,-2222]],"properties":{"c":"67540"}},{"type":"Polygon","arcs":[[2250,2251,2252,2253,2254]],"properties":{"c":"67172"}},{"type":"Polygon","arcs":[[2255,2256,2257,2258,2259,2260,2261]],"properties":{"c":"67514"}},{"type":"Polygon","arcs":[[2262,2263,2264,-2257,2265]],"properties":{"c":"67095"}},{"type":"Polygon","arcs":[[2266,2267,2268,2269,2270,2271]],"properties":{"c":"67105"}},{"type":"Polygon","arcs":[[-2265,2272,-61,2273,-2258]],"properties":{"c":"67385"}},{"type":"Polygon","arcs":[[2274,2275,2276,2277,2278]],"properties":{"c":"67238"}},{"type":"Polygon","arcs":[[-2276,2279,2280,2281,2282,2283,2284,2285]],"properties":{"c":"67498"}},{"type":"Polygon","arcs":[[2286,2287,2288,2289,2290]],"properties":{"c":"67039"}},{"type":"Polygon","arcs":[[2291,2292,-2289]],"properties":{"c":"67100"}},{"type":"Polygon","arcs":[[2293,2294,2295,2296,2297,2298,2299]],"properties":{"c":"67107"}},{"type":"Polygon","arcs":[[2300,2301,2302,2303,2304,2305]],"properties":{"c":"67109"}},{"type":"Polygon","arcs":[[2306,2307,2308,2309]],"properties":{"c":"67119"}},{"type":"Polygon","arcs":[[2310,2311,2312,2313,2314,2315]],"properties":{"c":"67136"}},{"type":"Polygon","arcs":[[2316,2317,-8,2318,2319]],"properties":{"c":"67201"}},{"type":"Polygon","arcs":[[2320,-2296,2321,2322,2323,2324,2325,2326,2327]],"properties":{"c":"67202"}},{"type":"Polygon","arcs":[[2328,2329,2330,-2297,-2321]],"properties":{"c":"67209"}},{"type":"Polygon","arcs":[[2331,2332,-2244,2333,2334,2335,2336,2337]],"properties":{"c":"67215"}},{"type":"Polygon","arcs":[[2338,2339,-2301]],"properties":{"c":"67236"}},{"type":"Polygon","arcs":[[2340,2341,2342,2343,2344]],"properties":{"c":"67245"}},{"type":"Polygon","arcs":[[-2319,-7,-106,-1242,2345,2346]],"properties":{"c":"67386"}},{"type":"Polygon","arcs":[[2347,2348,2349,2350,-2341]],"properties":{"c":"67556"}},{"type":"Polygon","arcs":[[-148,-389,-126,2351,2352,2353,2354]],"properties":{"c":"67088"}},{"type":"Polygon","arcs":[[2355,2356,2357,2358,-2260]],"properties":{"c":"67522"}},{"type":"Polygon","arcs":[[2359,2360,2361,2362,2363,2364,2365,2366]],"properties":{"c":"67135"}},{"type":"Polygon","arcs":[[2367,2368,2369,2370,-384]],"properties":{"c":"67353"}},{"type":"Polygon","arcs":[[2371,2372,-2262,2373,2374]],"properties":{"c":"67002"}},{"type":"Polygon","arcs":[[2375,2376,2377,2378,2379,2380]],"properties":{"c":"67550"}},{"type":"Polygon","arcs":[[2381,2382,-2360,2383,2384,2385,-2226]],"properties":{"c":"67270"}},{"type":"Polygon","arcs":[[2386,-2247,2387,2388,2389]],"properties":{"c":"67328"}},{"type":"Polygon","arcs":[[2390,2391,-2279,2392,2393,-2389,2394,-2364]],"properties":{"c":"67372"}},{"type":"Polygon","arcs":[[2395,2396,-2335,2397]],"properties":{"c":"67497"}},{"type":"Polygon","arcs":[[2398,2399,2400,2401,2402,2403,2404,2405]],"properties":{"c":"67473"}},{"type":"Polygon","arcs":[[-2405,2406,2407,2408]],"properties":{"c":"67085"}},{"type":"Polygon","arcs":[[-2409,2409,2410,2411,2412,2413,-2406]],"properties":{"c":"67030"}},{"type":"Polygon","arcs":[[2414,2415,2416,2417,2418]],"properties":{"c":"67269"}},{"type":"Polygon","arcs":[[2419,2420,2421,2422,2423]],"properties":{"c":"67149"}},{"type":"Polygon","arcs":[[2424,2425,2426,2427,2428,2429,2430,2431]],"properties":{"c":"67054"}},{"type":"Polygon","arcs":[[-2345,2432,2433,2434,2435,2436,2437,-2348]],"properties":{"c":"67527"}},{"type":"Polygon","arcs":[[2438,2439,2440,2441,2442,2443,2444,2445]],"properties":{"c":"67004"}},{"type":"Polygon","arcs":[[-2424,2446,2447,-2415,2448,2449]],"properties":{"c":"67006"}},{"type":"Polygon","arcs":[[2450,-2270,2451,2452,2453,2454]],"properties":{"c":"67013"}},{"type":"Polygon","arcs":[[2455,-2352,-125,-62,-2273,-2264]],"properties":{"c":"67072"}},{"type":"Polygon","arcs":[[2456,2457,2458,2459,2460,2461]],"properties":{"c":"67089"}},{"type":"Polygon","arcs":[[2462,2463,-2439]],"properties":{"c":"67096"}},{"type":"Polygon","arcs":[[-128,-417,2464,2465,2466,2467,2468,2469,2470]],"properties":{"c":"67117"}},{"type":"Polygon","arcs":[[2471,2472,2473,2474]],"properties":{"c":"67129"}},{"type":"Polygon","arcs":[[2475,-2449,-2419,2476,2477,2478]],"properties":{"c":"67145"}},{"type":"Polygon","arcs":[[2479,2480,2481,2482,2483]],"properties":{"c":"67161"}},{"type":"Polygon","arcs":[[2484,-2459,2485,2486,-2229,2487]],"properties":{"c":"67162"}},{"type":"Polygon","arcs":[[2488,-1852,-1863,-428,-91,-130,2489,-2484,2490]],"properties":{"c":"67179"}},{"type":"Polygon","arcs":[[2491,2492,2493,2494,-2486,-2458]],"properties":{"c":"67185"}},{"type":"Polygon","arcs":[[-2463,-2446,2495,2496]],"properties":{"c":"67190"}},{"type":"Polygon","arcs":[[2497,-2436,2498,2499]],"properties":{"c":"67244"}},{"type":"Polygon","arcs":[[-2478,2500,2501,2502,-2349,-2438,2503]],"properties":{"c":"67258"}},{"type":"Polygon","arcs":[[2504,2505,2506,-2499,-2435,2507]],"properties":{"c":"67272"}},{"type":"Polygon","arcs":[[-2461,2508,2509,-2416,-2448,2510]],"properties":{"c":"67275"}},{"type":"Polygon","arcs":[[2511,-2479,-2504,-2437,-2498]],"properties":{"c":"67279"}},{"type":"Polygon","arcs":[[2512,2513,-2482,2514,2515,-2505,2516,-2440,-2464,-2497]],"properties":{"c":"67283"}},{"type":"Polygon","arcs":[[2517,2518,2519,-2468]],"properties":{"c":"67302"}},{"type":"Polygon","arcs":[[-2470,2520]],"properties":{"c":"67366"}},{"type":"Polygon","arcs":[[2521,-2515,-2481,2522]],"properties":{"c":"67367"}},{"type":"Polygon","arcs":[[2523,2524,-2271,-2451,2525]],"properties":{"c":"67369"}},{"type":"Polygon","arcs":[[2526,-2230,-2487,-2495]],"properties":{"c":"67380"}},{"type":"Polygon","arcs":[[2527,-2513,-2496,2528,-1853,-2489]],"properties":{"c":"67391"}},{"type":"Polygon","arcs":[[-2517,-2508,-2434,2529,-2441]],"properties":{"c":"67395"}},{"type":"Polygon","arcs":[[-2501,-2477,-2418,2530,-2294,2531]],"properties":{"c":"67423"}},{"type":"Polygon","arcs":[[2532,-2473,2533,-2518,-2467]],"properties":{"c":"67425"}},{"type":"Polygon","arcs":[[-2523,-2480,-2490,-129,-2471,-2521,-2469,-2520,2534,-2422,2535]],"properties":{"c":"67437"}},{"type":"Polygon","arcs":[[-2536,-2421,2536,-2506,-2516,-2522]],"properties":{"c":"67459"}},{"type":"Polygon","arcs":[[2537,-2272,-2525,2538,2539,-401,-410,-391]],"properties":{"c":"67467"}},{"type":"Polygon","arcs":[[2540,-2519,-2534,-2472,2541,-2492,-2457]],"properties":{"c":"67478"}},{"type":"Polygon","arcs":[[-2514,-2528,-2491,-2483]],"properties":{"c":"67489"}},{"type":"Polygon","arcs":[[-2462,-2511,-2447,-2423,-2535,-2541]],"properties":{"c":"67515"}},{"type":"Polygon","arcs":[[-2500,-2507,-2537,-2420,-2450,-2476,-2512]],"properties":{"c":"67553"}},{"type":"Polygon","arcs":[[2542,2543,2544,2545,-2316,2546]],"properties":{"c":"67029"}},{"type":"Polygon","arcs":[[2547,-2239,2548,2549]],"properties":{"c":"67249"}},{"type":"Polygon","arcs":[[2550,2551,-2544,2552,-2372]],"properties":{"c":"67396"}},{"type":"Polygon","arcs":[[2553,2554,2555,2556,-2237]],"properties":{"c":"67510"}},{"type":"Polygon","arcs":[[2557,2558,2559,2560,2561,-2251]],"properties":{"c":"67008"}},{"type":"Polygon","arcs":[[2562,-2223,-2250,2563,2564,2565,2566,-2555]],"properties":{"c":"67023"}},{"type":"Polygon","arcs":[[-2557,2567,2568,-2549,-2238]],"properties":{"c":"67033"}},{"type":"Polygon","arcs":[[-2393,-2278,2569,2570,2571]],"properties":{"c":"67048"}},{"type":"Polygon","arcs":[[-2290,-2293,2572,-2550,-2569,2573,2574,2575,2576,2577,-2310,2578]],"properties":{"c":"67067"}},{"type":"Polygon","arcs":[[-2375,2579,-2452,-2269,2580,-2551]],"properties":{"c":"67111"}},{"type":"Polygon","arcs":[[-2554,-2236,2581,-2224,-2563]],"properties":{"c":"67203"}},{"type":"Polygon","arcs":[[2582,2583,-2353,-2456,-2263,2584]],"properties":{"c":"67274"}},{"type":"Polygon","arcs":[[-2274,-67,2585,2586,-2356,-2259]],"properties":{"c":"67509"}},{"type":"Polygon","arcs":[[2587,2588,-2545,-2552,-2581,-2268]],"properties":{"c":"67036"}},{"type":"Polygon","arcs":[[2589,-402,-2540,2590]],"properties":{"c":"67071"}},{"type":"Polygon","arcs":[[-2387,2591,2592,-2398,-2334,-2243]],"properties":{"c":"67087"}},{"type":"Polygon","arcs":[[2593,2594,2595,-2583,2596]],"properties":{"c":"67099"}},{"type":"Polygon","arcs":[[-2277,-2286,2597,2598,2599,-2570]],"properties":{"c":"67123"}},{"type":"Polygon","arcs":[[-2336,-2397,2600,-2248,-2221,2601]],"properties":{"c":"67359"}},{"type":"Polygon","arcs":[[-2568,-2556,-2567,2602,2603,-2574]],"properties":{"c":"67417"}},{"type":"Polygon","arcs":[[2604,2605,-2326,2606,-2385]],"properties":{"c":"67058"}},{"type":"Polygon","arcs":[[2607,2608,2609,2610]],"properties":{"c":"67132"}},{"type":"Polygon","arcs":[[2611,2612,2613,2614,2615]],"properties":{"c":"67141"}},{"type":"Polygon","arcs":[[2616,2617,2618,2619,-2381]],"properties":{"c":"67147"}},{"type":"Polygon","arcs":[[2620,-2366,2621,-2245,-2333]],"properties":{"c":"67166"}},{"type":"Polygon","arcs":[[2622,2623,2624,2625,-2608]],"properties":{"c":"67186"}},{"type":"Polygon","arcs":[[-2295,-2531,-2417,-2510,2626,2627,-2322]],"properties":{"c":"67220"}},{"type":"Polygon","arcs":[[2628,2629,-2382,-2233,2630]],"properties":{"c":"67225"}},{"type":"Polygon","arcs":[[2631,2632,-2575,-2604]],"properties":{"c":"67250"}},{"type":"Polygon","arcs":[[-2620,2633,2634,2635,-2376]],"properties":{"c":"67259"}},{"type":"Polygon","arcs":[[-2611,2636,-2615,-2623]],"properties":{"c":"67260"}},{"type":"Polygon","arcs":[[-2323,-2628,2637,-2488,-2228,2638,2639]],"properties":{"c":"67287"}},{"type":"Polygon","arcs":[[-2614,2640,-2617,-2380,2641,2642,-2624]],"properties":{"c":"67303"}},{"type":"Polygon","arcs":[[2643,-2329,-2328,2644]],"properties":{"c":"67312"}},{"type":"Polygon","arcs":[[2645,-2369,2646]],"properties":{"c":"67334"}},{"type":"Polygon","arcs":[[-2640,2647,-2324]],"properties":{"c":"67444"}},{"type":"Polygon","arcs":[[-2242,2648,-2645,-2327,-2606,2649,2650]],"properties":{"c":"67460"}},{"type":"Polygon","arcs":[[-2649,-2241,2651,-2330,-2644]],"properties":{"c":"67516"}},{"type":"Polygon","arcs":[[-2648,-2639,-2227,-2386,-2607,-2325]],"properties":{"c":"67530"}},{"type":"Polygon","arcs":[[-2485,-2638,-2627,-2509,-2460]],"properties":{"c":"67534"}},{"type":"Polygon","arcs":[[-2652,-2240,-2548,-2573,-2292,-2288,2652,2653,2654,-2298,-2331]],"properties":{"c":"67539"}},{"type":"Polygon","arcs":[[-2337,-2602,-2225,-2582,-2235,2655]],"properties":{"c":"67546"}},{"type":"Polygon","arcs":[[2656,-2650,-2605,-2384,-2367,-2621,-2332]],"properties":{"c":"67005"}},{"type":"Polygon","arcs":[[-2340,2657,-2654,2658,2659,-2308,2660,2661,2662,2663,-2302]],"properties":{"c":"67034"}},{"type":"Polygon","arcs":[[-2306,2664,-2299,-2655,-2658,-2339]],"properties":{"c":"67163"}},{"type":"Polygon","arcs":[[-2589,2665,-2311,-2546]],"properties":{"c":"67178"}},{"type":"Polygon","arcs":[[2666,-2597,-2585,-2266,-2256,-2373,-2553,2667]],"properties":{"c":"67278"}},{"type":"Polygon","arcs":[[-2338,-2656,-2234,-2651,-2657]],"properties":{"c":"67293"}},{"type":"Polygon","arcs":[[2668,-2659,-2653,-2287]],"properties":{"c":"67298"}},{"type":"Polygon","arcs":[[-2291,-2579,-2309,-2660,-2669]],"properties":{"c":"67361"}},{"type":"Polygon","arcs":[[-2532,-2300,-2665,-2305,2669,-2502]],"properties":{"c":"67406"}},{"type":"Polygon","arcs":[[-2668,-2543,2670,2671]],"properties":{"c":"67488"}},{"type":"Polygon","arcs":[[-2267,-2538,-390,-1,-2318,2672,-2312,-2666,-2588]],"properties":{"c":"67528"}},{"type":"Polygon","arcs":[[2673,2674,2675,2676]],"properties":{"c":"67121"}},{"type":"Polygon","arcs":[[2677,2678,2679,2680,2681,2682]],"properties":{"c":"67277"}},{"type":"Polygon","arcs":[[2683,2684,2685,2686,2687,-2679,2688,-2674]],"properties":{"c":"67360"}},{"type":"Polygon","arcs":[[-2361,-2383,-2630,2689,2690,2691]],"properties":{"c":"67403"}},{"type":"Polygon","arcs":[[2692,2693,2694,2695,2696]],"properties":{"c":"67044"}},{"type":"Polygon","arcs":[[-2681,2697,2698]],"properties":{"c":"67056"}},{"type":"Polygon","arcs":[[-2631,-2232,2699,2700]],"properties":{"c":"67057"}},{"type":"Polygon","arcs":[[2701,2702,2703,2704,2705,2706,2707,-2700,-2231,-2527,-2494,2708]],"properties":{"c":"67061"}},{"type":"Polygon","arcs":[[2709,-2362,-2692,2710]],"properties":{"c":"67068"}},{"type":"Polygon","arcs":[[-385,-2371,2711,2712,2713,-54]],"properties":{"c":"67083"}},{"type":"Polygon","arcs":[[-2475,2714,-2709,-2493,-2542]],"properties":{"c":"67103"}},{"type":"Polygon","arcs":[[2715,2716,2717,2718,2719]],"properties":{"c":"67126"}},{"type":"Polygon","arcs":[[2720,2721,2722,2723,-2465,-420,2724]],"properties":{"c":"67133"}},{"type":"Polygon","arcs":[[2725,2726,2727,-2358,2728]],"properties":{"c":"67148"}},{"type":"Polygon","arcs":[[2729,2730,2731,2732,-2598,-2285,2733]],"properties":{"c":"67174"}},{"type":"Polygon","arcs":[[-2732,2734,-2618,-2641,-2613,2735,2736,2737]],"properties":{"c":"67176"}},{"type":"Polygon","arcs":[[2738,2739,-2687,2740]],"properties":{"c":"67187"}},{"type":"Polygon","arcs":[[2741,2742,2743,2744,-2726]],"properties":{"c":"67198"}},{"type":"Polygon","arcs":[[2745,2746,2747,2748,2749,-2697,2750,2751,2752,2753]],"properties":{"c":"67222"}},{"type":"Polygon","arcs":[[-2629,-2701,-2708,2754,-2690]],"properties":{"c":"67242"}},{"type":"Polygon","arcs":[[-396,2755,2756,-2749,2757,2758]],"properties":{"c":"67265"}},{"type":"Polygon","arcs":[[-2591,-2539,-2524,2759,2760,-2722,2761]],"properties":{"c":"67273"}},{"type":"Polygon","arcs":[[2762,2763,2764,2765,-2675,-2689,-2678]],"properties":{"c":"67281"}},{"type":"Polygon","arcs":[[-2752,2766,2767,2768,2769]],"properties":{"c":"67289"}},{"type":"Polygon","arcs":[[2770,-2736,-2612,2771]],"properties":{"c":"67291"}},{"type":"Polygon","arcs":[[-2600,2772,-2737,-2771,2773,-2571]],"properties":{"c":"67292"}},{"type":"Polygon","arcs":[[-2695,2774,-2282,2775]],"properties":{"c":"67307"}},{"type":"Polygon","arcs":[[-2466,-2724,2776,2777,-2702,-2715,-2474,-2533]],"properties":{"c":"67322"}},{"type":"Polygon","arcs":[[2778,-55,-2714,2779,2780]],"properties":{"c":"67324"}},{"type":"Polygon","arcs":[[-2753,-2770,2781,-2705,2782]],"properties":{"c":"67333"}},{"type":"Polygon","arcs":[[2783,2784,-394,-56,-2779,-2730]],"properties":{"c":"67340"}},{"type":"Polygon","arcs":[[-2755,-2707,2785,-2768,2786,-2280,-2275,-2392,2787,-2711,-2691]],"properties":{"c":"67347"}},{"type":"Polygon","arcs":[[-2754,-2783,-2704,2788,2789]],"properties":{"c":"67352"}},{"type":"Polygon","arcs":[[-2775,-2694,2790,-2756,-395,-2785,2791,-2283]],"properties":{"c":"67358"}},{"type":"Polygon","arcs":[[-2526,-2455,2792,2793,-2760]],"properties":{"c":"67370"}},{"type":"Polygon","arcs":[[2794,-2744,2795,-2719,2796,2797,-2777,-2723,-2761,-2794]],"properties":{"c":"67371"}},{"type":"Polygon","arcs":[[-421,-398,-404,-2725]],"properties":{"c":"67373"}},{"type":"Polygon","arcs":[[-2357,-2587,2798,2799,-2742,-2729]],"properties":{"c":"67381"}},{"type":"Polygon","arcs":[[-2781,2800,-2634,-2619,-2735,-2731]],"properties":{"c":"67388"}},{"type":"Polygon","arcs":[[-2759,2801,-50,-393]],"properties":{"c":"67392"}},{"type":"Polygon","arcs":[[-2799,-2586,-66,2802,2803]],"properties":{"c":"67413"}},{"type":"Polygon","arcs":[[-2791,-2693,-2750,-2757]],"properties":{"c":"67415"}},{"type":"Polygon","arcs":[[-2788,-2391,-2363,-2710]],"properties":{"c":"67441"}},{"type":"Polygon","arcs":[[-2751,-2696,-2776,-2281,-2787,-2767]],"properties":{"c":"67446"}},{"type":"Polygon","arcs":[[-2762,-2721,-403,-2590]],"properties":{"c":"67454"}},{"type":"Polygon","arcs":[[-2718,2804,-2747,2805,2806,-2797]],"properties":{"c":"67475"}},{"type":"Polygon","arcs":[[-2454,2807,-2727,-2745,-2795,-2793]],"properties":{"c":"67483"}},{"type":"Polygon","arcs":[[-2374,-2261,-2359,-2728,-2808,-2453,-2580]],"properties":{"c":"67491"}},{"type":"Polygon","arcs":[[-2738,-2773,-2599,-2733]],"properties":{"c":"67502"}},{"type":"Polygon","arcs":[[-2782,-2769,-2786,-2706]],"properties":{"c":"67503"}},{"type":"Polygon","arcs":[[-2790,2808,-2806,-2746]],"properties":{"c":"67521"}},{"type":"Polygon","arcs":[[-2798,-2807,-2809,-2789,-2703,-2778]],"properties":{"c":"67524"}},{"type":"Polygon","arcs":[[-51,-2802,-2758,-2748,-2805,-2717,2809]],"properties":{"c":"67535"}},{"type":"Polygon","arcs":[[2810,-2635,-2801,-2780,-2713]],"properties":{"c":"67536"}},{"type":"Polygon","arcs":[[-2803,-355,-52,-2810,-2716,2811]],"properties":{"c":"67538"}},{"type":"Polygon","arcs":[[-2734,-2284,-2792,-2784]],"properties":{"c":"67558"}},{"type":"Polygon","arcs":[[-2743,-2800,-2804,-2812,-2720,-2796]],"properties":{"c":"67559"}},{"type":"Polygon","arcs":[[2812,2813,2814,2815]],"properties":{"c":"67155"}},{"type":"Polygon","arcs":[[2816,2817,2818,2819,2820,2821,2822,2823]],"properties":{"c":"67204"}},{"type":"Polygon","arcs":[[2824,2825,2826,2827,2828]],"properties":{"c":"67424"}},{"type":"Polygon","arcs":[[2829,2830,2831,-2671,-2547,-2315]],"properties":{"c":"67070"}},{"type":"Polygon","arcs":[[2832,2833,2834,2835,2836]],"properties":{"c":"67484"}},{"type":"Polygon","arcs":[[2837,2838,2839,-2836,2840,2841]],"properties":{"c":"67012"}},{"type":"Polygon","arcs":[[2842,2843,2844,2845,2846,2847]],"properties":{"c":"67025"}},{"type":"Polygon","arcs":[[2848,2849,2850,2851,2852]],"properties":{"c":"67037"}},{"type":"Polygon","arcs":[[2853,2854,2855,2856]],"properties":{"c":"67038"}},{"type":"Polygon","arcs":[[2857,2858,2859,2860,2861,2862]],"properties":{"c":"67046"}},{"type":"Polygon","arcs":[[2863,-2833,2864,2865,2866]],"properties":{"c":"67069"}},{"type":"Polygon","arcs":[[2867,2868,2869,2870,2871,2872,2873,2874,2875]],"properties":{"c":"67074"}},{"type":"Polygon","arcs":[[2876,2877,-2869,2878,2879,2880]],"properties":{"c":"67075"}},{"type":"Polygon","arcs":[[2881,-2866,2882,2883,2884,2885]],"properties":{"c":"67079"}},{"type":"Polygon","arcs":[[2886,2887,2888,2889,2890]],"properties":{"c":"67082"}},{"type":"Polygon","arcs":[[2891,2892,2893,2894,2895,2896]],"properties":{"c":"67093"}},{"type":"Polygon","arcs":[[2897,2898,-2876,2899,2900]],"properties":{"c":"67104"}},{"type":"Polygon","arcs":[[2901,2902,2903,2904,2905,2906,2907,-2891,2908]],"properties":{"c":"67106"}},{"type":"Polygon","arcs":[[-2643,2909,-2849,2910,-2625]],"properties":{"c":"67110"}},{"type":"Polygon","arcs":[[-2886,2911,2912,2913]],"properties":{"c":"67113"}},{"type":"Polygon","arcs":[[2914,2915,2916,2917,2918,2919,-2844]],"properties":{"c":"67140"}},{"type":"Polygon","arcs":[[-2889,2920,2921,2922,2923,2924,2925]],"properties":{"c":"67142"}},{"type":"Polygon","arcs":[[2926,2927,2928,2929,2930]],"properties":{"c":"67151"}},{"type":"Polygon","arcs":[[2931,2932,-2577,2933,2934,-2854]],"properties":{"c":"67156"}},{"type":"Polygon","arcs":[[-2893,2935,-2377,2936,2937]],"properties":{"c":"67160"}},{"type":"Polygon","arcs":[[2938,2939,-2860,2940,2941]],"properties":{"c":"67169"}},{"type":"Polygon","arcs":[[-2910,-2642,-2379,2942,-2897,2943,-2850]],"properties":{"c":"67177"}},{"type":"Polygon","arcs":[[-2572,-2774,-2772,-2616,-2637,-2610,2944,-2852,2945,2946,2947,2948,2949,2950,2951,2952,2953,2954,-2861,-2940,2955,2956,-2565,2957,-2592,-2390,-2394]],"properties":{"c":"67180"}},{"type":"Polygon","arcs":[[2958,2959,-2919,2960,2961,-2834,-2864]],"properties":{"c":"67184"}},{"type":"Polygon","arcs":[[2962,-2903,2963,2964]],"properties":{"c":"67194"}},{"type":"Polygon","arcs":[[2965,2966,-2932,-2857,2967,2968]],"properties":{"c":"67205"}},{"type":"Polygon","arcs":[[2969,2970,2971,-2842,2972,2973,2974,2975]],"properties":{"c":"67206"}},{"type":"Polygon","arcs":[[2976,-2901,2977,2978,-2838,-2972,2979]],"properties":{"c":"67213"}},{"type":"Polygon","arcs":[[-2978,-2900,-2875,2980,2981]],"properties":{"c":"67221"}},{"type":"Polygon","arcs":[[2982,-2862,-2955]],"properties":{"c":"67230"}},{"type":"Polygon","arcs":[[2983,2984,-2916]],"properties":{"c":"67231"}},{"type":"Polygon","arcs":[[2985,2986,2987,2988,-2898,-2977]],"properties":{"c":"67232"}},{"type":"Polygon","arcs":[[2989,-2845,-2920,-2960,2990]],"properties":{"c":"67235"}},{"type":"Polygon","arcs":[[-2927,2991,-2969,2992]],"properties":{"c":"67237"}},{"type":"Polygon","arcs":[[2993,-2942,2994,-2855,-2935]],"properties":{"c":"67252"}},{"type":"Polygon","arcs":[[2995,2996,2997,2998,2999]],"properties":{"c":"67254"}},{"type":"Polygon","arcs":[[3000,-2999,3001,3002,3003,-2879,3004]],"properties":{"c":"67257"}},{"type":"Polygon","arcs":[[3005,3006,3007]],"properties":{"c":"67261"}},{"type":"Polygon","arcs":[[-2636,-2811,-2712,-2370,-2646,3008,3009,-2880,-3004,3010,-2937]],"properties":{"c":"67263"}},{"type":"Polygon","arcs":[[3011,3012,-2917,-2985,3013,3014,3015,-2948]],"properties":{"c":"67264"}},{"type":"Polygon","arcs":[[3016,-3000,-3001]],"properties":{"c":"67271"}},{"type":"Polygon","arcs":[[-2988,3017,3018]],"properties":{"c":"67288"}},{"type":"Polygon","arcs":[[3019,-2895,3020,-3002,-2998]],"properties":{"c":"67290"}},{"type":"Polygon","arcs":[[-3008,3021,3022,3023,3024,3025]],"properties":{"c":"67305"}},{"type":"Polygon","arcs":[[3026,3027,-3023,3028]],"properties":{"c":"67308"}},{"type":"Polygon","arcs":[[3029,3030,3031,-3025]],"properties":{"c":"67315"}},{"type":"Polygon","arcs":[[3032,-2848,3033,-2925]],"properties":{"c":"67319"}},{"type":"Polygon","arcs":[[3034,3035,3036,3037,-3031,3038]],"properties":{"c":"67327"}},{"type":"Polygon","arcs":[[-2914,3039,3040,3041,-2991,-2959,-2867,-2882]],"properties":{"c":"67330"}},{"type":"Polygon","arcs":[[-2603,-2566,-2957,3042,-2632]],"properties":{"c":"67331"}},{"type":"Polygon","arcs":[[-2947,3043,3044,-2975,3045,-3012]],"properties":{"c":"67339"}},{"type":"Polygon","arcs":[[-2892,-2943,-2378,-2936]],"properties":{"c":"67341"}},{"type":"Polygon","arcs":[[-2872,3046,3047,3048]],"properties":{"c":"67344"}},{"type":"Polygon","arcs":[[3049,-2905,3050,-2863,-2983,-2954]],"properties":{"c":"67345"}},{"type":"Polygon","arcs":[[3051,-2912,-2885,3052,3053,-3035]],"properties":{"c":"67346"}},{"type":"Polygon","arcs":[[-2962,3054,-2973,-2841,-2835]],"properties":{"c":"67349"}},{"type":"Polygon","arcs":[[-2982,3055,3056,3057,3058,3059,-2839,-2979]],"properties":{"c":"67351"}},{"type":"Polygon","arcs":[[3060,-2964,-2902,3061,-2929]],"properties":{"c":"67356"}},{"type":"Polygon","arcs":[[-3021,-2894,-2938,-3011,-3003]],"properties":{"c":"67379"}},{"type":"Polygon","arcs":[[3062,3063,3064,3065,3066,-2823]],"properties":{"c":"67389"}},{"type":"Polygon","arcs":[[-2970,3067,-3018,-2987,3068]],"properties":{"c":"67394"}},{"type":"Polygon","arcs":[[-2981,-2874,3069,3070,-3056]],"properties":{"c":"67400"}},{"type":"Polygon","arcs":[[-2974,-3055,-2961,-2918,-3013,-3046]],"properties":{"c":"67404"}},{"type":"Polygon","arcs":[[-3015,3071,-2923,3072,3073]],"properties":{"c":"67405"}},{"type":"Polygon","arcs":[[-3051,-2904,-2963,3074,-2858]],"properties":{"c":"67407"}},{"type":"Polygon","arcs":[[-2924,-3072,-3014,-2984,-2915,-2843,-3033]],"properties":{"c":"67409"}},{"type":"Polygon","arcs":[[3075,-3047,-2871]],"properties":{"c":"67416"}},{"type":"Polygon","arcs":[[3076,-2949,-3016,-3074,3077,3078]],"properties":{"c":"67418"}},{"type":"Polygon","arcs":[[-3054,3079,3080,3081,3082,-3036]],"properties":{"c":"67432"}},{"type":"Polygon","arcs":[[3083,3084,-2595,3085,3086,3087,3088]],"properties":{"c":"67434"}},{"type":"Polygon","arcs":[[-3041,3089,3090]],"properties":{"c":"67440"}},{"type":"Polygon","arcs":[[-3038,3091,-3006,-3026,-3032]],"properties":{"c":"67443"}},{"type":"Polygon","arcs":[[-2953,3092,-2951,3093,-2906,-3050]],"properties":{"c":"67449"}},{"type":"Polygon","arcs":[[-3093,-2952]],"properties":{"c":"67450"}},{"type":"Polygon","arcs":[[-3081,3094,-3058,3095]],"properties":{"c":"67451"}},{"type":"Polygon","arcs":[[-3069,-2986,-2980,-2971]],"properties":{"c":"67455"}},{"type":"Polygon","arcs":[[-2249,-2601,-2396,-2593,-2958,-2564]],"properties":{"c":"67458"}},{"type":"Polygon","arcs":[[-3091,3096,-3027,3097,-2846,-2990,-3042]],"properties":{"c":"67463"}},{"type":"Polygon","arcs":[[3098,-3079,3099,3100,-2887,-2908]],"properties":{"c":"67465"}},{"type":"Polygon","arcs":[[-3059,-3095,-3080,-3053,-2884,3101]],"properties":{"c":"67466"}},{"type":"Polygon","arcs":[[-2950,-3077,-3099,-2907,-3094]],"properties":{"c":"67472"}},{"type":"Polygon","arcs":[[3102,-2996,-3017,-3005,-2868,-2899,-2989,-3019,-3068,-2976,-3045]],"properties":{"c":"67474"}},{"type":"Polygon","arcs":[[-3101,3103,-2921,-2888]],"properties":{"c":"67476"}},{"type":"Polygon","arcs":[[-3049,3104,-3070,-2873]],"properties":{"c":"67479"}},{"type":"Polygon","arcs":[[-2946,-2851,-2944,-2896,-3020,-2997,-3103,-3044]],"properties":{"c":"67487"}},{"type":"Polygon","arcs":[[-2837,-2840,-3060,-3102,-2883,-2865]],"properties":{"c":"67494"}},{"type":"Polygon","arcs":[[-2661,-2307,-2578,-2933,-2967,3105,-3065,3106,3107]],"properties":{"c":"67506"}},{"type":"Polygon","arcs":[[-2853,-2945,-2609,-2626,-2911]],"properties":{"c":"67511"}},{"type":"Polygon","arcs":[[-3066,-3106,-2966,-2992,-2931,3108,3109,3110]],"properties":{"c":"67519"}},{"type":"Polygon","arcs":[[-2576,-2633,-3043,-2956,-2939,-2994,-2934]],"properties":{"c":"67523"}},{"type":"Polygon","arcs":[[-2968,-2856,-2995,-2941,-2859,-3075,-2965,-3061,-2928,-2993]],"properties":{"c":"67529"}},{"type":"Polygon","arcs":[[-2881,-3010,3111]],"properties":{"c":"67537"}},{"type":"Polygon","arcs":[[-3030,-3024,-3028,-3097,-3090,-3040,-2913,-3052,-3039]],"properties":{"c":"67541"}},{"type":"Polygon","arcs":[[-3096,-3057,-3071,-3105,-3048,-3076,-2870,-2878,3112,-3082]],"properties":{"c":"67544"}},{"type":"Polygon","arcs":[[3113,-1461,-1465,-1252,3114,3115]],"properties":{"c":"67009"}},{"type":"Polygon","arcs":[[-2320,-2347,3116,3117,-865,3118]],"properties":{"c":"67017"}},{"type":"Polygon","arcs":[[-1436,3119,3120]],"properties":{"c":"67047"}},{"type":"Polygon","arcs":[[3121,3122,-852,-3114,3123]],"properties":{"c":"67091"}},{"type":"Polygon","arcs":[[-2313,-2673,-2317,-3119,-864,3124]],"properties":{"c":"67134"}},{"type":"Polygon","arcs":[[-2346,-1241,-1438,-1219,3125,-3117]],"properties":{"c":"67159"}},{"type":"Polygon","arcs":[[-3124,-3116,-3120,-1435,3126,3127,-3088,3128]],"properties":{"c":"67183"}},{"type":"Polygon","arcs":[[3129,3130,-1433,-1468,-1203,3131,-1471,-145]],"properties":{"c":"67191"}},{"type":"Polygon","arcs":[[-1437,-3121,-3115,-1255,-1286]],"properties":{"c":"67199"}},{"type":"Polygon","arcs":[[-3127,-1434,-3131,3132,3133,-3084,3134]],"properties":{"c":"67234"}},{"type":"Polygon","arcs":[[-724,-1424,-1105,-866,-3118,-3126,-1218]],"properties":{"c":"67241"}},{"type":"Polygon","arcs":[[-144,-2355,3135,-3133,-3130]],"properties":{"c":"67355"}},{"type":"Polygon","arcs":[[-3086,-2594,-2667,-2672,-2832,3136]],"properties":{"c":"67401"}},{"type":"Polygon","arcs":[[-3122,-3129,-3087,-3137,-2831,3137]],"properties":{"c":"67435"}},{"type":"Polygon","arcs":[[-3089,-3128,-3135]],"properties":{"c":"67456"}},{"type":"Polygon","arcs":[[-1202,-1381,-1474,-1469,-3132]],"properties":{"c":"67468"}},{"type":"Polygon","arcs":[[-3134,-3136,-2354,-2584,-2596,-3085]],"properties":{"c":"67508"}},{"type":"Polygon","arcs":[[-3138,-2830,-2314,-3125,-863,-853,-3123]],"properties":{"c":"67552"}},{"type":"Polygon","arcs":[[3138,3139,3140,3141,-2401,3142]],"properties":{"c":"67554"}},{"type":"Polygon","arcs":[[3143,3144,3145,3146]],"properties":{"c":"67247"}},{"type":"Polygon","arcs":[[3147,3148,3149,3150,3151]],"properties":{"c":"67097"}},{"type":"Polygon","arcs":[[3152,3153,3154,3155,3156]],"properties":{"c":"67375"}},{"type":"Polygon","arcs":[[-3157,3157,-3152,3158,3159,3160,3161]],"properties":{"c":"67485"}},{"type":"Polygon","arcs":[[3162,3163,3164,3165,3166]],"properties":{"c":"67426"}},{"type":"Polygon","arcs":[[3167,3168,3169,3170,3171]],"properties":{"c":"67354"}},{"type":"MultiPolygon","arcs":[[[3172,-2818,3173]],[[-3111,3174,3175,-2824,-3067]]],"properties":{"c":"67043"}},{"type":"Polygon","arcs":[[3176,3177,3178,3179]],"properties":{"c":"67086"}},{"type":"Polygon","arcs":[[-2427,3180,3181,3182,3183,3184,3185,3186]],"properties":{"c":"67130"}},{"type":"Polygon","arcs":[[3187,3188,3189,3190,3191,3192,3193,3194]],"properties":{"c":"67131"}},{"type":"Polygon","arcs":[[3195,3196,-3186,3197,-3177,3198,3199,3200]],"properties":{"c":"67154"}},{"type":"Polygon","arcs":[[3201,3202,3203,3204,-3192]],"properties":{"c":"67218"}},{"type":"Polygon","arcs":[[-3183,3205,3206,-3188,3207]],"properties":{"c":"67336"}},{"type":"Polygon","arcs":[[-3184,-3208,-3195,3208]],"properties":{"c":"67378"}},{"type":"Polygon","arcs":[[3209,3210,3211,3212,-3179,3213,3214]],"properties":{"c":"67397"}},{"type":"MultiPolygon","arcs":[[[3215,3216,3217,-3174,-2817,-3176,3218]],[[3219,-2821]]],"properties":{"c":"67447"}},{"type":"Polygon","arcs":[[-2820,3220,3221,-3063,-2822,-3220]],"properties":{"c":"67471"}},{"type":"Polygon","arcs":[[3222,-3219,-3175,-3110,3223,-3193,-3205,3224,3225,3226]],"properties":{"c":"67482"}},{"type":"Polygon","arcs":[[3227,3228,3229,3230,3231]],"properties":{"c":"67001"}},{"type":"Polygon","arcs":[[-3142,3232,-2402]],"properties":{"c":"67016"}},{"type":"Polygon","arcs":[[3233,3234,3235,-2412,3236,3237]],"properties":{"c":"67018"}},{"type":"Polygon","arcs":[[3238,3239,3240,3241,3242,3243]],"properties":{"c":"67019"}},{"type":"Polygon","arcs":[[3244,3245,3246,3247,3248,3249,-2814,3250,3251,3252]],"properties":{"c":"67021"}},{"type":"Polygon","arcs":[[3253,3254,3255,3256]],"properties":{"c":"67027"}},{"type":"Polygon","arcs":[[3257,3258,3259,3260,3261]],"properties":{"c":"67028"}},{"type":"Polygon","arcs":[[3262,3263,3264]],"properties":{"c":"67031"}},{"type":"Polygon","arcs":[[3265,3266,3267,3268,3269]],"properties":{"c":"67032"}},{"type":"Polygon","arcs":[[3270,3271,3272,3273,3274]],"properties":{"c":"67040"}},{"type":"Polygon","arcs":[[3275,3276,3277,3278,3279,3280,3281,-2253]],"properties":{"c":"67045"}},{"type":"Polygon","arcs":[[3282,3283,3284,3285,3286,-3277,3287]],"properties":{"c":"67049"}},{"type":"Polygon","arcs":[[3288,3289,3290,3291,-3281]],"properties":{"c":"67052"}},{"type":"Polygon","arcs":[[3292,3293,3294,-3244,3295]],"properties":{"c":"67053"}},{"type":"Polygon","arcs":[[3296,-3228,3297,-3146,3298,3299]],"properties":{"c":"67065"}},{"type":"Polygon","arcs":[[3300,3301,3302,3303,3304]],"properties":{"c":"67073"}},{"type":"Polygon","arcs":[[3305,3306,3307,3308,3309,-3234]],"properties":{"c":"67077"}},{"type":"Polygon","arcs":[[3310,3311,-2560,3312,-3140,3313]],"properties":{"c":"67080"}},{"type":"Polygon","arcs":[[3314,-3273,3315,-3210,3316]],"properties":{"c":"67090"}},{"type":"Polygon","arcs":[[3317,3318]],"properties":{"c":"67094"}},{"type":"Polygon","arcs":[[3319,3320,3321,3322,-2558,-2255]],"properties":{"c":"67101"}},{"type":"Polygon","arcs":[[3323,3324,3325,3326]],"properties":{"c":"67102"}},{"type":"Polygon","arcs":[[3327,3328,-3144,3329,3330,-3284]],"properties":{"c":"67108"}},{"type":"Polygon","arcs":[[3331,-2561,-3312,3332,-3328,-3283]],"properties":{"c":"67112"}},{"type":"Polygon","arcs":[[-2529,-2445,3333,-3307,3334,-1854]],"properties":{"c":"67122"}},{"type":"Polygon","arcs":[[-3331,3335,3336,3337,3338,-3285]],"properties":{"c":"67124"}},{"type":"Polygon","arcs":[[3339,3340,3341,3342,3343,3344,3345,3346,3347,3348]],"properties":{"c":"67125"}},{"type":"Polygon","arcs":[[-3314,-3139,3349,3350,3351]],"properties":{"c":"67127"}},{"type":"Polygon","arcs":[[-3333,-3311,-3352,3352,-3299,-3145,-3329]],"properties":{"c":"67128"}},{"type":"Polygon","arcs":[[3353,-3202,-3191,3354,3355]],"properties":{"c":"67137"}},{"type":"Polygon","arcs":[[3356,-3325,3357,3358,3359,3360,3361,3362]],"properties":{"c":"67138"}},{"type":"Polygon","arcs":[[3363,-3237,-2411,3364]],"properties":{"c":"67139"}},{"type":"Polygon","arcs":[[3365,3366,-2827,3367,3368]],"properties":{"c":"67144"}},{"type":"Polygon","arcs":[[3369,3370,-3286,-3339,3371,3372,-3203,-3354]],"properties":{"c":"67152"}},{"type":"Polygon","arcs":[[3373,3374,3375,3376,3377]],"properties":{"c":"67164"}},{"type":"Polygon","arcs":[[3378,3379,3380,3381,-3291,3382,3383]],"properties":{"c":"67167"}},{"type":"Polygon","arcs":[[3384,3385,3386,3387,3388]],"properties":{"c":"67168"}},{"type":"Polygon","arcs":[[-3158,-3156,3389,3390,3391,3392,-3148]],"properties":{"c":"67173"}},{"type":"Polygon","arcs":[[3393,3394,3395]],"properties":{"c":"67181"}},{"type":"Polygon","arcs":[[-3298,-3232,3396,-3336,-3330,-3147]],"properties":{"c":"67182"}},{"type":"Polygon","arcs":[[3397,3398,-3386,3399,3400]],"properties":{"c":"67188"}},{"type":"Polygon","arcs":[[-2698,-2680,-2688,-2740,3401,-3294,3402]],"properties":{"c":"67195"}},{"type":"Polygon","arcs":[[3403,3404,-3278,-3287,-3371,3405,3406,3407]],"properties":{"c":"67197"}},{"type":"Polygon","arcs":[[3408,-3189,-3207,3409]],"properties":{"c":"67200"}},{"type":"Polygon","arcs":[[3410,3411,3412,3413,3414,3415,3416,3417]],"properties":{"c":"67208"}},{"type":"Polygon","arcs":[[-3255,3418,-3246,3419,3420,3421,3422]],"properties":{"c":"67210"}},{"type":"Polygon","arcs":[[3423,-3337,-3397,-3231,3424,3425,3426]],"properties":{"c":"67212"}},{"type":"Polygon","arcs":[[3427,-3160,3428,3429,3430]],"properties":{"c":"67214"}},{"type":"Polygon","arcs":[[3431,3432,3433,-3262,3434]],"properties":{"c":"67216"}},{"type":"Polygon","arcs":[[-3409,3435,-3407,3436,-3355,-3190]],"properties":{"c":"67217"}},{"type":"Polygon","arcs":[[-2252,-2562,-3332,-3288,-3276]],"properties":{"c":"67223"}},{"type":"Polygon","arcs":[[-3347,3437,-3270,3438]],"properties":{"c":"67227"}},{"type":"Polygon","arcs":[[3439,3440,3441,3442,-3363]],"properties":{"c":"67228"}},{"type":"Polygon","arcs":[[3443,3444,-2442,-2530,-2433,-2344]],"properties":{"c":"67229"}},{"type":"Polygon","arcs":[[3445,3446,-3303,3447,3448]],"properties":{"c":"67239"}},{"type":"Polygon","arcs":[[3449,3450,-3171,3451,3452]],"properties":{"c":"67240"}},{"type":"Polygon","arcs":[[3453,3454,3455,3456,-3342]],"properties":{"c":"67246"}},{"type":"Polygon","arcs":[[-3279,-3405,3457,3458]],"properties":{"c":"67248"}},{"type":"Polygon","arcs":[[-3414,3459,-3440,-3362,3460]],"properties":{"c":"67253"}},{"type":"Polygon","arcs":[[-2662,-3108,3461,-3154,3462]],"properties":{"c":"67256"}},{"type":"Polygon","arcs":[[-3356,-3437,-3406,-3370]],"properties":{"c":"67268"}},{"type":"Polygon","arcs":[[3463,-3196,3464,3465]],"properties":{"c":"67285"}},{"type":"Polygon","arcs":[[3466,3467,-2425,3468,3469,-3458,-3404]],"properties":{"c":"67286"}},{"type":"Polygon","arcs":[[-3253,3470,3471,3472]],"properties":{"c":"67295"}},{"type":"Polygon","arcs":[[-3392,3473,-3217,3474]],"properties":{"c":"67296"}},{"type":"Polygon","arcs":[[-2403,-3233,-3141,-3313,-2559,-3323,3475]],"properties":{"c":"67300"}},{"type":"Polygon","arcs":[[3476,3477,-3380,3478,3479,3480]],"properties":{"c":"67306"}},{"type":"Polygon","arcs":[[-3390,-3155,-3462,-3107,-3064,-3222,3481]],"properties":{"c":"67309"}},{"type":"Polygon","arcs":[[3482,3483,3484,-3241,3485]],"properties":{"c":"67311"}},{"type":"Polygon","arcs":[[3486,-3388,3487,-2407,-2404,-3476,-3322]],"properties":{"c":"67313"}},{"type":"Polygon","arcs":[[3488,3489,3490,-3383,3491]],"properties":{"c":"67314"}},{"type":"Polygon","arcs":[[3492,3493,3494,3495,3496,3497,-3305,3498]],"properties":{"c":"67317"}},{"type":"Polygon","arcs":[[3499,3500,-3492,3501,-3254]],"properties":{"c":"67321"}},{"type":"Polygon","arcs":[[3502,3503,-3401,3504,3505]],"properties":{"c":"67325"}},{"type":"Polygon","arcs":[[-3469,-2432,3506,3507,3508,-3374,3509]],"properties":{"c":"67329"}},{"type":"Polygon","arcs":[[-3461,-3361,3510,3511,-3415]],"properties":{"c":"67335"}},{"type":"Polygon","arcs":[[-1861,-1855,-3335,3512,-3503,3513,3514]],"properties":{"c":"67342"}},{"type":"Polygon","arcs":[[3515,3516,3517,-3149,-3393,-3475,-3216,-3223]],"properties":{"c":"67343"}},{"type":"Polygon","arcs":[[-3459,-3470,-3510,-3378,3518,-3249,3519,-3263,3520,-3289,-3280]],"properties":{"c":"67348"}},{"type":"Polygon","arcs":[[-3425,-3230,3521,-3150,-3518,3522]],"properties":{"c":"67350"}},{"type":"Polygon","arcs":[[3523,3524,-3449,3525]],"properties":{"c":"67362"}},{"type":"Polygon","arcs":[[-3290,-3521,-3265,3526,-3247,-3419,-3502]],"properties":{"c":"67368"}},{"type":"Polygon","arcs":[[3527,3528,3529,-3368,-2826,3530]],"properties":{"c":"67377"}},{"type":"Polygon","arcs":[[-3431,3531,-3358,-3324,3532]],"properties":{"c":"67382"}},{"type":"Polygon","arcs":[[-3411,3533,-2342,-2351,3534]],"properties":{"c":"67383"}},{"type":"Polygon","arcs":[[3535,3536,3537,3538,3539,-3267]],"properties":{"c":"67387"}},{"type":"Polygon","arcs":[[3540,3541,3542,3543,3544]],"properties":{"c":"67398"}},{"type":"Polygon","arcs":[[-2444,3545,3546,-3308,-3334]],"properties":{"c":"67408"}},{"type":"Polygon","arcs":[[3547,-3389,-3487,-3321,3548]],"properties":{"c":"67410"}},{"type":"Polygon","arcs":[[-3282,-3292,-3382,3549,-3549,-3320,-2254]],"properties":{"c":"67411"}},{"type":"Polygon","arcs":[[3550,-3435,-3261,3551,3552,3553]],"properties":{"c":"67412"}},{"type":"Polygon","arcs":[[3554,-3479,-3379,3555]],"properties":{"c":"67420"}},{"type":"MultiPolygon","arcs":[[[3556,3557,-3543]],[[3558]]],"properties":{"c":"67422"}},{"type":"Polygon","arcs":[[-3520,-3248,-3527,-3264]],"properties":{"c":"67428"}},{"type":"Polygon","arcs":[[-3471,-3252,3559,3560,-3349,3561]],"properties":{"c":"67429"}},{"type":"Polygon","arcs":[[-3181,-2426,-3468,3562]],"properties":{"c":"67438"}},{"type":"Polygon","arcs":[[3563,3564,-3318,3565,3566,3567,-3301]],"properties":{"c":"67445"}},{"type":"Polygon","arcs":[[-3443,3568,-2303,-2664,3569,3570,-3326,-3357]],"properties":{"c":"67452"}},{"type":"Polygon","arcs":[[-3544,-3558,3571,3572,3573]],"properties":{"c":"67453"}},{"type":"Polygon","arcs":[[-3296,-3243,3574,3575,-3541,3576]],"properties":{"c":"67461"}},{"type":"Polygon","arcs":[[-3530,3577,3578,3579,3580,-3369]],"properties":{"c":"67470"}},{"type":"Polygon","arcs":[[-3306,-3238,-3364,3581,-3398,-3504,-3513]],"properties":{"c":"67480"}},{"type":"Polygon","arcs":[[-3542,-3576,3582,-3317,-3215,3583,-3572,-3557],[-3559]],"properties":{"c":"67486"}},{"type":"Polygon","arcs":[[-3570,-2663,-3463,-3153,-3162,3584]],"properties":{"c":"67495"}},{"type":"Polygon","arcs":[[-3514,-3506,-3477,3585]],"properties":{"c":"67500"}},{"type":"Polygon","arcs":[[-3507,-2431,3586,-2429,3587,-3466,3588,3589]],"properties":{"c":"67501"}},{"type":"Polygon","arcs":[[-3375,-3509,3590,3591,3592]],"properties":{"c":"67504"}},{"type":"Polygon","arcs":[[3593,-3499,-3304,-3447,3594]],"properties":{"c":"67505"}},{"type":"Polygon","arcs":[[-3581,3595,-3500,-3257,3596,3597,-3366]],"properties":{"c":"67513"}},{"type":"Polygon","arcs":[[-3547,3598,-3416,-3512,3599,3600,3601,-3309]],"properties":{"c":"67520"}},{"type":"Polygon","arcs":[[-3235,-3310,-3602,3602,-3452,-3170,3603]],"properties":{"c":"67525"}},{"type":"Polygon","arcs":[[-3501,-3596,-3580,3604,-3489]],"properties":{"c":"67531"}},{"type":"Polygon","arcs":[[-2503,-2670,-2304,-3569,-3442,3605,-3412,-3535,-2350]],"properties":{"c":"67532"}},{"type":"Polygon","arcs":[[-3606,-3441,-3460,-3413]],"properties":{"c":"67542"}},{"type":"Polygon","arcs":[[-3485,3606,-3274,-3315,-3583,-3575,-3242]],"properties":{"c":"67547"}},{"type":"Polygon","arcs":[[-3533,-3327,-3571,-3585,-3161,-3428]],"properties":{"c":"67548"}},{"type":"Polygon","arcs":[[-3534,-3418,3607,-3444,-2343]],"properties":{"c":"67555"}},{"type":"Polygon","arcs":[[-3560,-3251,-2813,3608,-3592,3609,3610]],"properties":{"c":"67557"}},{"type":"Polygon","arcs":[[-3166,3611,-3421,3612,-3539,3613,3614,3615]],"properties":{"c":"67003"}},{"type":"Polygon","arcs":[[-3613,-3420,-3245,-3473,3616,-3268,-3540]],"properties":{"c":"67010"}},{"type":"Polygon","arcs":[[-3545,-3574,3617,-2682,-2699,-3403,-3293,-3577]],"properties":{"c":"67011"}},{"type":"Polygon","arcs":[[-3556,-3384,-3491,3618,3619]],"properties":{"c":"67020"}},{"type":"Polygon","arcs":[[3620,-3163,3621,3622,3623]],"properties":{"c":"67022"}},{"type":"Polygon","arcs":[[3624,-3597,-3256,-3423,3625,3626,3627,3628]],"properties":{"c":"67026"}},{"type":"Polygon","arcs":[[3629,-2828,-3367,-3598,-3625]],"properties":{"c":"67050"}},{"type":"Polygon","arcs":[[3630,-3345,3631,3632,-3537]],"properties":{"c":"67051"}},{"type":"Polygon","arcs":[[3633,-3212,3634,3635]],"properties":{"c":"67055"}},{"type":"Polygon","arcs":[[3636,3637,3638,3639,3640,3641,3642]],"properties":{"c":"67059"}},{"type":"Polygon","arcs":[[-3376,-3593,-3609,-2816,3643]],"properties":{"c":"67060"}},{"type":"Polygon","arcs":[[-3494,3644,3645,-3623,3646,3647]],"properties":{"c":"67062"}},{"type":"Polygon","arcs":[[-3422,-3612,-3165,3648,3649,-3626]],"properties":{"c":"67063"}},{"type":"Polygon","arcs":[[3650,3651,3652,3653,-3578,-3529]],"properties":{"c":"67066"}},{"type":"Polygon","arcs":[[-2829,-3630,-3629,3654,-3639,3655]],"properties":{"c":"67076"}},{"type":"Polygon","arcs":[[-3445,-3608,-3417,-3599,-3546,-2443]],"properties":{"c":"67078"}},{"type":"Polygon","arcs":[[-3143,-2400,3656,-3172,-3451,3657,3658,3659,-3350]],"properties":{"c":"67081"}},{"type":"Polygon","arcs":[[-3565,3660,-3632,-3344,3661,-3566,-3319]],"properties":{"c":"67084"}},{"type":"Polygon","arcs":[[3662,-3496,3663]],"properties":{"c":"67092"}},{"type":"Polygon","arcs":[[-3387,-3399,-3582,-3365,-2410,-2408,-3488]],"properties":{"c":"67098"}},{"type":"Polygon","arcs":[[-3567,-3662,-3343,-3457,3664,3665]],"properties":{"c":"67115"}},{"type":"Polygon","arcs":[[-3456,3666,-3483,3667,-3665]],"properties":{"c":"67116"}},{"type":"Polygon","arcs":[[-3227,3668,-3427,3669,-3516]],"properties":{"c":"67118"}},{"type":"Polygon","arcs":[[-3472,-3562,-3348,-3439,-3269,-3617]],"properties":{"c":"67120"}},{"type":"Polygon","arcs":[[3670,3671,-3624,-3646,3672]],"properties":{"c":"67143"}},{"type":"Polygon","arcs":[[-3272,3673,-3553,-3635,-3211,-3316]],"properties":{"c":"67146"}},{"type":"Polygon","arcs":[[-3659,3674,-3359,-3532,-3430,3675,-3396,3676]],"properties":{"c":"67150"}},{"type":"Polygon","arcs":[[3677,-1506,3678,3679,-3652]],"properties":{"c":"67165"}},{"type":"Polygon","arcs":[[-2815,-3250,-3519,-3377,-3644]],"properties":{"c":"67189"}},{"type":"Polygon","arcs":[[-3636,-3552,-3260,3680,-3200,3681]],"properties":{"c":"67192"}},{"type":"Polygon","arcs":[[-3667,-3455,3682,-3551,3683,-3275,-3607,-3484]],"properties":{"c":"67196"}},{"type":"Polygon","arcs":[[-3676,-3429,-3159,-3151,-3522,-3229,-3297,3684,-3394]],"properties":{"c":"67226"}},{"type":"Polygon","arcs":[[3685,-3258,-3434,3686,-3610,3687]],"properties":{"c":"67233"}},{"type":"Polygon","arcs":[[3688,-3621,-3672,3689,3690]],"properties":{"c":"67255"}},{"type":"Polygon","arcs":[[-3563,-3467,-3408,-3436,-3410,-3206,-3182]],"properties":{"c":"67266"}},{"type":"Polygon","arcs":[[-3669,-3226,3691,-3372,-3338,-3424]],"properties":{"c":"67267"}},{"type":"Polygon","arcs":[[-1479,-1862,-3515,-3586,-3481,3692,-1503]],"properties":{"c":"67276"}},{"type":"Polygon","arcs":[[3693,-3649,-3164,-3689]],"properties":{"c":"67280"}},{"type":"Polygon","arcs":[[3694,-3600,-3511,-3360,-3675,-3658,-3450]],"properties":{"c":"67282"}},{"type":"Polygon","arcs":[[-3478,-3505,-3400,-3385,-3548,-3550,-3381]],"properties":{"c":"67299"}},{"type":"Polygon","arcs":[[-3402,-2739,3695,-3239,-3295]],"properties":{"c":"67310"}},{"type":"Polygon","arcs":[[-3664,-3495,-3648,3696,3697,3698]],"properties":{"c":"67320"}},{"type":"Polygon","arcs":[[-3391,-3482,-3221,-2819,-3173,-3218,-3474]],"properties":{"c":"67326"}},{"type":"Polygon","arcs":[[-3536,-3266,-3438,-3346,-3631]],"properties":{"c":"67337"}},{"type":"Polygon","arcs":[[-3682,-3199,-3180,-3213,-3634]],"properties":{"c":"67338"}},{"type":"Polygon","arcs":[[-3300,-3353,-3351,-3660,-3677,-3395,-3685]],"properties":{"c":"67363"}},{"type":"Polygon","arcs":[[-3588,-2428,-3187,-3197,-3464]],"properties":{"c":"67364"}},{"type":"Polygon","arcs":[[-3692,-3225,-3204,-3373]],"properties":{"c":"67365"}},{"type":"Polygon","arcs":[[-3655,-3628,3699,3700,-3640]],"properties":{"c":"67384"}},{"type":"Polygon","arcs":[[-3579,-3654,-3619,-3490,-3605]],"properties":{"c":"67414"}},{"type":"Polygon","arcs":[[-3643,3701]],"properties":{"c":"67421"}},{"type":"Polygon","arcs":[[-3699,3702,3703,3704]],"properties":{"c":"67427"}},{"type":"Polygon","arcs":[[-3661,-3564,-3498,3705,-3704,3706,-3614,-3538,-3633]],"properties":{"c":"67430"}},{"type":"Polygon","arcs":[[3707,-3589,-3465,-3201,-3681,-3259,-3686]],"properties":{"c":"67433"}},{"type":"Polygon","arcs":[[-3656,-3638,3708,-3531,-2825]],"properties":{"c":"67436"}},{"type":"Polygon","arcs":[[-2399,-2414,3709,-3168,-3657]],"properties":{"c":"67442"}},{"type":"Polygon","arcs":[[-3680,3710,-3620,-3653]],"properties":{"c":"67448"}},{"type":"Polygon","arcs":[[-3448,-3302,-3568,-3666,-3668,-3486,-3240,-3696,-2741,-2686,3711,3712,-3526]],"properties":{"c":"67462"}},{"type":"Polygon","arcs":[[-3683,-3454,-3341,3713,-3432]],"properties":{"c":"67464"}},{"type":"Polygon","arcs":[[3714,-3700,-3627,-3650,-3694,-3691]],"properties":{"c":"67477"}},{"type":"Polygon","arcs":[[-3561,-3611,-3687,-3433,-3714,-3340]],"properties":{"c":"67481"}},{"type":"Polygon","arcs":[[-3663,-3705,-3706,-3497]],"properties":{"c":"67490"}},{"type":"Polygon","arcs":[[-3604,-3169,-3710,-2413,-3236]],"properties":{"c":"67492"}},{"type":"Polygon","arcs":[[-3615,-3707,-3703,-3698,3715]],"properties":{"c":"67493"}},{"type":"Polygon","arcs":[[-3690,-3671,3716,3717,-3641,-3701,-3715]],"properties":{"c":"67499"}},{"type":"Polygon","arcs":[[-3622,-3167,-3616,-3716,-3697,-3647]],"properties":{"c":"67507"}},{"type":"Polygon","arcs":[[-3601,-3695,-3453,-3603]],"properties":{"c":"67517"}},{"type":"MultiPolygon","arcs":[[[-3590,-3708,-3688,-3591,-3508]],[[-3587,-2430]]],"properties":{"c":"67526"}},{"type":"Polygon","arcs":[[-1505,-1504,-3693,-3480,-3555,-3711,-3679]],"properties":{"c":"67543"}},{"type":"Polygon","arcs":[[-3684,-3554,-3674,-3271]],"properties":{"c":"67545"}},{"type":"Polygon","arcs":[[-3670,-3426,-3523,-3517]],"properties":{"c":"67551"}},{"type":"Polygon","arcs":[[3718,3719,3720,3721,3722]],"properties":{"c":"68011"}},{"type":"Polygon","arcs":[[3723,3724,3725,-3723,3726,3727]],"properties":{"c":"68012"}},{"type":"Polygon","arcs":[[3728,3729,3730,3731,3732]],"properties":{"c":"68040"}},{"type":"Polygon","arcs":[[3733,3734,3735,3736,3737,3738]],"properties":{"c":"68045"}},{"type":"Polygon","arcs":[[3739,-3719,-3726,3740,3741,3742,3743,3744]],"properties":{"c":"68063"}},{"type":"Polygon","arcs":[[3745,3746,3747,-3724,3748]],"properties":{"c":"68180"}},{"type":"Polygon","arcs":[[3749,-3732,3750,-3746,3751,-3737]],"properties":{"c":"68261"}},{"type":"Polygon","arcs":[[-3738,-3752,-3749,-3728,3752]],"properties":{"c":"68279"}},{"type":"Polygon","arcs":[[3753,3754,3755,-3720,-3740,3756]],"properties":{"c":"68302"}},{"type":"Polygon","arcs":[[3757,3758,3759,-3742]],"properties":{"c":"68322"}},{"type":"Polygon","arcs":[[3760,-3758,-3741,-3725,-3748]],"properties":{"c":"68348"}},{"type":"Polygon","arcs":[[3761,3762,3763,3764,3765,3766]],"properties":{"c":"68359"}},{"type":"Polygon","arcs":[[3767,3768,3769,3770,-3762,3771,-3729]],"properties":{"c":"68372"}},{"type":"Polygon","arcs":[[-3731,-3759,-3761,-3747,-3751]],"properties":{"c":"68334"}},{"type":"Polygon","arcs":[[-3730,-3772,-3767,3772,3773,3774,-3743,-3760]],"properties":{"c":"68342"}},{"type":"Polygon","arcs":[[3775,3776,3777,3778,3779]],"properties":{"c":"68234"}},{"type":"Polygon","arcs":[[3780,3781,3782]],"properties":{"c":"68035"}},{"type":"Polygon","arcs":[[3783,3784,3785,3786]],"properties":{"c":"68131"}},{"type":"Polygon","arcs":[[3787,3788,3789,3790,3791]],"properties":{"c":"68184"}},{"type":"Polygon","arcs":[[3792,3793,3794,3795,3796,3797]],"properties":{"c":"68186"}},{"type":"Polygon","arcs":[[3798,3799,3800,3801]],"properties":{"c":"68194"}},{"type":"Polygon","arcs":[[3802,3803,3804,-3799,3805]],"properties":{"c":"68259"}},{"type":"Polygon","arcs":[[-3796,3806,3807,-3803,3808]],"properties":{"c":"68312"}},{"type":"Polygon","arcs":[[3809,-3792,3810,3811,-3793,3812]],"properties":{"c":"68373"}},{"type":"Polygon","arcs":[[3813,3814,3815,3816,3817]],"properties":{"c":"68002"}},{"type":"Polygon","arcs":[[3818,3819,3820,3821,3822,3823]],"properties":{"c":"68004"}},{"type":"Polygon","arcs":[[3824,3825,3826,3827,3828,3829,3830]],"properties":{"c":"68006"}},{"type":"Polygon","arcs":[[3831,3832,3833,-3821,3834]],"properties":{"c":"68010"}},{"type":"Polygon","arcs":[[3835,3836,3837,3838,3839,3840]],"properties":{"c":"68013"}},{"type":"Polygon","arcs":[[3841,3842,3843,3844,-3816,3845,3846]],"properties":{"c":"68017"}},{"type":"Polygon","arcs":[[3847,3848,3849,-3830,3850,3851,3852]],"properties":{"c":"68018"}},{"type":"Polygon","arcs":[[3853,3854,3855,3856,3857,3858,3859]],"properties":{"c":"68021"}},{"type":"Polygon","arcs":[[3860,3861,3862,3863,3864,3865]],"properties":{"c":"68024"}},{"type":"Polygon","arcs":[[3866,3867,3868,3869,3870,-3794,-3812]],"properties":{"c":"68025"}},{"type":"Polygon","arcs":[[3871,3872,3873,3874,3875,3876]],"properties":{"c":"68027"}},{"type":"Polygon","arcs":[[3877,3878,3879,3880,3881,3882]],"properties":{"c":"68033"}},{"type":"Polygon","arcs":[[3883,3884,3885,3886,3887]],"properties":{"c":"68034"}},{"type":"Polygon","arcs":[[3888,3889,3890,3891,3892,3893,3894]],"properties":{"c":"68039"}},{"type":"Polygon","arcs":[[3895,-3859,3896,3897,3898]],"properties":{"c":"68042"}},{"type":"Polygon","arcs":[[3899,3900,3901,3902,-3804,-3808,3903]],"properties":{"c":"68049"}},{"type":"Polygon","arcs":[[3904,3905,3906,3907,3908,3909,3910]],"properties":{"c":"68050"}},{"type":"Polygon","arcs":[[-3862,3911,3912,3913,3914]],"properties":{"c":"68052"}},{"type":"Polygon","arcs":[[3915,-3860,-3896,3916,3917]],"properties":{"c":"68054"}},{"type":"Polygon","arcs":[[3918,3919,3920,3921,3922,3923,3924,3925]],"properties":{"c":"68055"}},{"type":"Polygon","arcs":[[3926,3927,3928,3929,-3919,3930,3931]],"properties":{"c":"68056"}},{"type":"Polygon","arcs":[[3932,3933,3934,-3848,3935,3936,3937]],"properties":{"c":"68057"}},{"type":"Polygon","arcs":[[3938,-3840,3939,3940,3941,3942]],"properties":{"c":"68061"}},{"type":"Polygon","arcs":[[-3843,3943,3944,3945,3946,-3835,-3820,3947,3948]],"properties":{"c":"68062"}},{"type":"Polygon","arcs":[[-3906,3949,3950,3951,3952]],"properties":{"c":"68065"}},{"type":"Polygon","arcs":[[3953,3954,3955,3956,-3789]],"properties":{"c":"68067"}},{"type":"Polygon","arcs":[[-3846,-3815,3957,3958,3959,3960]],"properties":{"c":"68068"}},{"type":"Polygon","arcs":[[3961,3962,3963,3964]],"properties":{"c":"68071"}},{"type":"Polygon","arcs":[[3965,3966,3967,3968,3969]],"properties":{"c":"68072"}},{"type":"Polygon","arcs":[[-3791,3970,3971,-3867,-3811]],"properties":{"c":"68074"}},{"type":"Polygon","arcs":[[3972,3973,3974,-3901,3975]],"properties":{"c":"68075"}},{"type":"Polygon","arcs":[[-3852,3976,-3945,3977]],"properties":{"c":"68077"}},{"type":"Polygon","arcs":[[3978,3979,3980,-3950,-3905,3981]],"properties":{"c":"68079"}},{"type":"Polygon","arcs":[[3982,3983,3984,3985,3986]],"properties":{"c":"68080"}},{"type":"Polygon","arcs":[[-3851,-3829,3987,3988,-3946,-3977]],"properties":{"c":"68081"}},{"type":"Polygon","arcs":[[3989,-3923,3990,3991,-3966]],"properties":{"c":"68084"}},{"type":"Polygon","arcs":[[3992,-3912,-3861,3993]],"properties":{"c":"68085"}},{"type":"Polygon","arcs":[[3994,-3849,-3935,3995,3996]],"properties":{"c":"68086"}},{"type":"Polygon","arcs":[[-3893,3997,3998,3999,4000,4001]],"properties":{"c":"68087"}},{"type":"Polygon","arcs":[[-3795,-3871,4002,-3904,-3807]],"properties":{"c":"68090"}},{"type":"Polygon","arcs":[[4003,-3903,4004,4005,4006,4007]],"properties":{"c":"68092"}},{"type":"Polygon","arcs":[[4008,-3931,-3926,4009]],"properties":{"c":"68093"}},{"type":"Polygon","arcs":[[4010,4011,4012,4013,4014,4015,-3888]],"properties":{"c":"68094"}},{"type":"Polygon","arcs":[[4016,4017,4018,4019,4020,4021]],"properties":{"c":"68096"}},{"type":"Polygon","arcs":[[4022,4023,4024,4025]],"properties":{"c":"68098"}},{"type":"Polygon","arcs":[[4026,4027,4028,4029]],"properties":{"c":"68099"}},{"type":"Polygon","arcs":[[-3949,4030,4031,4032,4033,-3844]],"properties":{"c":"68100"}},{"type":"Polygon","arcs":[[4034,4035,-4030,4036,4037,-3827]],"properties":{"c":"68101"}},{"type":"Polygon","arcs":[[4038,4039,4040,4041,4042]],"properties":{"c":"68103"}},{"type":"Polygon","arcs":[[4043,-3964,4044,4045,-3831,-3850,-3995]],"properties":{"c":"68105"}},{"type":"Polygon","arcs":[[4046,-3937,4047,-3847,-3961]],"properties":{"c":"68107"}},{"type":"Polygon","arcs":[[-3864,4048,4049,4050,-3909,4051]],"properties":{"c":"68114"}},{"type":"Polygon","arcs":[[4052,4053,4054,-3967,-3992,4055,4056]],"properties":{"c":"68118"}},{"type":"Polygon","arcs":[[-4048,-3936,-3853,-3978,-3944,-3842]],"properties":{"c":"68119"}},{"type":"Polygon","arcs":[[4057,-4015,4058,-3943,4059,4060,4061]],"properties":{"c":"68120"}},{"type":"Polygon","arcs":[[-4016,-4058,4062,4063,-3884]],"properties":{"c":"68121"}},{"type":"Polygon","arcs":[[4064,-3880,4065,4066,-3785,4067,4068]],"properties":{"c":"68124"}},{"type":"Polygon","arcs":[[-4044,-3997,-4050,4069,-3965]],"properties":{"c":"68125"}},{"type":"Polygon","arcs":[[4070,4071,4072,-3941]],"properties":{"c":"68126"}},{"type":"Polygon","arcs":[[-3989,4073,4074,4075,-3832,-3947]],"properties":{"c":"68127"}},{"type":"Polygon","arcs":[[4076,4077,-3891,4078]],"properties":{"c":"68128"}},{"type":"Polygon","arcs":[[4079,-3754,4080,4081,4082,-4035,-3826]],"properties":{"c":"68129"}},{"type":"Polygon","arcs":[[4083,4084,4085,4086,4087,-3875,4088,4089]],"properties":{"c":"68132"}},{"type":"Polygon","arcs":[[4090,-3898,4091,-4071,-3940,-3839]],"properties":{"c":"68135"}},{"type":"Polygon","arcs":[[4092,-4032,4093,4094,-4025,4095,4096]],"properties":{"c":"68137"}},{"type":"Polygon","arcs":[[4097,-3824,4098,4099,-3878,4100,-4077,4101]],"properties":{"c":"68138"}},{"type":"Polygon","arcs":[[-4094,-4031,-3948,-3819,-4098,4102]],"properties":{"c":"68139"}},{"type":"Polygon","arcs":[[-4083,4103,-3927,4104,-4027,-4036]],"properties":{"c":"68141"}},{"type":"Polygon","arcs":[[-4053,4105,4106,4107,4108]],"properties":{"c":"68144"}},{"type":"Polygon","arcs":[[-4069,4109,-4017,4110]],"properties":{"c":"68148"}},{"type":"Polygon","arcs":[[4111,4112,4113]],"properties":{"c":"68149"}},{"type":"Polygon","arcs":[[-4037,-4029,4114,4115,4116,-4075,4117]],"properties":{"c":"68152"}},{"type":"Polygon","arcs":[[4118,4119,4120,4121,4122,4123]],"properties":{"c":"68154"}},{"type":"Polygon","arcs":[[-4020,4124,-4089,-3874,4125]],"properties":{"c":"68158"}},{"type":"Polygon","arcs":[[4126,-3918,4127,4128,-4086,4129]],"properties":{"c":"68160"}},{"type":"Polygon","arcs":[[4130,-4041,4131,4132,4133,4134,-3856]],"properties":{"c":"68163"}},{"type":"Polygon","arcs":[[-3802,4135,4136,4137,-3797,-3809,-3806]],"properties":{"c":"68165"}},{"type":"Polygon","arcs":[[4138,4139,4140,-3877,4141]],"properties":{"c":"68168"}},{"type":"Polygon","arcs":[[4142,-4001,4143,4144,-3869]],"properties":{"c":"68169"}},{"type":"Polygon","arcs":[[4145,4146,-4039,4147,4148,4149,4150,4151]],"properties":{"c":"68170"}},{"type":"Polygon","arcs":[[-3924,-3990,-3970,4152,4153]],"properties":{"c":"68174"}},{"type":"Polygon","arcs":[[-4026,-4095,-4103,-4102,-4079,-3890,4154,4155,4156]],"properties":{"c":"68176"}},{"type":"Polygon","arcs":[[4157,-3955,4158]],"properties":{"c":"68181"}},{"type":"Polygon","arcs":[[-4062,4159,4160,4161,-4063]],"properties":{"c":"68182"}},{"type":"Polygon","arcs":[[-3885,-4064,-4162,4162,4163]],"properties":{"c":"68183"}},{"type":"Polygon","arcs":[[-4008,4164,-4011,-3887,4165]],"properties":{"c":"68187"}},{"type":"Polygon","arcs":[[-3813,-3798,-4138,4166,4167]],"properties":{"c":"68190"}},{"type":"Polygon","arcs":[[4168,4169,-4116,4170,4171,4172,-3984]],"properties":{"c":"68191"}},{"type":"Polygon","arcs":[[4173,4174,-3951,-3981,4175,4176]],"properties":{"c":"68192"}},{"type":"Polygon","arcs":[[4177,4178,4179,4180,4181]],"properties":{"c":"68195"}},{"type":"Polygon","arcs":[[4182,4183,-4174,4184,4185]],"properties":{"c":"68196"}},{"type":"Polygon","arcs":[[-4149,4186,4187,4188,4189]],"properties":{"c":"68197"}},{"type":"Polygon","arcs":[[4190,-4150,-4190,4191,-4084]],"properties":{"c":"68198"}},{"type":"Polygon","arcs":[[4192,4193,4194,-3958,-3814]],"properties":{"c":"68200"}},{"type":"Polygon","arcs":[[4195,-4033,-4093,4196]],"properties":{"c":"68202"}},{"type":"Polygon","arcs":[[-3917,-3899,-4091,-3838,4197,-4128]],"properties":{"c":"68207"}},{"type":"Polygon","arcs":[[4198,4199,-3836,4200,-4013,4201,-4139]],"properties":{"c":"68208"}},{"type":"Polygon","arcs":[[-3894,-4002,-4143,-3868,-3972,4202]],"properties":{"c":"68212"}},{"type":"Polygon","arcs":[[4203,-4183,4204]],"properties":{"c":"68214"}},{"type":"Polygon","arcs":[[-3952,-4175,-4184,-4204,4205]],"properties":{"c":"68215"}},{"type":"Polygon","arcs":[[-3895,-4203,-3971,4206,4207]],"properties":{"c":"68216"}},{"type":"Polygon","arcs":[[-4082,4208,-4180,4209,-3928,-4104]],"properties":{"c":"68218"}},{"type":"Polygon","arcs":[[4210,-3974,4211,4212,-3872,-4141,4213,-4006]],"properties":{"c":"68221"}},{"type":"Polygon","arcs":[[-4214,-4140,-4202,-4012,-4165,-4007]],"properties":{"c":"68222"}},{"type":"Polygon","arcs":[[4214,-4124,4215,-3929,-4210,-4179,4216]],"properties":{"c":"68224"}},{"type":"Polygon","arcs":[[-4061,4217,-4160]],"properties":{"c":"68232"}},{"type":"Polygon","arcs":[[-4055,4218,4219,-4133,-3968]],"properties":{"c":"68238"}},{"type":"Polygon","arcs":[[-3882,4220,4221,4222,4223,-3999,4224]],"properties":{"c":"68240"}},{"type":"Polygon","arcs":[[4225,-4159,-3954,-3788,-3810,-4168]],"properties":{"c":"68243"}},{"type":"Polygon","arcs":[[4226,-3985,-4173,4227,4228,-3787]],"properties":{"c":"68245"}},{"type":"Polygon","arcs":[[-3805,-4004,-4166,-3886,-4164,4229,-3783,4230,-3800]],"properties":{"c":"68248"}},{"type":"Polygon","arcs":[[4231,4232,4233,4234,4235,-4107,4236]],"properties":{"c":"68253"}},{"type":"Polygon","arcs":[[-4109,4237,-4219,-4054]],"properties":{"c":"68254"}},{"type":"Polygon","arcs":[[4238,4239,4240,-4217,-4178]],"properties":{"c":"68256"}},{"type":"Polygon","arcs":[[4241,4242,-4207,-3790,-3957,4243]],"properties":{"c":"68257"}},{"type":"Polygon","arcs":[[-4087,-4129,-4198,-3837,-4200,4244]],"properties":{"c":"68263"}},{"type":"Polygon","arcs":[[-3876,-4088,-4245,-4199,-4142]],"properties":{"c":"68264"}},{"type":"Polygon","arcs":[[4245,4246,-4152,4247,4248]],"properties":{"c":"68265"}},{"type":"Polygon","arcs":[[-3757,-3745,4249,-4181,-4209,-4081]],"properties":{"c":"68267"}},{"type":"Polygon","arcs":[[-4176,-3980,4250,-3959,-4195,4251]],"properties":{"c":"68268"}},{"type":"Polygon","arcs":[[4252,-3920,-3930,-4216,-4123]],"properties":{"c":"68271"}},{"type":"Polygon","arcs":[[-4000,-4224,4253,4254,-4144]],"properties":{"c":"68273"}},{"type":"Polygon","arcs":[[-3921,-4253,-4122,4255,-4237,-4106,-4057,4256]],"properties":{"c":"68278"}},{"type":"Polygon","arcs":[[-4185,-4177,-4252,-4194,4257]],"properties":{"c":"68282"}},{"type":"Polygon","arcs":[[4258,4259,-4212,-3973,4260]],"properties":{"c":"68284"}},{"type":"Polygon","arcs":[[-3857,-4135,4261,4262,4263]],"properties":{"c":"68286"}},{"type":"Polygon","arcs":[[-4078,-4101,-3883,-4225,-3998,-3892]],"properties":{"c":"68288"}},{"type":"Polygon","arcs":[[4264,-3865,-4052,-3908]],"properties":{"c":"68293"}},{"type":"Polygon","arcs":[[4265,-4072,-4092,-3897,-3858,-4264,4266,-4114]],"properties":{"c":"68297"}},{"type":"Polygon","arcs":[[-3817,-3845,-4034,-4196,4267,4268]],"properties":{"c":"68299"}},{"type":"Polygon","arcs":[[4269,-4232,-4256,-4121,4270]],"properties":{"c":"68300"}},{"type":"Polygon","arcs":[[4271,-4153,-3969,-4132,-4040,-4147]],"properties":{"c":"68301"}},{"type":"Polygon","arcs":[[-4100,4272,-4066,-3879]],"properties":{"c":"68303"}},{"type":"Polygon","arcs":[[4273,-4242,4274,4275,-4156]],"properties":{"c":"68305"}},{"type":"Polygon","arcs":[[-4155,-3889,-4208,-4243,-4274]],"properties":{"c":"68306"}},{"type":"Polygon","arcs":[[4276,-4042,-4131,-3855,4277]],"properties":{"c":"68309"}},{"type":"Polygon","arcs":[[-4074,-3988,-3828,-4038,-4118]],"properties":{"c":"68320"}},{"type":"Polygon","arcs":[[-4010,-3925,-4154,-4272,-4146,-4247,4278]],"properties":{"c":"68323"}},{"type":"Polygon","arcs":[[-4172,4279,-4279,-4246,4280,-4228]],"properties":{"c":"68324"}},{"type":"Polygon","arcs":[[4281,-4222,4282,-4021,-4126,-3873,-4213,-4260]],"properties":{"c":"68325"}},{"type":"Polygon","arcs":[[-3915,-3962,-4070,-4049,-3863]],"properties":{"c":"68326"}},{"type":"Polygon","arcs":[[-4192,-4189,4283,-4130,-4085]],"properties":{"c":"68327"}},{"type":"Polygon","arcs":[[-4097,4284,-4268,-4197]],"properties":{"c":"68330"}},{"type":"Polygon","arcs":[[-4076,-4117,-4170,4285,-3833]],"properties":{"c":"68332"}},{"type":"Polygon","arcs":[[-4273,4286,-3986,-4227,-3786,-4067]],"properties":{"c":"68333"}},{"type":"Polygon","arcs":[[-3911,4287,-3933,4288,-3982]],"properties":{"c":"68336"}},{"type":"Polygon","arcs":[[-3910,-4051,-3996,-3934,-4288]],"properties":{"c":"68337"}},{"type":"Polygon","arcs":[[4289,-4023,-4157,-4276]],"properties":{"c":"68340"}},{"type":"Polygon","arcs":[[-4127,-4284,-4188,4290,-4278,-3854,-3916]],"properties":{"c":"68341"}},{"type":"Polygon","arcs":[[-4145,-4255,-4261,-3976,-3900,-4003,-3870]],"properties":{"c":"68347"}},{"type":"Polygon","arcs":[[-4267,-4263,4291,-4112]],"properties":{"c":"68349"}},{"type":"Polygon","arcs":[[-4229,-4281,-4249,4292,-4018,-4110,-4068,-3784]],"properties":{"c":"68353"}},{"type":"Polygon","arcs":[[-4254,-4223,-4282,-4259]],"properties":{"c":"68355"}},{"type":"Polygon","arcs":[[-3834,-4286,-4169,-3983,4293,-3822]],"properties":{"c":"68356"}},{"type":"Polygon","arcs":[[-4148,-4043,-4277,-4291,-4187]],"properties":{"c":"68357"}},{"type":"Polygon","arcs":[[-4201,-3841,-3939,-4059,-4014]],"properties":{"c":"68362"}},{"type":"Polygon","arcs":[[-3975,-4211,-4005,-3902]],"properties":{"c":"68363"}},{"type":"Polygon","arcs":[[-3881,-4065,-4111,-4022,-4283,-4221]],"properties":{"c":"68371"}},{"type":"Polygon","arcs":[[-3744,-3775,4294,4295,4296,4297,-4239,-4182,-4250]],"properties":{"c":"68375"}},{"type":"Polygon","arcs":[[-4294,-3987,-4287,-4099,-3823]],"properties":{"c":"68377"}},{"type":"Polygon","arcs":[[-4289,-3938,-4047,-3960,-4251,-3979]],"properties":{"c":"68378"}},{"type":"Polygon","arcs":[[-3801,-4231,-3782,4298,-4136]],"properties":{"c":"68380"}},{"type":"Polygon","arcs":[[-4293,-4248,-4151,-4191,-4090,-4125,-4019]],"properties":{"c":"68382"}},{"type":"Polygon","arcs":[[-4105,-3932,-4009,-4280,-4171,-4115,-4028]],"properties":{"c":"68384"}},{"type":"Polygon","arcs":[[-4257,-4056,-3991,-3922]],"properties":{"c":"68386"}},{"type":"Polygon","arcs":[[4299,4300,4301,4302,4303]],"properties":{"c":"68172"}},{"type":"Polygon","arcs":[[4304,4305,4306,4307,-4235,4308]],"properties":{"c":"68020"}},{"type":"Polygon","arcs":[[4309,-4119,-4215,-4241,4310]],"properties":{"c":"68166"}},{"type":"Polygon","arcs":[[4311,4312,4313,4314,4315]],"properties":{"c":"68007"}},{"type":"Polygon","arcs":[[4316,4317,4318,-4233,-4270]],"properties":{"c":"68015"}},{"type":"Polygon","arcs":[[4319,4320,-4309,-4234,-4319,4321]],"properties":{"c":"68022"}},{"type":"Polygon","arcs":[[-3766,4322,4323,4324,-3773]],"properties":{"c":"68032"}},{"type":"Polygon","arcs":[[4325,-4313,4326,4327,4328,4329]],"properties":{"c":"68038"}},{"type":"Polygon","arcs":[[-4324,4330,4331,4332,4333,4334]],"properties":{"c":"68043"}},{"type":"Polygon","arcs":[[4335,4336,-3733,-3750,-3736]],"properties":{"c":"68046"}},{"type":"Polygon","arcs":[[4337,4338,-4307]],"properties":{"c":"68064"}},{"type":"Polygon","arcs":[[4339,4340,4341,4342,4343,4344,4345,4346,4347,4348,4349,4350,4351,4352,4353,4354]],"properties":{"c":"68066"}},{"type":"Polygon","arcs":[[-4334,4355,4356,4357]],"properties":{"c":"68088"}},{"type":"Polygon","arcs":[[-4314,-4326,4358,4359,4360]],"properties":{"c":"68095"}},{"type":"Polygon","arcs":[[4361,4362,4363,4364,4365,4366]],"properties":{"c":"68134"}},{"type":"Polygon","arcs":[[-4328,4367,-4352,4368,4369]],"properties":{"c":"68143"}},{"type":"Polygon","arcs":[[-4353,-4368,-4327,-4312,4370]],"properties":{"c":"68145"}},{"type":"Polygon","arcs":[[4371,4372,-4346]],"properties":{"c":"68146"}},{"type":"Polygon","arcs":[[4373,-4342,4374,4375,4376]],"properties":{"c":"68155"}},{"type":"Polygon","arcs":[[4377,-4369,-4351,4378,-2765,4379,4380,4381]],"properties":{"c":"68157"}},{"type":"Polygon","arcs":[[-4330,4382,-4382,4383,4384,-4359]],"properties":{"c":"68227"}},{"type":"Polygon","arcs":[[4385,4386,4387]],"properties":{"c":"68237"}},{"type":"Polygon","arcs":[[4388,4389,4390,4391,4392,-4296]],"properties":{"c":"68258"}},{"type":"Polygon","arcs":[[4393,-4311,-4240,-4298]],"properties":{"c":"68270"}},{"type":"Polygon","arcs":[[-4392,4394,-4322,-4318,4395]],"properties":{"c":"68289"}},{"type":"Polygon","arcs":[[-4364,4396,4397,-4355,4398,4399,4400,4401,4402]],"properties":{"c":"68295"}},{"type":"Polygon","arcs":[[-4325,-4335,-4358,4403,-4389,-4295,-3774]],"properties":{"c":"68321"}},{"type":"Polygon","arcs":[[-4354,-4371,-4316,4404,4405,4406,4407,-4399]],"properties":{"c":"68331"}},{"type":"Polygon","arcs":[[4408,-4388,4409,-4376,4410,4411,4412,4413]],"properties":{"c":"68338"}},{"type":"Polygon","arcs":[[-4404,-4357,4414,4415,4416,4417,-4390]],"properties":{"c":"68343"}},{"type":"Polygon","arcs":[[4418,4419,4420,4421,-4413]],"properties":{"c":"68354"}},{"type":"Polygon","arcs":[[-4340,-4398,4422,4423]],"properties":{"c":"68365"}},{"type":"Polygon","arcs":[[-4370,-4378,-4383,-4329]],"properties":{"c":"68366"}},{"type":"Polygon","arcs":[[-4420,4424,-4411,-4375,-4341,-4424,4425,4426,4427]],"properties":{"c":"68374"}},{"type":"Polygon","arcs":[[-4297,-4393,-4396,-4317,-4271,-4120,-4310,-4394]],"properties":{"c":"68376"}},{"type":"Polygon","arcs":[[-4412,-4425,-4419]],"properties":{"c":"68385"}},{"type":"Polygon","arcs":[[-2764,4428,4429,4430,-4380]],"properties":{"c":"68009"}},{"type":"Polygon","arcs":[[4431,4432,4433,4434,4435,4436,-4402]],"properties":{"c":"68069"}},{"type":"Polygon","arcs":[[4437,4438,4439,4440,-3769,4441]],"properties":{"c":"68102"}},{"type":"Polygon","arcs":[[4442,4443,4444,4445,4446,4447,-4439,4448,4449]],"properties":{"c":"68178"}},{"type":"Polygon","arcs":[[4450,4451,4452,4453]],"properties":{"c":"68228"}},{"type":"Polygon","arcs":[[4454,4455]],"properties":{"c":"68231"}},{"type":"Polygon","arcs":[[4456,4457,-3780,4458,4459,-4452]],"properties":{"c":"68241"}},{"type":"Polygon","arcs":[[4460,4461,4462,4463,4464]],"properties":{"c":"68251"}},{"type":"Polygon","arcs":[[4465,-4430,4466,-4302]],"properties":{"c":"68019"}},{"type":"Polygon","arcs":[[4467,4468,4469,4470,4471]],"properties":{"c":"68023"}},{"type":"Polygon","arcs":[[4472,-4472,4473,-4372,-4345,4474]],"properties":{"c":"68026"}},{"type":"Polygon","arcs":[[4475,4476,4477,4478]],"properties":{"c":"68044"}},{"type":"Polygon","arcs":[[-4446,4479,4480,4481,4482,4483]],"properties":{"c":"68058"}},{"type":"Polygon","arcs":[[-4381,-4431,-4466,-4301,4484,-4384]],"properties":{"c":"68076"}},{"type":"Polygon","arcs":[[-4426,-4423,-4397,-4363,4485,4486],[4487]],"properties":{"c":"68078"}},{"type":"Polygon","arcs":[[-4391,-4418,4488,4489,-4320,-4395]],"properties":{"c":"68082"}},{"type":"Polygon","arcs":[[4490,4491,4492,4493]],"properties":{"c":"68097"}},{"type":"Polygon","arcs":[[-4441,4494,-3770]],"properties":{"c":"68106"}},{"type":"Polygon","arcs":[[4495,4496,4497,4498,4499,4500]],"properties":{"c":"68109"}},{"type":"Polygon","arcs":[[4501,-2676,-2766,-4379,-4350]],"properties":{"c":"68110"}},{"type":"Polygon","arcs":[[4502,4503,4504,4505,-4501]],"properties":{"c":"68117"}},{"type":"Polygon","arcs":[[4506,-4459,-3779,4507,4508,4509,4510,4511,4512]],"properties":{"c":"68140"}},{"type":"Polygon","arcs":[[4513,4514,4515]],"properties":{"c":"68147"}},{"type":"Polygon","arcs":[[4516,4517,4518,4519,4520,4521]],"properties":{"c":"68156"}},{"type":"Polygon","arcs":[[4522,4523,4524,4525,4526,4527]],"properties":{"c":"68159"}},{"type":"Polygon","arcs":[[4528,-4475,-4344,4529,4530,4531,-4493,4532,4533]],"properties":{"c":"68162"}},{"type":"Polygon","arcs":[[4534,4535,4536]],"properties":{"c":"68223"}},{"type":"Polygon","arcs":[[4537,4538,-4305,-4321,-4490,4539,-4512]],"properties":{"c":"68225"}},{"type":"Polygon","arcs":[[4540,-4447,-4484,4541]],"properties":{"c":"68229"}},{"type":"Polygon","arcs":[[4542,-4479,4543,4544,-4505,4545,4546]],"properties":{"c":"68249"}},{"type":"Polygon","arcs":[[4547,-4519,4548,-4415,-4356,-4333]],"properties":{"c":"68260"}},{"type":"Polygon","arcs":[[4549,4550,-4513,-4540,-4489,-4417]],"properties":{"c":"68266"}},{"type":"Polygon","arcs":[[-4542,-4483,4551,-4524,4552,4553]],"properties":{"c":"68274"}},{"type":"Polygon","arcs":[[4554,4555,4556,4557,4558,4559]],"properties":{"c":"68311"}},{"type":"Polygon","arcs":[[-4427,-4487,4560,4561,4562,4563]],"properties":{"c":"68350"}},{"type":"Polygon","arcs":[[4564,4565,4566,4567,4568,-4456,4569]],"properties":{"c":"68352"}},{"type":"Polygon","arcs":[[4570,4571,-4568,4572,4573,-4433]],"properties":{"c":"68360"}},{"type":"Polygon","arcs":[[-4463,4574,4575,4576,4577]],"properties":{"c":"68364"}},{"type":"Polygon","arcs":[[-4405,-4315,-4361,4578,4579,4580]],"properties":{"c":"68367"}},{"type":"Polygon","arcs":[[-4406,-4581,4581,-4570,-4455,-4569,-4572,4582,4583]],"properties":{"c":"68379"}},{"type":"Polygon","arcs":[[4584,4585,-3764,4586,-4527]],"properties":{"c":"68381"}},{"type":"Polygon","arcs":[[-4515,4587,4588,4589,-4470,4590]],"properties":{"c":"68383"}},{"type":"Polygon","arcs":[[-4573,-4567,4591,4592,4593]],"properties":{"c":"68001"}},{"type":"Polygon","arcs":[[-4530,-4343,-4374,4594,-4386,-4409,4595]],"properties":{"c":"68005"}},{"type":"Polygon","arcs":[[-4407,-4584,4596,4597]],"properties":{"c":"68008"}},{"type":"Polygon","arcs":[[4598,4599,4600,-4533,-4492]],"properties":{"c":"68014"}},{"type":"Polygon","arcs":[[4601,4602,4603,4604,-4509]],"properties":{"c":"68016"}},{"type":"Polygon","arcs":[[4605,4606,-4522,4607,4608,4609]],"properties":{"c":"68029"}},{"type":"Polygon","arcs":[[4610,4611,-4609,4612,-4481]],"properties":{"c":"68030"}},{"type":"Polygon","arcs":[[-4582,-4580,4613,-4304,4614,4615,-4565]],"properties":{"c":"68036"}},{"type":"Polygon","arcs":[[-4458,4616,4617,-3776]],"properties":{"c":"68037"}},{"type":"Polygon","arcs":[[4618,4619,4620,4621]],"properties":{"c":"68041"}},{"type":"Polygon","arcs":[[4622,-4558,-4536,4623]],"properties":{"c":"68051"}},{"type":"Polygon","arcs":[[-4499,4624,4625,4626]],"properties":{"c":"68083"}},{"type":"Polygon","arcs":[[-4510,-4605,4627,-4622,4628]],"properties":{"c":"68091"}},{"type":"Polygon","arcs":[[4629,4630,4631,4632,-4593,4633]],"properties":{"c":"68104"}},{"type":"Polygon","arcs":[[4634,4635,4636]],"properties":{"c":"68111"}},{"type":"Polygon","arcs":[[-4552,-4482,-4613,-4608,-4521,4637,-4525]],"properties":{"c":"68112"}},{"type":"Polygon","arcs":[[4638,-4454,4639,4640,-4517,-4607]],"properties":{"c":"68116"}},{"type":"Polygon","arcs":[[-4586,4641,-4331,-4323,-3765]],"properties":{"c":"68122"}},{"type":"Polygon","arcs":[[4642,-4562,4643,-4367,4644,4645,-4636]],"properties":{"c":"68123"}},{"type":"Polygon","arcs":[[-4435,4646,-4632,4647,4648]],"properties":{"c":"68130"}},{"type":"Polygon","arcs":[[4649,-4597,-4583,-4571,-4432,-4401]],"properties":{"c":"68136"}},{"type":"Polygon","arcs":[[4650,-4546,-4504,4651,4652]],"properties":{"c":"68142"}},{"type":"Polygon","arcs":[[-4488]],"properties":{"c":"68150"}},{"type":"Polygon","arcs":[[-2677,-4502,-4349,4653,-2684]],"properties":{"c":"68153"}},{"type":"Polygon","arcs":[[-4595,-4377,-4410,-4387]],"properties":{"c":"68161"}},{"type":"Polygon","arcs":[[-4545,4654,-4531,-4596,-4414,-4422,4655]],"properties":{"c":"68173"}},{"type":"Polygon","arcs":[[4656,-4494,-4532,-4655,-4544,-4478]],"properties":{"c":"68175"}},{"type":"Polygon","arcs":[[4657,4658,4659,4660,4661,-4611,-4480,-4445]],"properties":{"c":"68177"}},{"type":"Polygon","arcs":[[4662,4663,-4560,4664,4665,-4658,-4444,4666]],"properties":{"c":"68188"}},{"type":"Polygon","arcs":[[-4400,-4408,-4598,-4650]],"properties":{"c":"68189"}},{"type":"Polygon","arcs":[[-4623,4667,-4626,4668,-4665,-4559]],"properties":{"c":"68193"}},{"type":"Polygon","arcs":[[-4641,4669,-4550,-4416,-4549,-4518]],"properties":{"c":"68203"}},{"type":"Polygon","arcs":[[-4640,-4453,-4460,-4507,-4551,-4670]],"properties":{"c":"68205"}},{"type":"Polygon","arcs":[[4670,-4468,-4473,-4529]],"properties":{"c":"68209"}},{"type":"Polygon","arcs":[[-4652,-4503,-4500,-4627,-4668,4671]],"properties":{"c":"68226"}},{"type":"Polygon","arcs":[[-4648,-4631,4672,-4603,4673]],"properties":{"c":"68230"}},{"type":"Polygon","arcs":[[-4365,-4403,4674,4675]],"properties":{"c":"68235"}},{"type":"Polygon","arcs":[[4676,-4675,-4437,4677,-3777,-4618]],"properties":{"c":"68242"}},{"type":"Polygon","arcs":[[-4486,-4362,-4644,-4561]],"properties":{"c":"68244"}},{"type":"Polygon","arcs":[[-4574,-4594,-4633,-4647,-4434]],"properties":{"c":"68246"}},{"type":"Polygon","arcs":[[4678,-4577,4679,-4610,-4612,-4662]],"properties":{"c":"68250"}},{"type":"Polygon","arcs":[[-4590,4680,-4347,-4373,-4474,-4471]],"properties":{"c":"68252"}},{"type":"Polygon","arcs":[[4681,-4637,-4646,4682,-4575,-4462,4683]],"properties":{"c":"68255"}},{"type":"Polygon","arcs":[[4684,-4553,-4523]],"properties":{"c":"68276"}},{"type":"Polygon","arcs":[[-4601,4685,-4516,-4591,-4469,-4671,-4534]],"properties":{"c":"68277"}},{"type":"Polygon","arcs":[[-4511,-4629,-4621,4686,-4538]],"properties":{"c":"68281"}},{"type":"MultiPolygon","arcs":[[[-4680,-4576,-4683,-4645,-4366,-4676,-4677,-4617,-4457,-4451,-4639,-4606]],[[4687,4688,-4465,4689,-4660]]],"properties":{"c":"68287"}},{"type":"Polygon","arcs":[[-3778,-4678,-4436,-4649,-4674,-4602,-4508]],"properties":{"c":"68290"}},{"type":"Polygon","arcs":[[-4687,-4620,4690,-4338,-4306,-4539]],"properties":{"c":"68291"}},{"type":"MultiPolygon","arcs":[[[-4440,-4448,-4541,-4554,-4685,-4528,-4587,-3763,-3771,-4495]],[[-4638,-4520,-4548,-4332,-4642,-4585,-4526]]],"properties":{"c":"68315"}},{"type":"Polygon","arcs":[[-4682,4691,4692,-4497,4693,-4563,-4643,-4635]],"properties":{"c":"68316"}},{"type":"Polygon","arcs":[[4694,-4547,-4651,4695]],"properties":{"c":"68317"}},{"type":"MultiPolygon","arcs":[[[-4661,-4690,-4464,-4578,-4679]],[[4696,-4692,-4684,-4461,-4689]]],"properties":{"c":"68318"}},{"type":"Polygon","arcs":[[-4485,-4300,-4614,-4579,-4360,-4385]],"properties":{"c":"68345"}},{"type":"Polygon","arcs":[[4697,-4634,-4592,-4566,-4616]],"properties":{"c":"68351"}},{"type":"Polygon","arcs":[[-4669,-4625,-4498,-4693,-4697,-4688,-4659,-4666]],"properties":{"c":"68358"}},{"type":"Polygon","arcs":[[-4506,-4656,-4421,-4428,-4564,-4694,-4496]],"properties":{"c":"68368"}},{"type":"Polygon","arcs":[[-4046,4698,4699,-3755,-4080,-3825]],"properties":{"c":"68059"}},{"type":"Polygon","arcs":[[4700,-3721,-3756,-4700,4701]],"properties":{"c":"68060"}},{"type":"Polygon","arcs":[[4702,4703,-3739,-3753,-3727,-3722,-4701,4704]],"properties":{"c":"68115"}},{"type":"Polygon","arcs":[[4705,-3735,4706,4707]],"properties":{"c":"68179"}},{"type":"Polygon","arcs":[[4708,-4336,-4706,4709,4710,4711,4712,4713]],"properties":{"c":"68201"}},{"type":"Polygon","arcs":[[4714,-4710,-4708,4715,-4703,4716,-3913,-3993]],"properties":{"c":"68219"}},{"type":"Polygon","arcs":[[-4707,-3734,-4704,-4716]],"properties":{"c":"68304"}},{"type":"Polygon","arcs":[[-3914,-4717,-4705,-4702,-4699,-4045,-3963]],"properties":{"c":"68313"}},{"type":"Polygon","arcs":[[4717,4718,4719]],"properties":{"c":"68285"}},{"type":"Polygon","arcs":[[4720,4721,4722,4723,-4712]],"properties":{"c":"68167"}},{"type":"Polygon","arcs":[[4724,4725,4726,4727,4728,4729,4730]],"properties":{"c":"68211"}},{"type":"Polygon","arcs":[[4731,4732,-4722,4733]],"properties":{"c":"68073"}},{"type":"Polygon","arcs":[[4734,4735,-4667,-4443,4736,4737,4738,4739]],"properties":{"c":"68089"}},{"type":"Polygon","arcs":[[4740,-4738,4741,-4726,4742,4743]],"properties":{"c":"68151"}},{"type":"Polygon","arcs":[[4744,4745,4746,4747,-4735]],"properties":{"c":"68171"}},{"type":"Polygon","arcs":[[-4729,4748,4749]],"properties":{"c":"68199"}},{"type":"Polygon","arcs":[[4750,-4747,4751,4752,4753,-4537,-4557,4754,-4555,-4664]],"properties":{"c":"68204"}},{"type":"Polygon","arcs":[[-4755,-4556]],"properties":{"c":"68210"}},{"type":"Polygon","arcs":[[4755,-4743,-4725,4756]],"properties":{"c":"68213"}},{"type":"Polygon","arcs":[[4757,4758,-4730,-4750,4759,-4442,-3768,-4337,-4709]],"properties":{"c":"68217"}},{"type":"Polygon","arcs":[[4760,4761,-4733,4762,4763]],"properties":{"c":"68239"}},{"type":"Polygon","arcs":[[-4748,-4751,-4663,-4736]],"properties":{"c":"68247"}},{"type":"Polygon","arcs":[[-4737,-4450,4764,-4727,-4742]],"properties":{"c":"68262"}},{"type":"Polygon","arcs":[[4765,4766,-4757,-4731,-4759,4767,-4761]],"properties":{"c":"68275"}},{"type":"Polygon","arcs":[[-4765,-4449,-4438,-4760,-4749,-4728]],"properties":{"c":"68292"}},{"type":"Polygon","arcs":[[4768,-4763,-4732]],"properties":{"c":"68307"}},{"type":"Polygon","arcs":[[-4724,4769,-4713]],"properties":{"c":"68308"}},{"type":"Polygon","arcs":[[4770,-4744,-4756,-4767,4771]],"properties":{"c":"68328"}},{"type":"Polygon","arcs":[[-4696,-4653,-4672,-4624,-4535,-4754,4772]],"properties":{"c":"68329"}},{"type":"Polygon","arcs":[[-4739,-4741,-4771,4773]],"properties":{"c":"68344"}},{"type":"Polygon","arcs":[[-4758,-4714,-4770,-4723,-4762,-4768]],"properties":{"c":"68361"}},{"type":"Polygon","arcs":[[4774,-4752,-4746]],"properties":{"c":"68370"}},{"type":"Polygon","arcs":[[4775,4776,4777,-4719,4778,4779]],"properties":{"c":"68028"}},{"type":"Polygon","arcs":[[4780,-3595,-3446,-3525,4781,4782,4783]],"properties":{"c":"68185"}},{"type":"Polygon","arcs":[[4784,4785,-4783,4786,-4720,-4778]],"properties":{"c":"68280"}},{"type":"Polygon","arcs":[[4787,4788,-4784,4789,4790]],"properties":{"c":"68294"}},{"type":"Polygon","arcs":[[-3524,-3713,4791,-4779,-4718,-4787,-4782]],"properties":{"c":"68296"}},{"type":"Polygon","arcs":[[-4791,4792,-4599,-4491,-4657,-4477,4793]],"properties":{"c":"68298"}},{"type":"Polygon","arcs":[[-4777,4794,-4785]],"properties":{"c":"68335"}},{"type":"Polygon","arcs":[[-4681,-4589,4795,-4780,-4792,-3712,-2685,-4654,-4348]],"properties":{"c":"68113"}},{"type":"Polygon","arcs":[[-4686,-4600,-4793,-4790,-4786,-4795,-4776,-4796,-4588,-4514]],"properties":{"c":"68269"}},{"type":"Polygon","arcs":[[-4789,4796,-3717,-3673,-3645,-3493,-3594,-4781]],"properties":{"c":"68283"}}]}},"arcs":[[[7.14885,48.8446],[7.17351,48.84202]],[[7.17351,48.84202],[7.16749,48.83831],[7.18247,48.83515],[7.18046,48.82646],[7.18713,48.81865],[7.17993,48.81052]],[[7.17993,48.81052],[7.16675,48.81608],[7.15906,48.80911]],[[7.15906,48.80911],[7.15866,48.80712]],[[7.15866,48.80712],[7.1324,48.79577]],[[7.1324,48.79577],[7.1268,48.80114]],[[7.1268,48.80114],[7.12445,48.81251],[7.13981,48.8175]],[[7.13981,48.8175],[7.1476,48.82186],[7.14111,48.83441],[7.14885,48.8446]],[[7.21682,49.03189],[7.21718,49.03567]],[[7.21718,49.03567],[7.23231,49.04786]],[[7.23231,49.04786],[7.25658,49.0425],[7.28739,49.01683],[7.29157,49.01742]],[[7.29157,49.01742],[7.29177,49.01268]],[[7.29177,49.01268],[7.26677,49.00722]],[[7.26677,49.00722],[7.23896,49.01414],[7.21615,49.0148],[7.2083,49.01996]],[[7.2083,49.01996],[7.21682,49.03189]],[[7.16142,49.02948],[7.17494,49.03953],[7.19286,49.03164],[7.21682,49.03189]],[[7.2083,49.01996],[7.20154,49.01529]],[[7.20154,49.01529],[7.17961,49.01234],[7.17698,49.01708]],[[7.17698,49.01708],[7.16672,49.01929],[7.16142,49.02948]],[[7.38911,49.11112],[7.39303,49.1]],[[7.39303,49.1],[7.37838,49.0869]],[[7.37838,49.0869],[7.36812,49.0878]],[[7.36812,49.0878],[7.36303,49.0964],[7.35125,49.1021],[7.35577,49.1092],[7.36734,49.10703],[7.38911,49.11112]],[[7.33848,48.99601],[7.34439,49.00051]],[[7.34439,49.00051],[7.35367,49.00286],[7.36124,48.9978],[7.37504,48.99692]],[[7.37504,48.99692],[7.36003,48.98582],[7.36183,48.97064]],[[7.36183,48.97064],[7.35123,48.97533],[7.34658,48.98482],[7.32644,48.9859]],[[7.32644,48.9859],[7.33824,48.98857],[7.33848,48.99601]],[[7.33815,49.02823],[7.3329,49.0367],[7.32493,49.0385]],[[7.32493,49.0385],[7.34895,49.06433],[7.34632,49.06906]],[[7.34632,49.06906],[7.35811,49.06697],[7.37723,49.06963],[7.37403,49.06105],[7.38498,49.05925]],[[7.38498,49.05925],[7.37451,49.04471],[7.37497,49.03991]],[[7.37497,49.03991],[7.35701,49.04129],[7.34163,49.03412],[7.33815,49.02823]],[[7.37504,48.99692],[7.38906,48.99324]],[[7.38906,48.99324],[7.3812,48.98348],[7.3842,48.97646],[7.39545,48.97199],[7.38795,48.96629],[7.37364,48.96624],[7.39604,48.95917],[7.37585,48.95371],[7.36773,48.95591]],[[7.36773,48.95591],[7.37143,48.96134],[7.36183,48.97064]],[[7.36212,49.01998],[7.39023,49.02292]],[[7.39023,49.02292],[7.40046,49.01967],[7.41389,49.02107]],[[7.41389,49.02107],[7.42503,49.0162]],[[7.42503,49.0162],[7.40072,49.00759],[7.38906,48.99324]],[[7.34439,49.00051],[7.34626,49.01035],[7.36212,49.01998]],[[7.47904,49.0255],[7.48813,49.03379],[7.51199,49.04105],[7.5244,49.03779],[7.55204,49.03928]],[[7.55204,49.03928],[7.57058,49.02779]],[[7.57058,49.02779],[7.5254,49.01196],[7.50303,49.00003]],[[7.50303,49.00003],[7.50182,48.99967]],[[7.50182,48.99967],[7.48519,49.01473],[7.48994,49.0169],[7.47904,49.0255]],[[7.36811,48.95354],[7.36773,48.95591]],[[7.42503,49.0162],[7.44695,49.01545],[7.47904,49.0255]],[[7.50182,48.99967],[7.49099,48.98639],[7.4797,48.97958],[7.45163,48.96796]],[[7.45163,48.96796],[7.43018,48.96094],[7.40874,48.95938],[7.39231,48.95271]],[[7.39231,48.95271],[7.37992,48.95119]],[[7.37992,48.95119],[7.36811,48.95354]],[[7.57058,49.02779],[7.59347,49.02585],[7.60643,49.02003]],[[7.60643,49.02003],[7.61157,49.01244],[7.5973,49.00133],[7.58756,48.98969],[7.59233,48.98484]],[[7.59233,48.98484],[7.57987,48.96933],[7.58356,48.96604]],[[7.58356,48.96604],[7.57993,48.96161]],[[7.57993,48.96161],[7.57296,48.97489],[7.55931,48.98486],[7.56248,48.98814],[7.54448,48.99555],[7.50645,48.9965],[7.50303,49.00003]],[[7.38498,49.05925],[7.38982,49.06044]],[[7.38982,49.06044],[7.40262,49.05546],[7.40136,49.0492],[7.4102,49.03863],[7.42036,49.03399],[7.41138,49.03194],[7.41389,49.02107]],[[7.39023,49.02292],[7.38888,49.02835],[7.37497,49.03991]],[[7.2902,48.95652],[7.29043,48.96709]],[[7.29043,48.96709],[7.29393,48.97262]],[[7.29393,48.97262],[7.29556,48.97389]],[[7.29556,48.97389],[7.32086,48.98032]],[[7.32086,48.98032],[7.33021,48.9746],[7.33105,48.96468],[7.34237,48.965],[7.35512,48.95444]],[[7.35512,48.95444],[7.32685,48.94337]],[[7.32685,48.94337],[7.30612,48.95351],[7.2902,48.95652]],[[7.30272,49.09927],[7.29741,49.09273],[7.28205,49.09015],[7.24504,49.07458]],[[7.24504,49.07458],[7.23661,49.07399],[7.22474,49.08157],[7.229,49.09671],[7.22458,49.10154]],[[7.22458,49.10154],[7.2427,49.1064]],[[7.2427,49.1064],[7.2541,49.10293],[7.28956,49.10772]],[[7.28956,49.10772],[7.30481,49.10426],[7.30272,49.09927]],[[7.23413,48.73818],[7.22288,48.74116]],[[7.22288,48.74116],[7.22443,48.74704],[7.23962,48.75313]],[[7.23962,48.75313],[7.25256,48.74126]],[[7.25256,48.74126],[7.24636,48.73332],[7.23413,48.73818]],[[7.23312,48.72708],[7.22375,48.71856]],[[7.22375,48.71856],[7.20095,48.7242],[7.18713,48.72488]],[[7.18713,48.72488],[7.18732,48.73095]],[[7.18732,48.73095],[7.1947,48.74176]],[[7.1947,48.74176],[7.20791,48.74805]],[[7.20791,48.74805],[7.20898,48.74767]],[[7.20898,48.74767],[7.22288,48.74116]],[[7.23413,48.73818],[7.23312,48.72708]],[[7.13922,48.72592],[7.12809,48.72072]],[[7.12809,48.72072],[7.11564,48.72998]],[[7.11564,48.72998],[7.12543,48.73547],[7.12573,48.75352],[7.13134,48.75662]],[[7.13134,48.75662],[7.13336,48.75406],[7.16218,48.75],[7.17477,48.73433]],[[7.17477,48.73433],[7.15098,48.72583],[7.13922,48.72592]],[[7.27974,48.73354],[7.28614,48.73152]],[[7.28614,48.73152],[7.2733,48.71626],[7.26663,48.71421],[7.26473,48.70046]],[[7.26473,48.70046],[7.25958,48.70049],[7.24502,48.71402],[7.24801,48.72342]],[[7.24801,48.72342],[7.26873,48.72642],[7.27974,48.73354]],[[7.24801,48.72342],[7.24568,48.72818],[7.23312,48.72708]],[[7.25256,48.74126],[7.27337,48.74836]],[[7.27337,48.74836],[7.28116,48.74188],[7.27974,48.73354]],[[7.23231,49.04786],[7.24681,49.05666]],[[7.24681,49.05666],[7.25274,49.05964],[7.28501,49.05735]],[[7.28501,49.05735],[7.29485,49.05089],[7.29568,49.04279],[7.3109,49.03536]],[[7.3109,49.03536],[7.30284,49.02131],[7.29157,49.01742]],[[7.39303,49.1],[7.41897,49.09394],[7.42497,49.09813]],[[7.42497,49.09813],[7.44064,49.08513],[7.44039,49.0792]],[[7.44039,49.0792],[7.43302,49.0724],[7.41759,49.07111],[7.40299,49.05918],[7.38982,49.06044]],[[7.38982,49.06044],[7.37896,49.06892],[7.37838,49.0869]],[[7.11844,48.76923],[7.11424,48.7828],[7.10638,48.78687],[7.11015,48.79283],[7.12081,48.79089],[7.11715,48.79894]],[[7.11715,48.79894],[7.1268,48.80114]],[[7.1324,48.79577],[7.13987,48.78087],[7.1336,48.77365],[7.14279,48.76746]],[[7.14279,48.76746],[7.13314,48.75974]],[[7.13314,48.75974],[7.12215,48.76165],[7.11844,48.76923]],[[7.1947,48.74176],[7.1856,48.75176]],[[7.1856,48.75176],[7.20134,48.75546],[7.20791,48.74805]],[[7.18455,48.80263],[7.18773,48.80437]],[[7.18773,48.80437],[7.20638,48.79989]],[[7.20638,48.79989],[7.19927,48.79749],[7.20543,48.79096],[7.19705,48.77907]],[[7.19705,48.77907],[7.18865,48.7796]],[[7.18865,48.7796],[7.1788,48.78637]],[[7.1788,48.78637],[7.17687,48.79737],[7.18455,48.80263]],[[7.15086,49.0478],[7.16617,49.05639]],[[7.16617,49.05639],[7.18886,49.06628]],[[7.18886,49.06628],[7.19282,49.06806]],[[7.19282,49.06806],[7.19668,49.06013],[7.20877,49.05319],[7.214,49.04513],[7.20913,49.03812],[7.21718,49.03567]],[[7.16142,49.02948],[7.15157,49.02911],[7.15572,49.03574],[7.15086,49.0478]],[[7.18621,48.99376],[7.20154,49.01529]],[[7.26677,49.00722],[7.27174,48.99891],[7.28062,48.99711],[7.29247,48.98744],[7.29556,48.97389]],[[7.29393,48.97262],[7.27468,48.97597],[7.25107,48.98498],[7.23603,48.98782],[7.20931,48.98009]],[[7.20931,48.98009],[7.19429,48.99518],[7.18621,48.99376]],[[7.27337,48.74836],[7.28525,48.75486],[7.27885,48.75838],[7.28683,48.76659],[7.2764,48.77407],[7.29069,48.7863]],[[7.29069,48.7863],[7.30645,48.76911],[7.31334,48.76724]],[[7.31334,48.76724],[7.29299,48.75297],[7.28688,48.73134]],[[7.28688,48.73134],[7.28614,48.73152]],[[7.33848,48.99601],[7.3379,49.00544],[7.32247,49.00872],[7.31168,49.01921],[7.29177,49.01268]],[[7.3109,49.03536],[7.32493,49.0385]],[[7.33815,49.02823],[7.36212,49.01998]],[[7.18452,48.76658],[7.18041,48.77164]],[[7.18041,48.77164],[7.18865,48.7796]],[[7.19705,48.77907],[7.21386,48.77393]],[[7.21386,48.77393],[7.21352,48.76286]],[[7.21352,48.76286],[7.19093,48.75891],[7.18452,48.76658]],[[7.14279,48.76746],[7.15716,48.78013]],[[7.15716,48.78013],[7.16693,48.76868],[7.18041,48.77164]],[[7.18452,48.76658],[7.17978,48.76648],[7.1772,48.74828],[7.1856,48.75176]],[[7.18732,48.73095],[7.17477,48.73433]],[[7.13134,48.75662],[7.13314,48.75974]],[[7.16146,49.00228],[7.16132,49.006],[7.13051,49.00459],[7.12193,49.02332]],[[7.12193,49.02332],[7.11948,49.03722]],[[7.11948,49.03722],[7.14627,49.04944],[7.15086,49.0478]],[[7.17698,49.01708],[7.17424,49.00637]],[[7.17424,49.00637],[7.16146,49.00228]],[[7.15671,49.10072],[7.14949,49.09922]],[[7.14949,49.09922],[7.1588,49.12078]],[[7.1588,49.12078],[7.1636,49.12706],[7.17792,49.13024],[7.1904,49.128],[7.19833,49.11518]],[[7.19833,49.11518],[7.19907,49.10379],[7.20942,49.09605]],[[7.20942,49.09605],[7.20205,49.09637]],[[7.20205,49.09637],[7.19265,49.09424],[7.18104,49.09911],[7.16445,49.09769],[7.15671,49.10072]],[[7.14364,49.09692],[7.1288,49.10342]],[[7.1288,49.10342],[7.13637,49.11522],[7.12744,49.12227],[7.13021,49.1281]],[[7.13021,49.1281],[7.13168,49.13218]],[[7.13168,49.13218],[7.1588,49.12078]],[[7.14949,49.09922],[7.14364,49.09692]],[[7.43955,49.11966],[7.4439,49.12856]],[[7.4439,49.12856],[7.45887,49.12668],[7.47879,49.13254]],[[7.47879,49.13254],[7.47371,49.12201],[7.48124,49.11504]],[[7.48124,49.11504],[7.46398,49.11163]],[[7.46398,49.11163],[7.43955,49.11966]],[[7.43725,49.14869],[7.4439,49.12856]],[[7.43955,49.11966],[7.42429,49.12286],[7.4229,49.11805]],[[7.4229,49.11805],[7.41009,49.11231],[7.40797,49.11705],[7.39028,49.11333]],[[7.39028,49.11333],[7.38969,49.12133],[7.40963,49.13324],[7.3973,49.13613]],[[7.3973,49.13613],[7.40747,49.14694]],[[7.40747,49.14694],[7.42881,49.15277]],[[7.42881,49.15277],[7.43725,49.14869]],[[7.28956,49.10772],[7.2934,49.11516]],[[7.2934,49.11516],[7.30411,49.12407]],[[7.30411,49.12407],[7.3327,49.12093]],[[7.3327,49.12093],[7.33181,49.10317],[7.34903,49.09855]],[[7.34903,49.09855],[7.34441,49.08532]],[[7.34441,49.08532],[7.33773,49.09188],[7.33466,49.08597],[7.3223,49.08372],[7.31545,49.09267],[7.30272,49.09927]],[[7.2427,49.1064],[7.24911,49.12739]],[[7.24911,49.12739],[7.26635,49.12259],[7.28389,49.12359],[7.2826,49.11693],[7.2934,49.11516]],[[7.46398,49.11163],[7.45528,49.09656],[7.45624,49.08804],[7.46471,49.07757]],[[7.46471,49.07757],[7.45148,49.08969],[7.44039,49.0792]],[[7.42497,49.09813],[7.42738,49.11159],[7.4229,49.11805]],[[7.34632,49.06906],[7.32159,49.06866]],[[7.32159,49.06866],[7.34176,49.07823],[7.34441,49.08532]],[[7.34903,49.09855],[7.36812,49.0878]],[[7.48164,49.11515],[7.48124,49.11504]],[[7.47879,49.13254],[7.47936,49.13307]],[[7.47936,49.13307],[7.48958,49.13653]],[[7.48958,49.13653],[7.49674,49.1354],[7.50568,49.12251],[7.51545,49.12117],[7.52386,49.10582]],[[7.52386,49.10582],[7.517,49.10532],[7.5038,49.11429],[7.49154,49.11192],[7.48164,49.11515]],[[7.36277,49.14518],[7.36242,49.14848]],[[7.36242,49.14848],[7.37801,49.14775],[7.39172,49.15143],[7.40747,49.14694]],[[7.3973,49.13613],[7.36481,49.14234]],[[7.36481,49.14234],[7.36277,49.14518]],[[7.22458,49.10154],[7.20942,49.09605]],[[7.19833,49.11518],[7.20868,49.12466],[7.2453,49.12981],[7.24911,49.12739]],[[7.30411,49.12407],[7.31487,49.13812],[7.32984,49.14494],[7.34533,49.14323],[7.36277,49.14518]],[[7.36481,49.14234],[7.36209,49.13376],[7.34749,49.13124],[7.34532,49.12485],[7.3327,49.12093]],[[7.28501,49.05735],[7.28324,49.06225],[7.29681,49.06288],[7.32159,49.06866]],[[7.15036,48.70103],[7.16079,48.6941],[7.19653,48.69001]],[[7.19653,48.69001],[7.17645,48.68573]],[[7.17645,48.68573],[7.13801,48.69151],[7.13025,48.68089],[7.10942,48.68294]],[[7.10942,48.68294],[7.11353,48.69588],[7.13269,48.69201]],[[7.13269,48.69201],[7.15036,48.70103]],[[7.38151,49.17527],[7.44478,49.18423],[7.43626,49.18],[7.44067,49.17048],[7.4568,49.16413]],[[7.4568,49.16413],[7.45445,49.16289]],[[7.45445,49.16289],[7.44759,49.16423],[7.42068,49.16056],[7.39721,49.17084],[7.3947,49.17648],[7.38151,49.17527]],[[7.55886,49.08238],[7.55333,49.0619],[7.55514,49.05504]],[[7.55514,49.05504],[7.55363,49.05503]],[[7.55363,49.05503],[7.53729,49.06344],[7.52028,49.08944],[7.50717,49.09274],[7.49687,49.08802],[7.4815,49.09989],[7.48164,49.11515]],[[7.52386,49.10582],[7.52898,49.09721],[7.55886,49.08238]],[[7.36242,49.14848],[7.36904,49.16154],[7.36508,49.17184],[7.38151,49.17527]],[[7.45445,49.16289],[7.43742,49.15883],[7.42881,49.15277]],[[7.39028,49.11333],[7.38911,49.11112]],[[7.43725,49.14869],[7.45,49.1584],[7.44884,49.15042],[7.47046,49.14694],[7.48136,49.13871],[7.47936,49.13307]],[[7.4568,49.16413],[7.48311,49.17017],[7.494,49.16964],[7.49544,49.15659],[7.50571,49.15027],[7.49028,49.14204],[7.48958,49.13653]],[[6.80712,49.01156],[6.80145,49.02605]],[[6.80145,49.02605],[6.80042,49.03218]],[[6.80042,49.03218],[6.81127,49.03847],[6.82845,49.04288]],[[6.82845,49.04288],[6.83108,49.04323]],[[6.83108,49.04323],[6.82639,49.03684],[6.83274,49.02601],[6.81722,49.02327],[6.82066,49.01441]],[[6.82066,49.01441],[6.80712,49.01156]],[[6.72408,49.07972],[6.72794,49.08227],[6.74969,49.074],[6.75268,49.06223]],[[6.75268,49.06223],[6.72064,49.05958]],[[6.72064,49.05958],[6.70822,49.06074]],[[6.70822,49.06074],[6.72408,49.07972]],[[6.67681,48.96451],[6.66962,48.97464],[6.68008,48.98564],[6.67827,48.99053]],[[6.67827,48.99053],[6.69451,48.98924],[6.6971,48.98284],[6.71092,48.97978]],[[6.71092,48.97978],[6.71845,48.96044],[6.70841,48.95529]],[[6.70841,48.95529],[6.6999,48.95953],[6.68578,48.95917],[6.67681,48.96451]],[[6.78242,49.07077],[6.81275,49.07984]],[[6.81275,49.07984],[6.81339,49.07942]],[[6.81339,49.07942],[6.81812,49.0695]],[[6.81812,49.0695],[6.8022,49.06021]],[[6.8022,49.06021],[6.7971,49.05298],[6.78642,49.05406],[6.77947,49.04831]],[[6.77947,49.04831],[6.77305,49.04621]],[[6.77305,49.04621],[6.76511,49.06247]],[[6.76511,49.06247],[6.78242,49.07077]],[[6.71318,48.94664],[6.70841,48.95529]],[[6.71092,48.97978],[6.73639,48.98232],[6.72865,48.9923],[6.73143,49.00359],[6.72097,49.01458],[6.72458,49.02515]],[[6.72458,49.02515],[6.74583,49.02069]],[[6.74583,49.02069],[6.75517,49.01263]],[[6.75517,49.01263],[6.76165,49.00859]],[[6.76165,49.00859],[6.75493,48.99683],[6.76218,48.99137]],[[6.76218,48.99137],[6.76635,48.98832],[6.75614,48.97354],[6.76846,48.96969]],[[6.76846,48.96969],[6.78075,48.96034],[6.77346,48.95837]],[[6.77346,48.95837],[6.75517,48.95977],[6.73949,48.95094],[6.72616,48.94938],[6.72,48.9439]],[[6.72,48.9439],[6.71318,48.94664]],[[6.72408,49.07972],[6.7238,49.08808]],[[6.7238,49.08808],[6.76845,49.09138],[6.76956,49.07698],[6.76557,49.07213],[6.78242,49.07077]],[[6.76511,49.06247],[6.75268,49.06223]],[[6.60176,48.95085],[6.5946,48.96373]],[[6.5946,48.96373],[6.59683,48.97062]],[[6.59683,48.97062],[6.62244,48.98087]],[[6.62244,48.98087],[6.63729,48.97893],[6.63832,48.97195]],[[6.63832,48.97195],[6.62592,48.95115]],[[6.62592,48.95115],[6.60176,48.95085]],[[6.7238,49.08808],[6.72608,49.09761]],[[6.72608,49.09761],[6.72232,49.10167],[6.73327,49.10603],[6.73333,49.11251],[6.74315,49.10957],[6.75913,49.1144],[6.76144,49.11903]],[[6.76144,49.11903],[6.76983,49.11048],[6.7787,49.1123],[6.78898,49.10613]],[[6.78898,49.10613],[6.79027,49.1005],[6.8031,49.09157]],[[6.8031,49.09157],[6.81275,49.07984]],[[6.68092,48.91157],[6.66775,48.91324]],[[6.66775,48.91324],[6.6622,48.91246],[6.65731,48.92683],[6.65994,48.93429],[6.6752,48.93831]],[[6.6752,48.93831],[6.69218,48.9379]],[[6.69218,48.9379],[6.70316,48.9205]],[[6.70316,48.9205],[6.69086,48.9189],[6.68092,48.91157]],[[6.66386,49.08973],[6.68815,49.09738],[6.72608,49.09761]],[[6.70822,49.06074],[6.67826,49.08822],[6.66386,49.08973]],[[6.59564,48.93221],[6.60746,48.94325],[6.60176,48.95085]],[[6.62592,48.95115],[6.63725,48.94767]],[[6.63725,48.94767],[6.6238,48.92827],[6.60173,48.92347]],[[6.60173,48.92347],[6.59564,48.93221]],[[6.67827,48.99053],[6.67068,48.99158]],[[6.67068,48.99158],[6.66166,48.994],[6.66403,49.00148]],[[6.66403,49.00148],[6.69932,49.0268]],[[6.69932,49.0268],[6.71262,49.03499],[6.71712,49.03309]],[[6.71712,49.03309],[6.72458,49.02515]],[[7.46471,49.07757],[7.46786,49.06247],[7.47427,49.05483],[7.48799,49.05547],[7.49989,49.05129],[7.51804,49.0511],[7.55363,49.05503]],[[7.55514,49.05504],[7.55763,49.04223],[7.55204,49.03928]],[[6.6228,48.99412],[6.6111,48.99414]],[[6.6111,48.99414],[6.62977,49.01212]],[[6.62977,49.01212],[6.64883,49.00295]],[[6.64883,49.00295],[6.63914,48.99561],[6.6228,48.99412]],[[6.53387,48.959],[6.54455,48.9745]],[[6.54455,48.9745],[6.5513,48.97941]],[[6.5513,48.97941],[6.5649,48.97164]],[[6.5649,48.97164],[6.56605,48.95398]],[[6.56605,48.95398],[6.56119,48.95293]],[[6.56119,48.95293],[6.54841,48.94923],[6.53693,48.94032]],[[6.53693,48.94032],[6.53197,48.94879],[6.53387,48.959]],[[6.71431,49.17947],[6.71975,49.17659]],[[6.71975,49.17659],[6.73015,49.16917]],[[6.73015,49.16917],[6.71826,49.16395],[6.71176,49.15592]],[[6.71176,49.15592],[6.7092,49.15563]],[[6.7092,49.15563],[6.69922,49.16567],[6.71659,49.17655],[6.71431,49.17947]],[[6.56605,48.95398],[6.57737,48.95351],[6.5946,48.96373]],[[6.59564,48.93221],[6.58556,48.93015]],[[6.58556,48.93015],[6.5644,48.94026],[6.56821,48.9448],[6.56119,48.95293]],[[6.88053,48.99817],[6.87031,48.99803]],[[6.87031,48.99803],[6.85313,48.99731],[6.83509,49.00074],[6.82927,49.01501]],[[6.82927,49.01501],[6.85105,49.01683],[6.86116,49.01308]],[[6.86116,49.01308],[6.87956,49.01143],[6.88177,49.00799]],[[6.88177,49.00799],[6.88053,48.99817]],[[6.58041,48.98911],[6.58706,48.99706]],[[6.58706,48.99706],[6.58978,48.99683]],[[6.58978,48.99683],[6.6111,48.99414]],[[6.6228,48.99412],[6.62244,48.98087]],[[6.59683,48.97062],[6.57931,48.98186]],[[6.57931,48.98186],[6.58041,48.98911]],[[6.76218,48.99137],[6.77593,48.98822],[6.78895,48.99083]],[[6.78895,48.99083],[6.79766,48.97729],[6.79248,48.96987],[6.7801,48.97225],[6.76846,48.96969]],[[6.65875,49.07837],[6.65977,49.08906]],[[6.65977,49.08906],[6.66386,49.08973]],[[6.72064,49.05958],[6.7187,49.05597]],[[6.7187,49.05597],[6.71361,49.05137],[6.69831,49.04953]],[[6.69831,49.04953],[6.67973,49.05803],[6.67201,49.06549],[6.66298,49.06398],[6.65875,49.07837]],[[6.75517,49.01263],[6.77155,49.02038],[6.7911,49.02601],[6.80145,49.02605]],[[6.80712,49.01156],[6.79965,49.00545]],[[6.79965,49.00545],[6.76165,49.00859]],[[6.79965,49.00545],[6.80189,48.99298]],[[6.80189,48.99298],[6.78895,48.99083]],[[6.83188,48.96081],[6.83733,48.96793],[6.82729,48.97816]],[[6.82729,48.97816],[6.84497,48.98431],[6.85222,48.98114]],[[6.85222,48.98114],[6.85761,48.97814]],[[6.85761,48.97814],[6.85193,48.96973],[6.83188,48.96081]],[[7.19282,49.06806],[7.20295,49.08452],[7.20205,49.09637]],[[7.24504,49.07458],[7.24328,49.06041],[7.24681,49.05666]],[[6.65658,49.00252],[6.64535,49.01497],[6.64695,49.03017]],[[6.64695,49.03017],[6.66539,49.04042]],[[6.66539,49.04042],[6.67242,49.03471],[6.69666,49.03775]],[[6.69666,49.03775],[6.69171,49.03227],[6.69932,49.0268]],[[6.66403,49.00148],[6.65658,49.00252]],[[6.63832,48.97195],[6.64971,48.97405],[6.66412,48.98211],[6.67068,48.99158]],[[6.67681,48.96451],[6.66156,48.95135]],[[6.66156,48.95135],[6.65329,48.95621],[6.63725,48.94767]],[[6.82066,49.01441],[6.82927,49.01501]],[[6.87031,48.99803],[6.86033,48.99744],[6.84484,48.98959],[6.85222,48.98114]],[[6.82729,48.97816],[6.816,48.97112],[6.81241,48.97396]],[[6.81241,48.97396],[6.81233,48.98279],[6.82323,48.98764],[6.80189,48.99298]],[[6.73015,49.16917],[6.73851,49.16366],[6.74789,49.16592]],[[6.74789,49.16592],[6.75589,49.16298],[6.75133,49.15565],[6.72987,49.15055],[6.72175,49.15613],[6.71176,49.15592]],[[6.74583,49.02069],[6.76449,49.03651],[6.76451,49.04043]],[[6.76451,49.04043],[6.77305,49.04621]],[[6.77947,49.04831],[6.78669,49.03223],[6.80042,49.03218]],[[6.7187,49.05597],[6.7319,49.04684]],[[6.7319,49.04684],[6.71712,49.03309]],[[6.69666,49.03775],[6.69831,49.04953]],[[6.83108,49.04323],[6.85642,49.04601]],[[6.85642,49.04601],[6.8598,49.03061],[6.84744,49.02511],[6.8601,49.01956],[6.86116,49.01308]],[[6.7319,49.04684],[6.74091,49.04854],[6.75372,49.04036],[6.76451,49.04043]],[[6.8022,49.06021],[6.8181,49.05639],[6.82982,49.05735]],[[6.82982,49.05735],[6.82845,49.04288]],[[7.32086,48.98032],[7.32644,48.9859]],[[7.36811,48.95354],[7.35512,48.95444]],[[6.63639,48.90551],[6.62673,48.91546],[6.61483,48.90992],[6.60535,48.91235]],[[6.60535,48.91235],[6.60173,48.92347]],[[6.66156,48.95135],[6.67636,48.94395],[6.6752,48.93831]],[[6.66775,48.91324],[6.64724,48.9]],[[6.64724,48.9],[6.63639,48.90551]],[[6.88053,48.99817],[6.89165,48.98736]],[[6.89165,48.98736],[6.89464,48.9813]],[[6.89464,48.9813],[6.87459,48.98498],[6.87308,48.97901],[6.85761,48.97814]],[[6.63739,49.16361],[6.64507,49.16455],[6.6498,49.17382],[6.6677,49.1824]],[[6.6677,49.1824],[6.68734,49.16804],[6.69441,49.1686],[6.70359,49.15321]],[[6.70359,49.15321],[6.68321,49.14838],[6.65331,49.14479]],[[6.65331,49.14479],[6.63635,49.14589],[6.62848,49.15017],[6.63739,49.16361]],[[6.64167,49.1404],[6.65331,49.14479]],[[6.70359,49.15321],[6.7092,49.15563]],[[6.74789,49.16592],[6.77379,49.16765]],[[6.77379,49.16765],[6.7703,49.15915],[6.77639,49.15672],[6.77566,49.14549]],[[6.77566,49.14549],[6.76492,49.14499],[6.73795,49.12706],[6.74511,49.12099],[6.76144,49.11903]],[[6.65977,49.08906],[6.64684,49.08945],[6.63981,49.09624]],[[6.63981,49.09624],[6.64832,49.10014],[6.67409,49.10234],[6.6769,49.10587],[6.69837,49.11015],[6.69923,49.12061],[6.68782,49.13122],[6.64167,49.1404]],[[6.5649,48.97164],[6.57931,48.98186]],[[6.71318,48.94664],[6.69218,48.9379]],[[6.64883,49.00295],[6.65658,49.00252]],[[6.6677,49.1824],[6.67785,49.18935]],[[6.67785,49.18935],[6.69089,49.18376],[6.71431,49.17947]],[[7.17993,48.81052],[7.18317,48.80605]],[[7.18317,48.80605],[7.17563,48.79926],[7.16154,48.79963],[7.15906,48.80911]],[[7.18886,49.06628],[7.16725,49.08504],[7.16887,49.09458],[7.15671,49.10072]],[[7.55886,49.08238],[7.56901,49.07979],[7.59998,49.08333],[7.62015,49.0742],[7.62935,49.07368],[7.63529,49.05416]],[[7.63529,49.05416],[7.64003,49.04911],[7.62624,49.03371]],[[7.62624,49.03371],[7.60643,49.02003]],[[7.18317,48.80605],[7.18455,48.80263]],[[7.1788,48.78637],[7.15766,48.78018]],[[7.15766,48.78018],[7.14955,48.78258],[7.14581,48.79362],[7.15533,48.79665],[7.15866,48.80712]],[[7.18621,48.99376],[7.17424,49.00637]],[[7.17351,48.84202],[7.17292,48.84642],[7.18545,48.85032]],[[7.18545,48.85032],[7.19588,48.8404],[7.18734,48.83616],[7.20343,48.82696]],[[7.20343,48.82696],[7.18954,48.81313],[7.18773,48.80437]],[[7.48702,48.95006],[7.47957,48.96139],[7.45531,48.96298],[7.45163,48.96796]],[[7.57993,48.96161],[7.55168,48.94217],[7.55685,48.93632]],[[7.55685,48.93632],[7.53325,48.9335],[7.52902,48.94208],[7.51319,48.94324]],[[7.51319,48.94324],[7.48702,48.95006]],[[7.22502,48.8027],[7.24524,48.81003]],[[7.24524,48.81003],[7.25908,48.8038],[7.26085,48.79755]],[[7.26085,48.79755],[7.2392,48.78893]],[[7.2392,48.78893],[7.22502,48.8027]],[[7.21999,48.81909],[7.21775,48.82811]],[[7.21775,48.82811],[7.22866,48.82804],[7.24298,48.81762],[7.2581,48.82217]],[[7.2581,48.82217],[7.26289,48.81864]],[[7.26289,48.81864],[7.24524,48.81003]],[[7.22502,48.8027],[7.21902,48.80219]],[[7.21902,48.80219],[7.21999,48.81909]],[[7.15716,48.78013],[7.15766,48.78018]],[[7.21902,48.80219],[7.21571,48.799]],[[7.21571,48.799],[7.20638,48.79989]],[[7.20343,48.82696],[7.21999,48.81909]],[[7.20898,48.74767],[7.21352,48.76286]],[[7.21386,48.77393],[7.22271,48.78684]],[[7.22271,48.78684],[7.23514,48.78856]],[[7.23514,48.78856],[7.24172,48.77922]],[[7.24172,48.77922],[7.23721,48.7736],[7.23962,48.75313]],[[7.24172,48.77922],[7.26387,48.78196],[7.27089,48.7895],[7.29123,48.794]],[[7.29123,48.794],[7.29069,48.7863]],[[7.2392,48.78893],[7.23514,48.78856]],[[7.22271,48.78684],[7.21571,48.799]],[[7.27015,48.80251],[7.29123,48.794]],[[7.26085,48.79755],[7.27015,48.80251]],[[7.14806,49.06486],[7.14163,49.06995],[7.14472,49.08261]],[[7.14472,49.08261],[7.14364,49.09692]],[[7.16617,49.05639],[7.16305,49.06171],[7.14806,49.06486]],[[7.18713,48.72488],[7.17235,48.72213],[7.17263,48.7095]],[[7.17263,48.7095],[7.15021,48.71077],[7.13922,48.72592]],[[7.2146,48.70572],[7.22375,48.71856]],[[7.26473,48.70046],[7.26017,48.6943],[7.24226,48.69211]],[[7.24226,48.69211],[7.22565,48.69552],[7.2146,48.70572]],[[7.15036,48.70103],[7.15281,48.70373],[7.12809,48.72072]],[[7.17263,48.7095],[7.17988,48.69793],[7.20273,48.69366]],[[7.20273,48.69366],[7.19829,48.68947]],[[7.19829,48.68947],[7.19653,48.69001]],[[7.13269,48.69201],[7.09758,48.7064],[7.09716,48.6998],[7.08659,48.71034]],[[7.08659,48.71034],[7.0846,48.71605],[7.10092,48.72213],[7.10889,48.72859]],[[7.10889,48.72859],[7.11564,48.72998]],[[7.2146,48.70572],[7.20273,48.69366]],[[6.9977,49.16713],[6.99215,49.16468]],[[6.99215,49.16468],[6.98432,49.17703]],[[6.98432,49.17703],[6.9809,49.18001]],[[6.9809,49.18001],[6.99881,49.19428]],[[6.99881,49.19428],[7.01544,49.19127]],[[7.01544,49.19127],[7.01931,49.17668],[6.9977,49.16713]],[[6.53923,49.25922],[6.54132,49.2807]],[[6.54132,49.2807],[6.55459,49.28811],[6.57015,49.28771]],[[6.57015,49.28771],[6.57243,49.27667],[6.56385,49.27114]],[[6.56385,49.27114],[6.55067,49.26954],[6.53923,49.25922]],[[6.45779,49.2563],[6.449,49.25882],[6.45394,49.26575],[6.44451,49.27011],[6.43921,49.2793]],[[6.43921,49.2793],[6.45518,49.28441]],[[6.45518,49.28441],[6.47738,49.27139],[6.48684,49.26094]],[[6.48684,49.26094],[6.48359,49.25642]],[[6.48359,49.25642],[6.45779,49.2563]],[[6.93037,49.18565],[6.93862,49.17848],[6.95591,49.17224]],[[6.95591,49.17224],[6.96729,49.14848]],[[6.96729,49.14848],[6.95167,49.15831],[6.93703,49.15605]],[[6.93703,49.15605],[6.92313,49.16693]],[[6.92313,49.16693],[6.93037,49.18565]],[[6.63259,49.27355],[6.65323,49.28112]],[[6.65323,49.28112],[6.67037,49.28029],[6.66153,49.25733]],[[6.66153,49.25733],[6.64602,49.25395]],[[6.64602,49.25395],[6.63259,49.27355]],[[6.48649,49.23192],[6.47355,49.23349],[6.47412,49.24671],[6.48227,49.2507]],[[6.48227,49.2507],[6.50008,49.24624]],[[6.50008,49.24624],[6.50523,49.23674]],[[6.50523,49.23674],[6.50408,49.22817]],[[6.50408,49.22817],[6.48649,49.23192]],[[6.44176,49.33131],[6.47249,49.34858]],[[6.47249,49.34858],[6.48464,49.34233],[6.50659,49.34676]],[[6.50659,49.34676],[6.51399,49.3478]],[[6.51399,49.3478],[6.51312,49.33608]],[[6.51312,49.33608],[6.49929,49.33064],[6.49158,49.31883],[6.47668,49.31495]],[[6.47668,49.31495],[6.45186,49.31622],[6.45016,49.31898]],[[6.45016,49.31898],[6.44176,49.33131]],[[6.5825,49.16359],[6.58495,49.17515]],[[6.58495,49.17515],[6.59543,49.17641]],[[6.59543,49.17641],[6.59435,49.1722],[6.62448,49.16689]],[[6.62448,49.16689],[6.61181,49.16037],[6.61029,49.15424],[6.59889,49.15195]],[[6.59889,49.15195],[6.5825,49.16359]],[[7.09002,49.13226],[7.0819,49.14123],[7.08332,49.1532],[7.10558,49.15538],[7.11327,49.15169],[7.10406,49.14608],[7.10424,49.13868]],[[7.10424,49.13868],[7.09728,49.13159]],[[7.09728,49.13159],[7.09002,49.13226]],[[6.49496,49.31131],[6.51364,49.30653],[6.52753,49.30604],[6.53118,49.31228],[6.55635,49.31236]],[[6.55635,49.31236],[6.57021,49.31128]],[[6.57021,49.31128],[6.57431,49.30266],[6.5841,49.29817]],[[6.5841,49.29817],[6.58498,49.29628]],[[6.58498,49.29628],[6.57562,49.29106]],[[6.57562,49.29106],[6.57015,49.28771]],[[6.54132,49.2807],[6.51929,49.29192],[6.51784,49.28723]],[[6.51784,49.28723],[6.49499,49.30407],[6.49496,49.31131]],[[6.53854,49.25196],[6.53535,49.25919]],[[6.53535,49.25919],[6.53923,49.25922]],[[6.56385,49.27114],[6.58401,49.26122]],[[6.58401,49.26122],[6.5711,49.24597]],[[6.5711,49.24597],[6.56215,49.24635]],[[6.56215,49.24635],[6.53854,49.25196]],[[6.39689,49.18042],[6.40855,49.18213],[6.38881,49.1945],[6.39513,49.19787],[6.38122,49.20598],[6.37882,49.22029]],[[6.37882,49.22029],[6.383,49.22172]],[[6.383,49.22172],[6.40038,49.21431],[6.40916,49.2139]],[[6.40916,49.2139],[6.42268,49.21046],[6.43279,49.19812]],[[6.43279,49.19812],[6.4303,49.18973],[6.41921,49.18163]],[[6.41921,49.18163],[6.41328,49.17985],[6.42097,49.17067],[6.4065,49.16437]],[[6.4065,49.16437],[6.39665,49.16886],[6.39689,49.18042]],[[6.58498,49.29628],[6.59568,49.28947],[6.62072,49.28463]],[[6.62072,49.28463],[6.61458,49.27914]],[[6.61458,49.27914],[6.60524,49.27407]],[[6.60524,49.27407],[6.58578,49.27627],[6.57657,49.28226],[6.58477,49.28691],[6.57562,49.29106]],[[6.43333,49.27986],[6.41831,49.30121]],[[6.41831,49.30121],[6.42633,49.30587]],[[6.42633,49.30587],[6.42554,49.31107],[6.45016,49.31898]],[[6.47668,49.31495],[6.47767,49.31425]],[[6.47767,49.31425],[6.45885,49.30521],[6.45518,49.28441]],[[6.43921,49.2793],[6.43333,49.27986]],[[6.51399,49.3478],[6.5234,49.35575],[6.5566,49.36742]],[[6.5566,49.36742],[6.55816,49.36627]],[[6.55816,49.36627],[6.54898,49.36215],[6.55202,49.35592],[6.54701,49.34467]],[[6.54701,49.34467],[6.52997,49.34204],[6.51312,49.33608]],[[6.5515,49.2052],[6.56687,49.21189]],[[6.56687,49.21189],[6.5764,49.21447]],[[6.5764,49.21447],[6.58605,49.21239],[6.60504,49.21865],[6.6078,49.21147],[6.61958,49.21108]],[[6.61958,49.21108],[6.6188,49.20694]],[[6.6188,49.20694],[6.60139,49.20049],[6.60372,49.1809]],[[6.60372,49.1809],[6.59543,49.17641]],[[6.58495,49.17515],[6.56432,49.18056]],[[6.56432,49.18056],[6.55127,49.19108],[6.5515,49.2052]],[[6.63535,49.19793],[6.62616,49.19907],[6.63143,49.20667]],[[6.63143,49.20667],[6.63337,49.20576],[6.65868,49.2283],[6.65681,49.23184]],[[6.65681,49.23184],[6.66252,49.24222],[6.67771,49.24565],[6.67709,49.23773],[6.6851,49.24374]],[[6.6851,49.24374],[6.69053,49.22971],[6.68814,49.22445],[6.69593,49.21501],[6.71966,49.22138],[6.7315,49.20609],[6.71136,49.18854],[6.71975,49.17659]],[[6.67785,49.18935],[6.66252,49.19475],[6.64817,49.19107],[6.64977,49.19595],[6.63535,49.19793]],[[6.5844,49.24071],[6.5974,49.25003],[6.60338,49.24775],[6.61762,49.25249]],[[6.61762,49.25249],[6.64209,49.24609]],[[6.64209,49.24609],[6.64617,49.24445]],[[6.64617,49.24445],[6.63537,49.23648],[6.61864,49.22977]],[[6.61864,49.22977],[6.59875,49.23089]],[[6.59875,49.23089],[6.5864,49.23445],[6.5844,49.24071]],[[6.56432,49.18056],[6.55862,49.17051],[6.55903,49.16088],[6.55029,49.15613]],[[6.55029,49.15613],[6.54743,49.16669],[6.52767,49.17211]],[[6.52767,49.17211],[6.52579,49.18256],[6.5164,49.19825]],[[6.5164,49.19825],[6.5515,49.2052]],[[6.50408,49.22817],[6.5095,49.22159],[6.49099,49.22046],[6.48053,49.21018]],[[6.48053,49.21018],[6.46726,49.21926]],[[6.46726,49.21926],[6.48088,49.22476],[6.48649,49.23192]],[[6.93037,49.18565],[6.94361,49.19128]],[[6.94361,49.19128],[6.95594,49.18927],[6.97422,49.17996],[6.9809,49.18001]],[[6.98432,49.17703],[6.97795,49.17058],[6.95591,49.17224]],[[6.61958,49.21108],[6.63307,49.22296],[6.63162,49.22932],[6.61864,49.22977]],[[6.64617,49.24445],[6.64537,49.23716],[6.65681,49.23184]],[[6.63143,49.20667],[6.62214,49.21268],[6.6188,49.20694]],[[6.54701,49.34467],[6.55596,49.34317],[6.57075,49.33402]],[[6.57075,49.33402],[6.56393,49.32757],[6.56663,49.31725],[6.55635,49.31236]],[[6.49496,49.31131],[6.47767,49.31425]],[[6.50659,49.34676],[6.5192,49.35696],[6.51609,49.36767]],[[6.51609,49.36767],[6.52373,49.36861],[6.53267,49.38031],[6.52877,49.38955],[6.5369,49.39669]],[[6.5369,49.39669],[6.54053,49.40115]],[[6.54053,49.40115],[6.55185,49.39982],[6.55205,49.39453]],[[6.55205,49.39453],[6.55558,49.37798],[6.54447,49.3747],[6.54284,49.36782],[6.5566,49.36742]],[[6.85014,49.19351],[6.8597,49.20148],[6.88481,49.21111]],[[6.88481,49.21111],[6.89429,49.21019]],[[6.89429,49.21019],[6.92197,49.20238]],[[6.92197,49.20238],[6.9103,49.19685],[6.91439,49.18903],[6.94553,49.20146]],[[6.94553,49.20146],[6.94361,49.19128]],[[6.93037,49.18565],[6.91572,49.17822],[6.89356,49.17604],[6.88377,49.17192]],[[6.88377,49.17192],[6.86094,49.17863]],[[6.86094,49.17863],[6.85014,49.19351]],[[6.51784,49.28723],[6.49996,49.28158]],[[6.49996,49.28158],[6.49336,49.27184]],[[6.49336,49.27184],[6.48684,49.26094]],[[6.43848,49.23925],[6.4474,49.2505]],[[6.4474,49.2505],[6.45779,49.2563]],[[6.48359,49.25642],[6.48227,49.2507]],[[6.46726,49.21926],[6.46201,49.21468]],[[6.46201,49.21468],[6.45929,49.21909]],[[6.45929,49.21909],[6.45794,49.22734],[6.43731,49.22965],[6.43074,49.23398],[6.43848,49.23925]],[[6.492,49.37071],[6.48833,49.37467],[6.50674,49.39251]],[[6.50674,49.39251],[6.51294,49.39814]],[[6.51294,49.39814],[6.52315,49.39313],[6.5369,49.39669]],[[6.51609,49.36767],[6.50867,49.37146],[6.492,49.37071]],[[6.57075,49.33402],[6.5787,49.33507]],[[6.5787,49.33507],[6.58584,49.33707],[6.5956,49.32951],[6.58888,49.32209]],[[6.58888,49.32209],[6.57021,49.31128]],[[6.63535,49.19793],[6.62839,49.18265]],[[6.62839,49.18265],[6.60372,49.1809]],[[6.46201,49.21468],[6.46168,49.19928]],[[6.46168,49.19928],[6.44827,49.19666],[6.43279,49.19812]],[[6.40916,49.2139],[6.4144,49.21426]],[[6.4144,49.21426],[6.43505,49.20957],[6.4421,49.21664],[6.45929,49.21909]],[[6.45954,49.37277],[6.46096,49.39119],[6.45606,49.39105],[6.45706,49.40295],[6.46576,49.40757],[6.47668,49.40637]],[[6.47668,49.40637],[6.50674,49.39251]],[[6.492,49.37071],[6.48604,49.36948]],[[6.48604,49.36948],[6.46555,49.36616],[6.45954,49.37277]],[[6.63739,49.16361],[6.63051,49.16475]],[[6.63051,49.16475],[6.64139,49.17551],[6.62839,49.18265]],[[6.5764,49.21447],[6.58499,49.22684],[6.59875,49.23089]],[[6.58888,49.32209],[6.60105,49.31511],[6.61574,49.30168],[6.62525,49.30284],[6.63176,49.29603]],[[6.63176,49.29603],[6.6222,49.29]],[[6.6222,49.29],[6.61517,49.29721],[6.59469,49.30148],[6.5841,49.29817]],[[6.3969,49.25957],[6.41116,49.26566],[6.43333,49.27986]],[[6.4474,49.2505],[6.43508,49.2545],[6.42568,49.25178],[6.41606,49.26072],[6.38841,49.25345]],[[6.38841,49.25345],[6.3969,49.25957]],[[6.46168,49.19928],[6.4693,49.19758]],[[6.4693,49.19758],[6.46659,49.17655],[6.47233,49.17053]],[[6.47233,49.17053],[6.47059,49.16948]],[[6.47059,49.16948],[6.4537,49.18017],[6.45292,49.18568],[6.43786,49.17889],[6.42094,49.18035]],[[6.42094,49.18035],[6.41921,49.18163]],[[6.49336,49.27184],[6.51913,49.25722],[6.52638,49.25719]],[[6.52638,49.25719],[6.51229,49.24841],[6.50008,49.24624]],[[6.99215,49.16468],[6.98657,49.1637],[6.97759,49.14848]],[[6.97759,49.14848],[6.97192,49.14668]],[[6.97192,49.14668],[6.96729,49.14848]],[[6.407,49.39427],[6.41163,49.4068],[6.40169,49.41432],[6.40129,49.42374]],[[6.40129,49.42374],[6.42526,49.42717],[6.42449,49.43203],[6.44097,49.42769]],[[6.44097,49.42769],[6.44976,49.42216]],[[6.44976,49.42216],[6.4673,49.41419],[6.47668,49.40637]],[[6.45954,49.37277],[6.4401,49.38405],[6.43022,49.37747],[6.42606,49.38046]],[[6.42606,49.38046],[6.40224,49.38674],[6.407,49.39427]],[[6.41115,49.37202],[6.42606,49.38046]],[[6.48604,49.36948],[6.47538,49.35852]],[[6.47538,49.35852],[6.45483,49.36326],[6.43061,49.35478]],[[6.43061,49.35478],[6.41115,49.37202]],[[6.48931,49.42119],[6.47624,49.42914]],[[6.47624,49.42914],[6.48673,49.4374],[6.48202,49.44947]],[[6.48202,49.44947],[6.4849,49.45247]],[[6.4849,49.45247],[6.49815,49.45068],[6.52536,49.43529],[6.53542,49.43416]],[[6.53542,49.43416],[6.52644,49.43412],[6.51366,49.42203],[6.48931,49.42119]],[[6.98198,49.13859],[6.97759,49.14848]],[[6.9977,49.16713],[7.00585,49.14738],[7.003,49.14344]],[[7.003,49.14344],[6.98198,49.13859]],[[6.43952,49.43581],[6.42956,49.44805],[6.41975,49.44816]],[[6.41975,49.44816],[6.41988,49.45456],[6.44043,49.46667]],[[6.44043,49.46667],[6.45588,49.46301],[6.46474,49.46648],[6.4849,49.45247]],[[6.48202,49.44947],[6.45555,49.44677],[6.45082,49.43986],[6.43952,49.43581]],[[6.4144,49.21426],[6.42747,49.21925],[6.4196,49.23393]],[[6.4196,49.23393],[6.43848,49.23925]],[[6.41107,49.31633],[6.41045,49.32189],[6.42349,49.32723]],[[6.42349,49.32723],[6.44176,49.33131]],[[6.42633,49.30587],[6.42119,49.30523],[6.41107,49.31633]],[[6.64209,49.24609],[6.64602,49.25395]],[[6.66153,49.25733],[6.67549,49.25726],[6.69055,49.24764],[6.6851,49.24374]],[[6.38298,49.34974],[6.38122,49.35102],[6.4047,49.3681]],[[6.4047,49.3681],[6.41115,49.37202]],[[6.43061,49.35478],[6.44768,49.35028],[6.41654,49.33472],[6.41933,49.33093]],[[6.41933,49.33093],[6.40908,49.32531],[6.40212,49.33609],[6.39089,49.34207]],[[6.39089,49.34207],[6.38298,49.34974]],[[6.84531,49.16014],[6.84387,49.17313],[6.86094,49.17863]],[[6.88377,49.17192],[6.89086,49.17001]],[[6.89086,49.17001],[6.88995,49.16393],[6.87876,49.16401],[6.87268,49.15308],[6.86513,49.15464]],[[6.86513,49.15464],[6.85797,49.16679],[6.84531,49.16014]],[[6.55816,49.36627],[6.56963,49.3577]],[[6.56963,49.3577],[6.56584,49.34735],[6.5787,49.33507]],[[6.60524,49.27407],[6.58401,49.26122]],[[6.92313,49.16693],[6.91593,49.16325],[6.89746,49.16187],[6.89086,49.17001]],[[6.50523,49.23674],[6.51854,49.23939]],[[6.51854,49.23939],[6.52793,49.23014],[6.54019,49.22959]],[[6.54019,49.22959],[6.56687,49.21189]],[[6.5164,49.19825],[6.49548,49.20014],[6.48617,49.20415]],[[6.48617,49.20415],[6.48053,49.21018]],[[6.85014,49.19351],[6.85218,49.19865],[6.83538,49.21132],[6.85745,49.22228],[6.88481,49.21111]],[[6.39941,49.23172],[6.4032,49.23753],[6.38595,49.23845],[6.37565,49.24864],[6.38841,49.25345]],[[6.4196,49.23393],[6.39941,49.23172]],[[6.49996,49.28158],[6.52481,49.26938],[6.5316,49.25988]],[[6.5316,49.25988],[6.52638,49.25719]],[[6.44976,49.42216],[6.46103,49.42487],[6.46809,49.43164],[6.47624,49.42914]],[[6.48931,49.42119],[6.48756,49.4142],[6.51294,49.39814]],[[6.61762,49.25249],[6.60719,49.2642],[6.61371,49.26702]],[[6.61371,49.26702],[6.63259,49.27355]],[[6.84384,49.15552],[6.84531,49.16014]],[[6.86513,49.15464],[6.84384,49.15552]],[[6.48617,49.20415],[6.4693,49.19758]],[[6.47538,49.35852],[6.47249,49.34858]],[[6.42349,49.32723],[6.41933,49.33093]],[[6.89429,49.21019],[6.91069,49.21513],[6.9199,49.22309],[6.9379,49.2222],[6.94357,49.21377]],[[6.94357,49.21377],[6.93651,49.21307],[6.92197,49.20238]],[[6.55205,49.39453],[6.56342,49.38815],[6.57673,49.38973],[6.58768,49.38298],[6.58389,49.36863],[6.59508,49.37144],[6.60183,49.36647],[6.58796,49.34973],[6.58169,49.35613],[6.56963,49.3577]],[[6.94553,49.20146],[6.95354,49.20606]],[[6.95354,49.20606],[6.9597,49.20299],[6.97497,49.20976],[6.99881,49.19428]],[[6.94357,49.21377],[6.95354,49.20606]],[[6.54019,49.22959],[6.5491,49.23389],[6.5544,49.2436],[6.56215,49.24635]],[[6.5711,49.24597],[6.5844,49.24071]],[[6.61458,49.27914],[6.60699,49.26942],[6.61371,49.26702]],[[6.5316,49.25988],[6.53535,49.25919]],[[6.53854,49.25196],[6.5261,49.24957],[6.51854,49.23939]],[[6.63051,49.16475],[6.62448,49.16689]],[[6.62072,49.28463],[6.6222,49.29]],[[6.63176,49.29603],[6.6504,49.28837],[6.65323,49.28112]],[[6.45839,49.15767],[6.44264,49.15537],[6.43325,49.16541],[6.4464,49.17165],[6.42693,49.17468],[6.42094,49.18035]],[[6.47059,49.16948],[6.45839,49.15767]],[[6.53542,49.43416],[6.55704,49.41909],[6.53789,49.41065],[6.54053,49.40115]],[[6.99628,48.77605],[7.0139,48.78196]],[[7.0139,48.78196],[7.03747,48.78202]],[[7.03747,48.78202],[7.03854,48.75941]],[[7.03854,48.75941],[7.03564,48.75845]],[[7.03564,48.75845],[7.01872,48.75532],[6.99673,48.77284],[6.99628,48.77605]],[[6.61753,48.8683],[6.62056,48.87328]],[[6.62056,48.87328],[6.64019,48.87451],[6.64728,48.87912]],[[6.64728,48.87912],[6.65683,48.86956]],[[6.65683,48.86956],[6.63303,48.85645],[6.61753,48.8683]],[[6.58978,48.99683],[6.58519,49.01366],[6.60221,49.02123],[6.61142,49.02011]],[[6.61142,49.02011],[6.62977,49.01212]],[[6.45751,48.84749],[6.46904,48.85246]],[[6.46904,48.85246],[6.48937,48.85636]],[[6.48937,48.85636],[6.50592,48.83649],[6.51999,48.82945]],[[6.51999,48.82945],[6.51464,48.82189],[6.50292,48.82675],[6.47753,48.83221],[6.47283,48.83644]],[[6.47283,48.83644],[6.45751,48.84749]],[[6.76259,48.7662],[6.7727,48.76638],[6.77304,48.77336],[6.78209,48.77399],[6.77121,48.77968],[6.77522,48.78778],[6.78436,48.78796]],[[6.78436,48.78796],[6.81754,48.78084],[6.82889,48.78148]],[[6.82889,48.78148],[6.83476,48.76787]],[[6.83476,48.76787],[6.83068,48.75514]],[[6.83068,48.75514],[6.82019,48.75588],[6.7981,48.74346],[6.78343,48.75236],[6.77306,48.7461]],[[6.77306,48.7461],[6.76259,48.7662]],[[6.47658,48.9527],[6.45213,48.94819],[6.44959,48.95048]],[[6.44959,48.95048],[6.43903,48.96171]],[[6.43903,48.96171],[6.45121,48.97321]],[[6.45121,48.97321],[6.47517,48.96609]],[[6.47517,48.96609],[6.47658,48.9527]],[[6.55663,48.90029],[6.56138,48.90795]],[[6.56138,48.90795],[6.57107,48.91177]],[[6.57107,48.91177],[6.58456,48.90903],[6.59161,48.90182]],[[6.59161,48.90182],[6.58571,48.89114]],[[6.58571,48.89114],[6.57831,48.89016],[6.56911,48.89834],[6.55663,48.90029]],[[7.04917,48.80407],[7.01413,48.79056],[7.00758,48.79114]],[[7.00758,48.79114],[7.01201,48.80412],[7.0083,48.80757]],[[7.0083,48.80757],[7.01867,48.81334],[7.02122,48.8208]],[[7.02122,48.8208],[7.04712,48.82064]],[[7.04712,48.82064],[7.05243,48.81484]],[[7.05243,48.81484],[7.04467,48.8098],[7.04917,48.80407]],[[6.44873,49.09997],[6.45191,49.1085]],[[6.45191,49.1085],[6.46306,49.11387],[6.46501,49.12086],[6.49313,49.12731]],[[6.49313,49.12731],[6.50316,49.1225],[6.50389,49.11482]],[[6.50389,49.11482],[6.50456,49.11057]],[[6.50456,49.11057],[6.49609,49.10461]],[[6.49609,49.10461],[6.48637,49.09906],[6.46783,49.10131],[6.44873,49.09997]],[[6.84617,48.79991],[6.87046,48.81109],[6.86257,48.81888]],[[6.86257,48.81888],[6.85977,48.82187]],[[6.85977,48.82187],[6.8932,48.83082],[6.89594,48.82652],[6.91286,48.83601]],[[6.91286,48.83601],[6.92781,48.84002],[6.93193,48.83138]],[[6.93193,48.83138],[6.93452,48.82154],[6.93062,48.80815],[6.94569,48.79204]],[[6.94569,48.79204],[6.93604,48.78648]],[[6.93604,48.78648],[6.92226,48.79019],[6.92069,48.78642],[6.88937,48.78601],[6.88045,48.7838],[6.87092,48.78783]],[[6.87092,48.78783],[6.84617,48.79991]],[[6.52767,49.17211],[6.51864,49.14615],[6.5113,49.14575]],[[6.5113,49.14575],[6.50027,49.14782],[6.4967,49.16313],[6.4869,49.1615],[6.47233,49.17053]],[[7.04471,48.70816],[7.05237,48.72424],[7.06372,48.73125],[7.07443,48.73276],[7.08531,48.74111]],[[7.08531,48.74111],[7.10889,48.72859]],[[7.08659,48.71034],[7.08684,48.70875]],[[7.08684,48.70875],[7.07465,48.70763],[7.07941,48.69789],[7.07491,48.6878]],[[7.07491,48.6878],[7.0576,48.70673],[7.04471,48.70816]],[[6.57037,48.84348],[6.57177,48.84802],[6.55922,48.8634]],[[6.55922,48.8634],[6.56383,48.87575]],[[6.56383,48.87575],[6.58365,48.87992]],[[6.58365,48.87992],[6.59175,48.87246],[6.58869,48.86545],[6.61104,48.86512]],[[6.61104,48.86512],[6.61114,48.86061]],[[6.61114,48.86061],[6.59082,48.85912],[6.58162,48.84262]],[[6.58162,48.84262],[6.57037,48.84348]],[[6.47517,48.96609],[6.4893,48.96707]],[[6.4893,48.96707],[6.50248,48.96405],[6.50702,48.9553],[6.49978,48.94957],[6.48655,48.94694]],[[6.48655,48.94694],[6.47658,48.9527]],[[6.35679,49.11206],[6.38617,49.11895],[6.38341,49.13547]],[[6.38341,49.13547],[6.39919,49.14149]],[[6.39919,49.14149],[6.40293,49.13863],[6.42198,49.14384]],[[6.42198,49.14384],[6.42495,49.13427],[6.43298,49.13327],[6.4186,49.12217],[6.42168,49.11292],[6.43211,49.10718],[6.42404,49.09901]],[[6.42404,49.09901],[6.41756,49.09613],[6.39775,49.10376],[6.3791,49.09965]],[[6.3791,49.09965],[6.3598,49.10341]],[[6.3598,49.10341],[6.35679,49.11206]],[[6.55582,49.02731],[6.55199,49.02899]],[[6.55199,49.02899],[6.55739,49.03923],[6.54987,49.04361],[6.56034,49.04998],[6.56682,49.06154]],[[6.56682,49.06154],[6.58075,49.06566],[6.57631,49.07934],[6.58704,49.08159]],[[6.58704,49.08159],[6.60092,49.08594]],[[6.60092,49.08594],[6.6009,49.08478]],[[6.6009,49.08478],[6.59471,49.08077],[6.58769,49.06706],[6.59228,49.05437],[6.59076,49.04409],[6.58075,49.03705],[6.58579,49.03281],[6.56793,49.02543],[6.55582,49.02731]],[[6.6009,49.08478],[6.59719,49.08149],[6.60759,49.06062],[6.61553,49.06841],[6.62436,49.06448]],[[6.62436,49.06448],[6.61478,49.05651],[6.61973,49.04268],[6.62756,49.03653]],[[6.62756,49.03653],[6.61234,49.03323],[6.60726,49.0259],[6.61142,49.02011]],[[6.58706,48.99706],[6.56101,49.0046]],[[6.56101,49.0046],[6.56386,49.02125],[6.55582,49.02731]],[[6.46779,48.90309],[6.48138,48.88908],[6.49539,48.89074],[6.50097,48.88643]],[[6.50097,48.88643],[6.51589,48.87476]],[[6.51589,48.87476],[6.50621,48.86836]],[[6.50621,48.86836],[6.49868,48.85828]],[[6.49868,48.85828],[6.48937,48.85636]],[[6.46904,48.85246],[6.45927,48.85796],[6.46241,48.86473],[6.45422,48.87926],[6.44392,48.87874]],[[6.44392,48.87874],[6.45094,48.89258],[6.4596,48.89414],[6.4579,48.90074],[6.46779,48.90309]],[[6.45197,48.9272],[6.45596,48.93323]],[[6.45596,48.93323],[6.47051,48.92991],[6.48609,48.9307]],[[6.48609,48.9307],[6.49221,48.92553],[6.48988,48.91634]],[[6.48988,48.91634],[6.47287,48.91237]],[[6.47287,48.91237],[6.46836,48.92125],[6.45197,48.9272]],[[6.77095,48.79515],[6.78158,48.80405]],[[6.78158,48.80405],[6.79634,48.80825],[6.80304,48.81664],[6.82952,48.8215]],[[6.82952,48.8215],[6.86257,48.81888]],[[6.84617,48.79991],[6.82889,48.78148]],[[6.78436,48.78796],[6.77095,48.79515]],[[6.56184,49.11468],[6.54463,49.11477],[6.5402,49.12485]],[[6.5402,49.12485],[6.54832,49.13166],[6.56707,49.13502]],[[6.56707,49.13502],[6.56371,49.12208],[6.56774,49.11711]],[[6.56774,49.11711],[6.56184,49.11468]],[[6.55372,48.83059],[6.55615,48.84315],[6.57037,48.84348]],[[6.58162,48.84262],[6.60722,48.84347],[6.61227,48.84607]],[[6.61227,48.84607],[6.62117,48.83754],[6.61507,48.82943]],[[6.61507,48.82943],[6.59881,48.82581],[6.58668,48.81005]],[[6.58668,48.81005],[6.58145,48.81605],[6.57182,48.81249]],[[6.57182,48.81249],[6.5727,48.82124],[6.55779,48.82481],[6.55372,48.83059]],[[6.43397,48.90791],[6.43361,48.91611],[6.45061,48.92153],[6.45197,48.9272]],[[6.47287,48.91237],[6.46766,48.90872]],[[6.46766,48.90872],[6.46546,48.91195],[6.43574,48.90289]],[[6.43574,48.90289],[6.43397,48.90791]],[[6.58472,48.79909],[6.58668,48.81005]],[[6.61507,48.82943],[6.62,48.82407]],[[6.62,48.82407],[6.62168,48.80635],[6.6176,48.80497],[6.62272,48.79073]],[[6.62272,48.79073],[6.60466,48.79249],[6.58472,48.79909]],[[6.96008,48.95201],[6.9375,48.9622],[6.92558,48.95992]],[[6.92558,48.95992],[6.93016,48.97494]],[[6.93016,48.97494],[6.93903,48.96331],[6.9662,48.9559]],[[6.9662,48.9559],[6.96008,48.95201]],[[7.0053,48.70225],[7.01074,48.70434],[6.99678,48.71518],[7.00757,48.71779],[7.01766,48.73081]],[[7.01766,48.73081],[7.03232,48.71881],[7.03718,48.70541]],[[7.03718,48.70541],[7.01352,48.69205]],[[7.01352,48.69205],[7.0053,48.70225]],[[6.53279,48.93755],[6.5204,48.9372],[6.51129,48.93109]],[[6.51129,48.93109],[6.50486,48.93371]],[[6.50486,48.93371],[6.50443,48.94557],[6.48655,48.94694]],[[6.4893,48.96707],[6.49019,48.96744]],[[6.49019,48.96744],[6.51927,48.96993]],[[6.51927,48.96993],[6.53387,48.959]],[[6.53693,48.94032],[6.53279,48.93755]],[[6.52192,49.03098],[6.52929,49.03748]],[[6.52929,49.03748],[6.53494,49.03285],[6.55199,49.02899]],[[6.56101,49.0046],[6.55914,49.00527]],[[6.55914,49.00527],[6.52228,49.0154]],[[6.52228,49.0154],[6.52598,49.02346],[6.52192,49.03098]],[[6.50655,48.9903],[6.50214,49.00051]],[[6.50214,49.00051],[6.51117,49.01031],[6.52228,49.0154]],[[6.55914,49.00527],[6.55012,49.00064],[6.55243,48.99479],[6.53683,48.98982]],[[6.53683,48.98982],[6.53136,48.99389],[6.51818,48.98619]],[[6.51818,48.98619],[6.50655,48.9903]],[[6.50389,49.11482],[6.51379,49.12724],[6.52598,49.13585]],[[6.52598,49.13585],[6.53334,49.1346],[6.5402,49.12485]],[[6.56184,49.11468],[6.55084,49.10558],[6.53758,49.10216]],[[6.53758,49.10216],[6.50456,49.11057]],[[6.96773,48.83466],[6.93523,48.83224]],[[6.93523,48.83224],[6.93193,48.83138]],[[6.91286,48.83601],[6.9154,48.85997],[6.90462,48.86],[6.92788,48.86875],[6.92993,48.87683],[6.94306,48.87264],[6.95499,48.87536]],[[6.95499,48.87536],[6.96912,48.88316]],[[6.96912,48.88316],[6.97244,48.87425],[6.9816,48.87073]],[[6.9816,48.87073],[6.96566,48.85429]],[[6.96566,48.85429],[6.9632,48.84543],[6.96773,48.83466]],[[6.5288,48.80855],[6.52661,48.82628]],[[6.52661,48.82628],[6.54659,48.82531],[6.55372,48.83059]],[[6.57182,48.81249],[6.55404,48.80393],[6.55418,48.79833]],[[6.55418,48.79833],[6.5339,48.8043]],[[6.5339,48.8043],[6.5288,48.80855]],[[6.96912,48.88316],[6.98797,48.89136]],[[6.98797,48.89136],[7.02622,48.88042],[7.03315,48.87465],[7.04835,48.87366],[7.05501,48.86492]],[[7.05501,48.86492],[7.05054,48.85893]],[[7.05054,48.85893],[7.05217,48.84926]],[[7.05217,48.84926],[7.03209,48.85433],[7.01792,48.86252],[6.99315,48.87006],[6.9816,48.87073]],[[6.5825,49.16359],[6.5738,49.15996],[6.55279,49.14302]],[[6.55279,49.14302],[6.54303,49.14275]],[[6.54303,49.14275],[6.54016,49.14593],[6.55029,49.15613]],[[6.58463,49.14274],[6.56611,49.14293]],[[6.56611,49.14293],[6.55279,49.14302]],[[6.59889,49.15195],[6.58463,49.14274]],[[7.05206,48.84688],[7.05217,48.84926]],[[7.05054,48.85893],[7.08063,48.86417],[7.09415,48.86288]],[[7.09415,48.86288],[7.09962,48.85513],[7.08838,48.84839]],[[7.08838,48.84839],[7.0809,48.84743]],[[7.0809,48.84743],[7.05206,48.84688]],[[6.95217,49.04913],[6.94467,49.04962],[6.93777,49.04021],[6.93028,49.04222],[6.89607,49.0375]],[[6.89607,49.0375],[6.88108,49.03779],[6.86845,49.04873]],[[6.86845,49.04873],[6.8847,49.05922],[6.90831,49.0677]],[[6.90831,49.0677],[6.91868,49.06417],[6.92873,49.06905]],[[6.92873,49.06905],[6.95913,49.068]],[[6.95913,49.068],[6.96771,49.05418]],[[6.96771,49.05418],[6.95217,49.04913]],[[6.50097,48.88643],[6.50019,48.8943]],[[6.50019,48.8943],[6.51444,48.89324],[6.52617,48.88668],[6.54262,48.88887]],[[6.54262,48.88887],[6.54728,48.89],[6.56383,48.87575]],[[6.55922,48.8634],[6.54288,48.85981]],[[6.54288,48.85981],[6.53574,48.86728],[6.51589,48.87476]],[[6.53279,48.93755],[6.54301,48.92745],[6.54486,48.91856]],[[6.54486,48.91856],[6.52833,48.91376]],[[6.52833,48.91376],[6.52077,48.92206],[6.5132,48.919],[6.51129,48.93109]],[[6.98616,48.68089],[6.97062,48.6872]],[[6.97062,48.6872],[6.98767,48.70303]],[[6.98767,48.70303],[7.0053,48.70225]],[[7.01352,48.69205],[6.99989,48.68433]],[[6.99989,48.68433],[6.98616,48.68089]],[[6.57107,48.91177],[6.58131,48.92044],[6.58556,48.93015]],[[6.60535,48.91235],[6.6077,48.90789]],[[6.6077,48.90789],[6.59161,48.90182]],[[6.43309,48.99575],[6.43155,49.00764]],[[6.43155,49.00764],[6.43379,49.01396],[6.44911,49.01715],[6.45754,49.01081],[6.45751,49.00126]],[[6.45751,49.00126],[6.45195,48.9985]],[[6.45195,48.9985],[6.43309,48.99575]],[[6.82056,48.92784],[6.82824,48.93105]],[[6.82824,48.93105],[6.83314,48.93617]],[[6.83314,48.93617],[6.8449,48.94445],[6.86389,48.94725]],[[6.86389,48.94725],[6.88978,48.94839],[6.90571,48.93802]],[[6.90571,48.93802],[6.91112,48.93233],[6.91324,48.91903],[6.92413,48.91687]],[[6.92413,48.91687],[6.92373,48.91617]],[[6.92373,48.91617],[6.88969,48.91979],[6.88622,48.91407],[6.86705,48.90929]],[[6.86705,48.90929],[6.85712,48.91793],[6.83057,48.91597]],[[6.83057,48.91597],[6.82056,48.92784]],[[6.38615,49.02097],[6.37446,49.03578],[6.37708,49.03803]],[[6.37708,49.03803],[6.38611,49.03632],[6.39734,49.0411]],[[6.39734,49.0411],[6.40937,49.04594],[6.42022,49.04205]],[[6.42022,49.04205],[6.4211,49.03769]],[[6.4211,49.03769],[6.39984,49.02332]],[[6.39984,49.02332],[6.38615,49.02097]],[[6.51927,48.96993],[6.51818,48.98619]],[[6.53683,48.98982],[6.54455,48.9745]],[[6.50214,49.00051],[6.48433,49.01826],[6.49199,49.02402],[6.48849,49.03192]],[[6.48849,49.03192],[6.52192,49.03098]],[[6.77257,48.74586],[6.77306,48.7461]],[[6.83068,48.75514],[6.82712,48.74957],[6.83642,48.74105]],[[6.83642,48.74105],[6.84146,48.73044],[6.83533,48.7228],[6.85931,48.72839],[6.86097,48.71679]],[[6.86097,48.71679],[6.85522,48.70877]],[[6.85522,48.70877],[6.8292,48.70625]],[[6.8292,48.70625],[6.82073,48.70313],[6.81231,48.70916],[6.82953,48.71591],[6.81806,48.72024],[6.77257,48.74586]],[[6.42384,48.93903],[6.41661,48.93519],[6.4165,48.92209]],[[6.4165,48.92209],[6.40728,48.91466],[6.38526,48.9255]],[[6.38526,48.9255],[6.41121,48.93691],[6.40879,48.94393]],[[6.40879,48.94393],[6.42384,48.93903]],[[6.60255,49.12153],[6.60936,49.1176],[6.61254,49.10437],[6.63077,49.09708]],[[6.63077,49.09708],[6.62707,49.09224]],[[6.62707,49.09224],[6.60092,49.08594]],[[6.58704,49.08159],[6.57805,49.08869]],[[6.57805,49.08869],[6.57065,49.10373],[6.57502,49.11393],[6.58296,49.11616]],[[6.58296,49.11616],[6.60255,49.12153]],[[6.45191,49.1085],[6.44335,49.10791],[6.4425,49.11825],[6.44993,49.11938],[6.46865,49.1324],[6.49094,49.13385]],[[6.49094,49.13385],[6.49313,49.12731]],[[6.94881,48.70375],[6.95017,48.71257]],[[6.95017,48.71257],[6.9583,48.71639]],[[6.9583,48.71639],[6.96936,48.70945]],[[6.96936,48.70945],[6.95676,48.6991]],[[6.95676,48.6991],[6.94881,48.70375]],[[6.81812,49.0695],[6.83602,49.07651],[6.84363,49.06215]],[[6.84363,49.06215],[6.82982,49.05735]],[[6.8031,49.09157],[6.81342,49.09487],[6.82772,49.09309]],[[6.82772,49.09309],[6.82754,49.08584]],[[6.82754,49.08584],[6.81339,49.07942]],[[6.8052,48.89096],[6.80746,48.89101]],[[6.80746,48.89101],[6.82107,48.87755]],[[6.82107,48.87755],[6.82299,48.8755]],[[6.82299,48.8755],[6.81267,48.87008],[6.79822,48.8566]],[[6.79822,48.8566],[6.78285,48.85955]],[[6.78285,48.85955],[6.782,48.87286]],[[6.782,48.87286],[6.8052,48.89096]],[[6.9583,48.71639],[6.9658,48.71748],[6.98767,48.74113]],[[6.98767,48.74113],[7.00966,48.73637]],[[7.00966,48.73637],[7.01766,48.73081]],[[6.98767,48.70303],[6.98034,48.71193],[6.96936,48.70945]],[[6.36496,48.96664],[6.36882,48.97777],[6.36323,49.00084]],[[6.36323,49.00084],[6.37101,49.00124],[6.38685,48.99262],[6.40085,48.99468],[6.41756,48.99248],[6.41884,48.98311]],[[6.41884,48.98311],[6.39575,48.9783],[6.3993,48.96845],[6.39334,48.96569]],[[6.39334,48.96569],[6.38625,48.97017],[6.36496,48.96664]],[[6.73903,48.88493],[6.73563,48.90507]],[[6.73563,48.90507],[6.74825,48.91565],[6.74207,48.92764]],[[6.74207,48.92764],[6.76063,48.93111],[6.76756,48.92896]],[[6.76756,48.92896],[6.77764,48.89519]],[[6.77764,48.89519],[6.77036,48.89074]],[[6.77036,48.89074],[6.76359,48.88839],[6.75649,48.89687],[6.74315,48.89216],[6.7411,48.88508]],[[6.7411,48.88508],[6.73903,48.88493]],[[6.82426,49.14336],[6.83116,49.14064],[6.84404,49.14709],[6.85108,49.1265]],[[6.85108,49.1265],[6.84579,49.12161]],[[6.84579,49.12161],[6.82832,49.12901]],[[6.82832,49.12901],[6.82426,49.14336]],[[6.72,48.9439],[6.73067,48.93705],[6.72492,48.9316],[6.73444,48.92478]],[[6.73444,48.92478],[6.72281,48.92091],[6.71432,48.9239],[6.70316,48.9205]],[[6.96773,48.83466],[6.9804,48.8272],[6.98752,48.82953],[7.01025,48.82608],[7.02122,48.8208]],[[7.0083,48.80757],[7.00529,48.80677]],[[7.00529,48.80677],[7.00292,48.81119],[6.97701,48.80847],[6.96558,48.81236],[6.95009,48.82619],[6.93523,48.83224]],[[6.79616,49.13896],[6.82379,49.1434]],[[6.82379,49.1434],[6.82426,49.14336]],[[6.82832,49.12901],[6.82573,49.12285],[6.81197,49.11523]],[[6.81197,49.11523],[6.80021,49.12186]],[[6.80021,49.12186],[6.80183,49.13663],[6.79616,49.13896]],[[6.58949,48.73248],[6.609,48.74999]],[[6.609,48.74999],[6.63393,48.7368]],[[6.63393,48.7368],[6.63536,48.73108],[6.62213,48.7254],[6.61665,48.71471]],[[6.61665,48.71471],[6.59897,48.71569],[6.59484,48.72922],[6.58949,48.73248]],[[6.77646,48.82474],[6.77712,48.83364],[6.76645,48.84481],[6.77146,48.85345]],[[6.77146,48.85345],[6.78285,48.85955]],[[6.79822,48.8566],[6.81705,48.84514]],[[6.81705,48.84514],[6.80988,48.84056]],[[6.80988,48.84056],[6.79138,48.83129],[6.7929,48.82613],[6.77646,48.82474]],[[6.65036,48.78951],[6.66478,48.7963],[6.67721,48.79812],[6.68831,48.80648]],[[6.68831,48.80648],[6.6975,48.80176]],[[6.6975,48.80176],[6.6905,48.79721],[6.69771,48.7878]],[[6.69771,48.7878],[6.67818,48.77556]],[[6.67818,48.77556],[6.66143,48.77737],[6.65636,48.78185]],[[6.65636,48.78185],[6.65036,48.78951]],[[6.64167,49.1404],[6.63129,49.1425],[6.61036,49.1355]],[[6.61036,49.1355],[6.60307,49.14159],[6.58463,49.14274]],[[6.75459,48.85096],[6.74821,48.88516],[6.7411,48.88508]],[[6.77036,48.89074],[6.78358,48.88046],[6.782,48.87286]],[[6.77146,48.85345],[6.76378,48.85604],[6.75459,48.85096]],[[6.72695,48.70655],[6.72559,48.71057],[6.71037,48.71002],[6.70354,48.73171],[6.69344,48.73189]],[[6.69344,48.73189],[6.71319,48.73518],[6.71355,48.74381],[6.72329,48.74474]],[[6.72329,48.74474],[6.74182,48.74159],[6.75602,48.74978],[6.76256,48.74592]],[[6.76256,48.74592],[6.76815,48.73675],[6.75296,48.72374],[6.75489,48.711],[6.76174,48.70223],[6.74556,48.69452]],[[6.74556,48.69452],[6.73799,48.70373],[6.72695,48.70655]],[[6.97192,49.14668],[6.95458,49.13377]],[[6.95458,49.13377],[6.9481,49.13215],[6.9325,49.13763],[6.91616,49.13329]],[[6.91616,49.13329],[6.9348,49.14384],[6.93703,49.15605]],[[6.55663,48.90029],[6.54328,48.89655]],[[6.54328,48.89655],[6.53472,48.90686],[6.52399,48.91171]],[[6.52399,48.91171],[6.52833,48.91376]],[[6.54486,48.91856],[6.56138,48.90795]],[[6.49094,49.13385],[6.50548,49.1329],[6.50855,49.13937]],[[6.50855,49.13937],[6.51295,49.13935]],[[6.51295,49.13935],[6.52198,49.14055]],[[6.52198,49.14055],[6.52598,49.13585]],[[6.82754,49.08584],[6.84876,49.08839]],[[6.84876,49.08839],[6.84944,49.08129],[6.86232,49.07548],[6.88125,49.07352]],[[6.88125,49.07352],[6.88093,49.07271]],[[6.88093,49.07271],[6.86515,49.07022],[6.84363,49.06215]],[[6.43311,48.7891],[6.42979,48.80269],[6.42438,48.80302]],[[6.42438,48.80302],[6.42739,48.81317],[6.43617,48.81713],[6.44422,48.81369],[6.45493,48.81875]],[[6.45493,48.81875],[6.45767,48.81654]],[[6.45767,48.81654],[6.47061,48.81067]],[[6.47061,48.81067],[6.4795,48.80121],[6.48521,48.78794],[6.45876,48.77305],[6.46137,48.76733]],[[6.46137,48.76733],[6.4536,48.76589],[6.45213,48.78004],[6.44431,48.77857],[6.43311,48.7891]],[[6.4488,49.05307],[6.45386,49.0339]],[[6.45386,49.0339],[6.44831,49.02902]],[[6.44831,49.02902],[6.44358,49.03382],[6.4211,49.03769]],[[6.42022,49.04205],[6.43503,49.05463],[6.4488,49.05307]],[[6.50019,48.8943],[6.49877,48.90592]],[[6.49877,48.90592],[6.52399,48.91171]],[[6.54328,48.89655],[6.54262,48.88887]],[[6.5288,48.80855],[6.52694,48.80361],[6.51655,48.80795],[6.47061,48.81067]],[[6.45767,48.81654],[6.45675,48.82346],[6.4649,48.83461],[6.47283,48.83644]],[[6.51999,48.82945],[6.5214,48.82994]],[[6.5214,48.82994],[6.52661,48.82628]],[[6.61227,48.84607],[6.61114,48.86061]],[[6.61104,48.86512],[6.61753,48.8683]],[[6.65683,48.86956],[6.66289,48.87028]],[[6.66289,48.87028],[6.63014,48.84823],[6.63322,48.8405],[6.64614,48.83587]],[[6.64614,48.83587],[6.62415,48.8231],[6.62,48.82407]],[[6.48609,48.9307],[6.50486,48.93371]],[[6.49877,48.90592],[6.48988,48.91634]],[[6.82379,49.1434],[6.83446,49.15138]],[[6.83446,49.15138],[6.84384,49.15552]],[[6.86513,49.15464],[6.86702,49.15295]],[[6.86702,49.15295],[6.87447,49.14489],[6.86562,49.13092]],[[6.86562,49.13092],[6.85108,49.1265]],[[6.39919,49.14149],[6.3938,49.15107]],[[6.3938,49.15107],[6.40139,49.14808],[6.40862,49.15566],[6.4065,49.16437]],[[6.45839,49.15767],[6.46221,49.14568]],[[6.46221,49.14568],[6.4573,49.14181],[6.42357,49.14572],[6.42198,49.14384]],[[6.68092,48.91157],[6.67911,48.90416],[6.68995,48.90168]],[[6.68995,48.90168],[6.67498,48.89599],[6.67149,48.88896],[6.67853,48.87563]],[[6.67853,48.87563],[6.66289,48.87028]],[[6.64728,48.87912],[6.64407,48.89166],[6.64724,48.9]],[[6.81705,48.84514],[6.83113,48.85581],[6.84462,48.85562]],[[6.84462,48.85562],[6.8575,48.8508]],[[6.8575,48.8508],[6.85495,48.83869]],[[6.85495,48.83869],[6.82953,48.83469],[6.81464,48.83515]],[[6.81464,48.83515],[6.80988,48.84056]],[[6.58571,48.89114],[6.58365,48.87992]],[[6.87092,48.78783],[6.85268,48.78581],[6.8522,48.77601],[6.83476,48.76787]],[[6.93633,48.71516],[6.91344,48.7209],[6.91572,48.72874]],[[6.91572,48.72874],[6.91484,48.73625],[6.92893,48.74136],[6.93446,48.75166]],[[6.93446,48.75166],[6.93783,48.74303],[6.94528,48.74163],[6.94911,48.72762],[6.9583,48.71639]],[[6.95017,48.71257],[6.93633,48.71516]],[[6.91342,49.09907],[6.91041,49.10752]],[[6.91041,49.10752],[6.91089,49.10818]],[[6.91089,49.10818],[6.92886,49.11773],[6.95604,49.12218]],[[6.95604,49.12218],[6.95752,49.12104]],[[6.95752,49.12104],[6.9494,49.10754],[6.95317,49.099],[6.94563,49.08778]],[[6.94563,49.08778],[6.93743,49.08383]],[[6.93743,49.08383],[6.92188,49.10013],[6.91342,49.09907]],[[6.6975,48.80176],[6.70215,48.81726],[6.71879,48.82445]],[[6.71879,48.82445],[6.72984,48.82858]],[[6.72984,48.82858],[6.73805,48.82381]],[[6.73805,48.82381],[6.74356,48.8136]],[[6.74356,48.8136],[6.71863,48.7978],[6.71705,48.78691]],[[6.71705,48.78691],[6.69771,48.7878]],[[6.82299,48.8755],[6.84651,48.86974]],[[6.84651,48.86974],[6.84462,48.85562]],[[6.4221,48.87068],[6.40361,48.8709]],[[6.40361,48.8709],[6.39766,48.87647]],[[6.39766,48.87647],[6.39916,48.88402],[6.40877,48.88877]],[[6.40877,48.88877],[6.42794,48.88101]],[[6.42794,48.88101],[6.4221,48.87068]],[[6.65558,48.74934],[6.67009,48.76651],[6.69311,48.76878]],[[6.69311,48.76878],[6.70599,48.7641]],[[6.70599,48.7641],[6.71499,48.74952],[6.72329,48.74474]],[[6.69344,48.73189],[6.68081,48.73552]],[[6.68081,48.73552],[6.65558,48.74934]],[[6.52842,49.04502],[6.53409,49.06576],[6.54414,49.07457]],[[6.54414,49.07457],[6.54452,49.06344],[6.55553,49.05844],[6.56682,49.06154]],[[6.52929,49.03748],[6.52842,49.04502]],[[6.95913,49.068],[6.96242,49.07385],[6.97617,49.08002]],[[6.97617,49.08002],[6.97834,49.07763]],[[6.97834,49.07763],[6.98436,49.07594],[6.97933,49.06705],[6.9865,49.06161]],[[6.9865,49.06161],[6.99438,49.05571],[6.98209,49.0504],[6.96771,49.05418]],[[6.86562,49.13092],[6.87961,49.12781],[6.88385,49.11575],[6.89052,49.11282]],[[6.89052,49.11282],[6.87748,49.10144]],[[6.87748,49.10144],[6.86683,49.1083],[6.84797,49.1068]],[[6.84797,49.1068],[6.84579,49.12161]],[[6.91342,49.09907],[6.9065,49.09706],[6.9092,49.0816],[6.90208,49.08167],[6.88125,49.07352]],[[6.84876,49.08839],[6.85279,49.08877]],[[6.85279,49.08877],[6.85821,49.08887],[6.87748,49.10144]],[[6.89052,49.11282],[6.89539,49.10763],[6.91041,49.10752]],[[7.05206,48.84688],[7.05382,48.83596]],[[7.05382,48.83596],[6.99542,48.83597],[6.9812,48.85106],[6.96566,48.85429]],[[6.54414,49.07457],[6.54448,49.07484]],[[6.54448,49.07484],[6.57805,49.08869]],[[6.41884,48.98311],[6.42327,48.98371]],[[6.42327,48.98371],[6.43081,48.97134],[6.41606,48.96505]],[[6.41606,48.96505],[6.40616,48.96195]],[[6.40616,48.96195],[6.39334,48.96569]],[[6.91616,49.13329],[6.90955,49.13229]],[[6.90955,49.13229],[6.89887,49.13924],[6.87577,49.14651],[6.86702,49.15295]],[[6.53758,49.10216],[6.53295,49.0921]],[[6.53295,49.0921],[6.51385,49.0859],[6.50642,49.07991],[6.49643,49.08501]],[[6.49643,49.08501],[6.50076,49.1021],[6.49609,49.10461]],[[6.7823,48.9395],[6.77535,48.94447],[6.77346,48.95837]],[[6.81241,48.97396],[6.8038,48.96498],[6.80086,48.95275],[6.8189,48.94285]],[[6.8189,48.94285],[6.80399,48.93286]],[[6.80399,48.93286],[6.78935,48.94117]],[[6.78935,48.94117],[6.7823,48.9395]],[[7.10424,49.13868],[7.12626,49.14187],[7.13168,49.13218]],[[7.13021,49.1281],[7.11235,49.1296],[7.10581,49.1265],[7.09728,49.13159]],[[6.42898,48.86131],[6.43463,48.86362],[6.45751,48.84749]],[[6.45493,48.81875],[6.45285,48.82262],[6.43253,48.81921],[6.41864,48.82357],[6.42071,48.82724]],[[6.42071,48.82724],[6.41324,48.84264]],[[6.41324,48.84264],[6.42898,48.86131]],[[6.77379,49.16765],[6.79019,49.16628],[6.81107,49.15794],[6.83446,49.15138]],[[6.79616,49.13896],[6.77566,49.14549]],[[6.93604,48.78648],[6.93428,48.78443]],[[6.93428,48.78443],[6.9294,48.77454]],[[6.9294,48.77454],[6.90912,48.77698],[6.87949,48.76677],[6.87548,48.75549]],[[6.87548,48.75549],[6.84958,48.7502],[6.84378,48.74035],[6.83642,48.74105]],[[6.70599,48.7641],[6.72081,48.77772],[6.71864,48.78163]],[[6.71864,48.78163],[6.72396,48.77855],[6.73748,48.78581]],[[6.73748,48.78581],[6.75098,48.77038],[6.76259,48.7662]],[[6.77257,48.74586],[6.76256,48.74592]],[[6.53039,48.83627],[6.52078,48.84455],[6.5083,48.84934],[6.49868,48.85828]],[[6.50621,48.86836],[6.53628,48.83983]],[[6.53628,48.83983],[6.53039,48.83627]],[[6.91088,48.93993],[6.92827,48.93424]],[[6.92827,48.93424],[6.92413,48.91687]],[[6.90571,48.93802],[6.91088,48.93993]],[[6.89837,48.66574],[6.89556,48.66405]],[[6.89556,48.66405],[6.8877,48.66265]],[[6.8877,48.66265],[6.87355,48.67539],[6.87579,48.68579],[6.85704,48.69361],[6.86178,48.71063],[6.85522,48.70877]],[[6.86097,48.71679],[6.87703,48.70686],[6.8937,48.70903],[6.91497,48.71552],[6.93633,48.71516]],[[6.94881,48.70375],[6.9491,48.68536],[6.95669,48.68088]],[[6.95669,48.68088],[6.93732,48.67061]],[[6.93732,48.67061],[6.91778,48.66672],[6.90315,48.66965],[6.89837,48.66574]],[[7.00758,48.79114],[7.0139,48.78196]],[[6.99628,48.77605],[6.99005,48.77365],[6.97327,48.77838],[6.9588,48.78862],[6.9467,48.79196]],[[6.9467,48.79196],[6.96187,48.80251],[6.9855,48.79805],[7.00529,48.80677]],[[6.39317,48.80494],[6.3936,48.80626]],[[6.3936,48.80626],[6.39672,48.81395],[6.39221,48.82245]],[[6.39221,48.82245],[6.3993,48.82066],[6.42071,48.82724]],[[6.42438,48.80302],[6.41957,48.7944],[6.40764,48.79591],[6.39423,48.79108]],[[6.39423,48.79108],[6.39317,48.80494]],[[7.01544,49.19127],[7.03503,49.19064],[7.02765,49.17008],[7.03167,49.15762],[7.04685,49.13592],[7.04566,49.12845]],[[7.04566,49.12845],[7.02398,49.12488]],[[7.02398,49.12488],[7.02689,49.13125],[7.003,49.14344]],[[6.9865,49.06161],[7.00781,49.06211]],[[7.00781,49.06211],[7.01116,49.04832],[7.00231,49.04166]],[[7.00231,49.04166],[6.99364,49.04575],[6.96285,49.03442]],[[6.96285,49.03442],[6.95217,49.04913]],[[6.92873,49.06905],[6.93743,49.08383]],[[6.94563,49.08778],[6.95417,49.08757],[6.95083,49.0805],[6.97145,49.08385]],[[6.97145,49.08385],[6.97617,49.08002]],[[6.69789,48.85197],[6.70418,48.85529]],[[6.70418,48.85529],[6.71069,48.85949]],[[6.71069,48.85949],[6.71131,48.85397],[6.7285,48.83395],[6.72984,48.82858]],[[6.71879,48.82445],[6.71311,48.82792],[6.69789,48.85197]],[[6.71705,48.78691],[6.71864,48.78163]],[[6.69311,48.76878],[6.69079,48.77418],[6.67818,48.77556]],[[6.93016,48.97494],[6.92212,48.97714],[6.91728,48.99652]],[[6.91728,48.99652],[6.94132,49.00331]],[[6.94132,49.00331],[6.95248,48.99668],[6.96927,48.99393],[6.9798,48.998]],[[6.9798,48.998],[6.98871,48.97936],[7.0013,48.97573],[6.99615,48.96863]],[[6.99615,48.96863],[6.98129,48.96227],[6.9718,48.96252],[6.97403,48.95477],[6.9662,48.9559]],[[6.75459,48.85096],[6.73062,48.85697],[6.72347,48.86341],[6.71466,48.86268]],[[6.71466,48.86268],[6.71476,48.87082],[6.72317,48.87158],[6.726,48.88047],[6.73903,48.88493]],[[6.65482,48.83622],[6.67571,48.83948],[6.68005,48.84543],[6.69789,48.85197]],[[6.68831,48.80648],[6.67466,48.82664],[6.66303,48.82785]],[[6.66303,48.82785],[6.65482,48.83622]],[[6.78898,49.10613],[6.80021,49.12186]],[[6.81197,49.11523],[6.81754,49.10092],[6.82772,49.09309]],[[6.48305,49.07262],[6.49643,49.08501]],[[6.53295,49.0921],[6.53581,49.07975],[6.54448,49.07484]],[[6.52842,49.04502],[6.51557,49.04532],[6.50743,49.05029],[6.51392,49.05757],[6.50687,49.07378],[6.48887,49.06444]],[[6.48887,49.06444],[6.48333,49.06684]],[[6.48333,49.06684],[6.48305,49.07262]],[[6.82107,48.87755],[6.83738,48.88944]],[[6.83738,48.88944],[6.84966,48.89294]],[[6.84966,48.89294],[6.86544,48.87501]],[[6.86544,48.87501],[6.84651,48.86974]],[[6.6077,48.90789],[6.61892,48.90013]],[[6.61892,48.90013],[6.62056,48.87328]],[[7.00781,49.06211],[7.02643,49.06991],[7.02253,49.07799],[7.03402,49.0868],[7.03391,49.09227]],[[7.03391,49.09227],[7.03985,49.09269],[7.04101,49.08052]],[[7.04101,49.08052],[7.02747,49.07067],[7.05456,49.07015],[7.0627,49.05693],[7.07234,49.05725]],[[7.07234,49.05725],[7.07866,49.05036]],[[7.07866,49.05036],[7.05491,49.03062]],[[7.05491,49.03062],[7.04129,49.03803],[7.02092,49.03851],[7.01304,49.03038]],[[7.01304,49.03038],[7.00231,49.04166]],[[6.43954,48.98592],[6.43309,48.99575]],[[6.45195,48.9985],[6.4556,48.98984]],[[6.4556,48.98984],[6.44542,48.97932]],[[6.44542,48.97932],[6.43954,48.98592]],[[7.06607,48.66484],[7.07724,48.67442],[7.08827,48.67877]],[[7.08827,48.67877],[7.09705,48.68602],[7.10439,48.683]],[[7.10439,48.683],[7.09461,48.67306],[7.10012,48.66593],[7.09458,48.65995]],[[7.09458,48.65995],[7.07771,48.66075]],[[7.07771,48.66075],[7.06607,48.66484]],[[7.03564,48.75845],[7.03597,48.74817],[7.01946,48.74853],[7.00966,48.73637]],[[6.98767,48.74113],[6.98919,48.74833],[6.98204,48.77033],[6.9649,48.77674],[6.94225,48.77844],[6.93428,48.78443]],[[6.94569,48.79204],[6.9467,48.79196]],[[7.05243,48.81484],[7.08504,48.81191]],[[7.08504,48.81191],[7.08912,48.80677],[7.06719,48.79948]],[[7.06719,48.79948],[7.04917,48.80407]],[[6.5113,49.14575],[6.51295,49.13935]],[[6.50855,49.13937],[6.46784,49.14138],[6.46221,49.14568]],[[6.4488,49.05307],[6.45952,49.05184],[6.48403,49.05894],[6.50061,49.05069],[6.48887,49.06444]],[[6.48849,49.03192],[6.4816,49.03777]],[[6.4816,49.03777],[6.47304,49.04451],[6.46428,49.03326],[6.45386,49.0339]],[[6.97062,48.6872],[6.96242,48.6846]],[[6.96242,48.6846],[6.95676,48.6991]],[[6.85279,49.08877],[6.83707,49.09733],[6.83732,49.10425],[6.84797,49.1068]],[[7.01352,48.69205],[7.03027,48.68037]],[[7.03027,48.68037],[7.01913,48.67115]],[[7.01913,48.67115],[6.99989,48.68433]],[[6.45751,49.00126],[6.47925,49.01007],[6.47205,49.02865],[6.4816,49.03777]],[[6.50655,48.9903],[6.50229,48.98697]],[[6.50229,48.98697],[6.4556,48.98984]],[[6.96242,48.6846],[6.95669,48.68088]],[[7.03718,48.70541],[7.04471,48.70816]],[[7.07491,48.6878],[7.08701,48.68113]],[[7.08701,48.68113],[7.08827,48.67877]],[[7.06607,48.66484],[7.0439,48.67855],[7.03027,48.68037]],[[7.09092,48.76278],[7.07924,48.78629]],[[7.07924,48.78629],[7.08608,48.79209],[7.10456,48.79645]],[[7.10456,48.79645],[7.11715,48.79894]],[[7.11844,48.76923],[7.09363,48.76117],[7.09092,48.76278]],[[6.91728,48.99652],[6.89165,48.98736]],[[6.88177,49.00799],[6.89726,49.00962],[6.89656,49.0133],[6.9126,49.02216]],[[6.9126,49.02216],[6.91708,49.01667],[6.94149,49.02268]],[[6.94149,49.02268],[6.94132,49.00331]],[[6.49019,48.96744],[6.5064,48.9844],[6.50229,48.98697]],[[6.94149,49.02268],[6.94628,49.02486]],[[6.94628,49.02486],[6.95078,49.02099],[6.98747,49.03103],[6.99367,49.03633]],[[6.99367,49.03633],[7.00252,49.03483],[6.99382,49.02848],[6.98522,49.01442],[6.98863,49.00986],[6.97815,49.00538],[6.9798,48.998]],[[6.98178,48.94193],[6.97111,48.92804],[6.96018,48.92519],[6.94727,48.93495]],[[6.94727,48.93495],[6.93822,48.9396],[6.94223,48.94596],[6.96008,48.95201]],[[6.96008,48.95201],[6.98681,48.94962]],[[6.98681,48.94962],[6.98178,48.94193]],[[6.88093,49.07271],[6.88263,49.07029],[6.90831,49.0677]],[[6.86845,49.04873],[6.85642,49.04601]],[[6.98657,49.12216],[7.00095,49.12023]],[[7.00095,49.12023],[7.00028,49.10657],[6.99103,49.08991]],[[6.99103,49.08991],[6.97834,49.07763]],[[6.97145,49.08385],[6.97561,49.0923],[6.97428,49.11243]],[[6.97428,49.11243],[6.98657,49.12216]],[[6.86389,48.94725],[6.85837,48.96166]],[[6.85837,48.96166],[6.88092,48.96513],[6.8944,48.97482]],[[6.8944,48.97482],[6.8874,48.96713],[6.9077,48.95727]],[[6.9077,48.95727],[6.91088,48.93993]],[[6.88839,48.89846],[6.90973,48.90741]],[[6.90973,48.90741],[6.93991,48.8939],[6.94942,48.88514]],[[6.94942,48.88514],[6.92195,48.8857],[6.89284,48.87538]],[[6.89284,48.87538],[6.88128,48.88561],[6.88839,48.89846]],[[7.00095,49.12023],[7.0117,49.12001]],[[7.0117,49.12001],[7.01222,49.10229],[7.00701,49.09714]],[[7.00701,49.09714],[6.99103,49.08991]],[[6.3698,48.83436],[6.38172,48.8452],[6.38182,48.85055]],[[6.38182,48.85055],[6.39233,48.8514]],[[6.39233,48.8514],[6.3989,48.84589],[6.41324,48.84264]],[[6.39221,48.82245],[6.38226,48.82072]],[[6.38226,48.82072],[6.3749,48.82671]],[[6.3749,48.82671],[6.3698,48.83436]],[[6.62958,48.77227],[6.65636,48.78185]],[[6.65558,48.74934],[6.63957,48.75298]],[[6.63957,48.75298],[6.64249,48.75531],[6.62958,48.77227]],[[6.8944,48.97482],[6.89464,48.9813]],[[6.92558,48.95992],[6.9077,48.95727]],[[6.93446,48.75166],[6.95844,48.75319],[6.97825,48.7399],[6.98767,48.74113]],[[6.99252,48.96052],[6.98681,48.94962]],[[6.99615,48.96863],[6.99252,48.96052]],[[6.66158,48.70608],[6.66524,48.70904]],[[6.66524,48.70904],[6.69196,48.70302],[6.70599,48.70974],[6.71415,48.70433],[6.72695,48.70655]],[[6.74556,48.69452],[6.75657,48.6862]],[[6.75657,48.6862],[6.75513,48.66988]],[[6.75513,48.66988],[6.7404,48.66873],[6.73379,48.66314],[6.72114,48.67002],[6.71559,48.66753],[6.704,48.6747],[6.69228,48.67284],[6.69436,48.67956],[6.68556,48.68161],[6.66896,48.66734],[6.6764,48.68886],[6.66158,48.70608]],[[6.97922,48.66127],[6.95053,48.66049]],[[6.95053,48.66049],[6.93732,48.67061]],[[6.95669,48.68088],[6.97921,48.6721]],[[6.97921,48.6721],[6.97922,48.66127]],[[6.42898,48.86131],[6.4221,48.87068]],[[6.42794,48.88101],[6.44392,48.87874]],[[6.93446,48.75166],[6.9294,48.77454]],[[6.87548,48.75549],[6.88336,48.74576],[6.91572,48.72874]],[[6.63077,49.09708],[6.63981,49.09624]],[[6.65875,49.07837],[6.64271,49.0688]],[[6.64271,49.0688],[6.63378,49.06873]],[[6.63378,49.06873],[6.63293,49.08493],[6.62707,49.09224]],[[6.83188,48.96081],[6.82619,48.95536]],[[6.82619,48.95536],[6.82415,48.94716],[6.83314,48.93617]],[[6.82824,48.93105],[6.8189,48.94285]],[[6.68081,48.73552],[6.6581,48.72089],[6.65876,48.71677]],[[6.65876,48.71677],[6.64123,48.73531]],[[6.64123,48.73531],[6.6344,48.74688],[6.63957,48.75298]],[[6.609,48.74999],[6.6038,48.76406],[6.58944,48.76708]],[[6.58944,48.76708],[6.62958,48.77227]],[[6.64123,48.73531],[6.63393,48.7368]],[[6.70418,48.85529],[6.6973,48.86946],[6.68555,48.87559]],[[6.68555,48.87559],[6.68687,48.88278],[6.69866,48.89023],[6.70952,48.89107]],[[6.70952,48.89107],[6.73026,48.90468],[6.73563,48.90507]],[[6.71466,48.86268],[6.71069,48.85949]],[[6.74356,48.8136],[6.75371,48.81117],[6.75972,48.81589],[6.78103,48.82084]],[[6.78103,48.82084],[6.776,48.80571],[6.78158,48.80405]],[[6.77095,48.79515],[6.74985,48.79159],[6.73748,48.78581]],[[6.73805,48.82381],[6.74883,48.8269],[6.75787,48.82119],[6.77655,48.82429]],[[6.77655,48.82429],[6.78103,48.82084]],[[6.84966,48.89294],[6.86589,48.8988]],[[6.86589,48.8988],[6.88839,48.89846]],[[6.89284,48.87538],[6.89328,48.87113]],[[6.89328,48.87113],[6.88722,48.87578],[6.87711,48.87272],[6.86544,48.87501]],[[6.60255,49.12153],[6.60982,49.12507],[6.61036,49.1355]],[[6.98596,48.6517],[6.97922,48.66127]],[[6.97921,48.6721],[6.98616,48.68089]],[[7.01913,48.67115],[7.0223,48.66453]],[[7.0223,48.66453],[7.03243,48.65726],[7.02303,48.64982]],[[7.02303,48.64982],[7.00045,48.65967],[6.99265,48.65137]],[[6.99265,48.65137],[6.98596,48.6517]],[[6.89328,48.87113],[6.87453,48.86769],[6.86626,48.86247],[6.86778,48.85584],[6.8575,48.8508]],[[6.94942,48.88514],[6.95499,48.87536]],[[6.85977,48.82187],[6.84554,48.83166],[6.85495,48.83869]],[[6.53039,48.83627],[6.5214,48.82994]],[[6.45596,48.93323],[6.44866,48.94434]],[[6.44866,48.94434],[6.44959,48.95048]],[[6.8292,48.70625],[6.82694,48.70016],[6.81393,48.69384],[6.80598,48.69779],[6.80247,48.69217]],[[6.80247,48.69217],[6.78721,48.67977],[6.7766,48.68125],[6.77012,48.6732],[6.76866,48.68047],[6.75657,48.6862]],[[6.77764,48.89519],[6.79361,48.89952]],[[6.79361,48.89952],[6.80621,48.89908],[6.8052,48.89096]],[[6.58944,48.76708],[6.59063,48.78203],[6.5845,48.78703],[6.58472,48.79909]],[[6.62272,48.79073],[6.64221,48.79144]],[[6.64221,48.79144],[6.65036,48.78951]],[[7.04513,48.6189],[7.04258,48.62139]],[[7.04258,48.62139],[7.03418,48.62818]],[[7.03418,48.62818],[7.01457,48.63345],[7.01233,48.64584]],[[7.01233,48.64584],[7.02303,48.64982]],[[7.0223,48.66453],[7.03158,48.66482],[7.05608,48.642]],[[7.05608,48.642],[7.0633,48.63422]],[[7.0633,48.63422],[7.06085,48.62763],[7.04513,48.6189]],[[6.95752,49.12104],[6.97428,49.11243]],[[6.80746,48.89101],[6.83423,48.90446]],[[6.83423,48.90446],[6.83738,48.88944]],[[6.54303,49.14275],[6.52198,49.14055]],[[6.66158,48.70608],[6.64902,48.70647],[6.63855,48.70114],[6.62936,48.71117],[6.61665,48.71471]],[[6.65876,48.71677],[6.66524,48.70904]],[[6.82056,48.92784],[6.81215,48.92475]],[[6.81215,48.92475],[6.80399,48.93286]],[[6.44866,48.94434],[6.43096,48.93755],[6.42384,48.93903]],[[6.40879,48.94393],[6.40737,48.9524],[6.41365,48.95483]],[[6.41365,48.95483],[6.43903,48.96171]],[[6.80247,48.69217],[6.80802,48.68415],[6.80206,48.67701]],[[6.80206,48.67701],[6.79381,48.67516],[6.80078,48.66723],[6.79193,48.66551],[6.78069,48.65667],[6.76283,48.65542]],[[6.76283,48.65542],[6.75513,48.66988]],[[6.54783,48.75512],[6.54593,48.76113],[6.55208,48.77194],[6.54618,48.77786],[6.54803,48.78608],[6.56508,48.78689],[6.55418,48.79833]],[[6.58944,48.76708],[6.56218,48.75611]],[[6.56218,48.75611],[6.54783,48.75512]],[[6.64221,48.79144],[6.64228,48.80152],[6.66303,48.82785]],[[6.92373,48.91617],[6.93035,48.9124],[6.90973,48.90741]],[[6.86589,48.8988],[6.86705,48.90929]],[[6.56611,49.14293],[6.56707,49.13502]],[[6.79361,48.89952],[6.7917,48.90554],[6.81215,48.92475]],[[6.83057,48.91597],[6.83423,48.90446]],[[6.85837,48.96166],[6.83511,48.9541],[6.82619,48.95536]],[[7.04101,49.08052],[7.0623,49.08213],[7.07006,49.08654]],[[7.07006,49.08654],[7.09666,49.08246]],[[7.09666,49.08246],[7.09934,49.07788]],[[7.09934,49.07788],[7.08365,49.06867],[7.07593,49.07399],[7.06751,49.06637],[7.07234,49.05725]],[[6.78935,48.94117],[6.77328,48.92729],[6.77062,48.92974]],[[6.77062,48.92974],[6.7823,48.9395]],[[6.99319,48.60991],[7.00267,48.62992],[6.99742,48.6333],[6.99739,48.64604]],[[6.99739,48.64604],[7.01233,48.64584]],[[7.03418,48.62818],[7.01687,48.62542],[7.00874,48.61184]],[[7.00874,48.61184],[6.99319,48.60991]],[[7.07771,48.66075],[7.06417,48.65564],[7.0697,48.65314],[7.0707,48.64059]],[[7.0707,48.64059],[7.07023,48.63921]],[[7.07023,48.63921],[7.05608,48.642]],[[6.95604,49.12218],[6.95458,49.13377]],[[6.98198,49.13859],[6.98657,49.12216]],[[7.06719,48.79948],[7.05773,48.79647],[7.05074,48.78827],[7.03747,48.78202]],[[6.39233,48.8514],[6.40285,48.85143],[6.40736,48.85991],[6.40361,48.8709]],[[6.46779,48.90309],[6.46766,48.90872]],[[6.38874,48.7806],[6.39423,48.79108]],[[6.43311,48.7891],[6.42368,48.78386],[6.39487,48.77476],[6.38874,48.7806]],[[6.63639,48.90551],[6.61892,48.90013]],[[6.62436,49.06448],[6.63378,49.06873]],[[6.64271,49.0688],[6.65238,49.04633],[6.66539,49.04042]],[[6.64695,49.03017],[6.62756,49.03653]],[[6.43397,48.90791],[6.42215,48.91036],[6.4165,48.92209]],[[6.53628,48.83983],[6.54288,48.85981]],[[6.44572,49.09517],[6.44873,49.09997]],[[6.48305,49.07262],[6.47035,49.07798],[6.46633,49.08817],[6.44572,49.09517]],[[6.8877,48.66265],[6.86424,48.65683],[6.84296,48.64289]],[[6.84296,48.64289],[6.83925,48.65184],[6.82619,48.65547],[6.81789,48.66228],[6.81287,48.67599],[6.80206,48.67701]],[[7.08531,48.74111],[7.07216,48.75748]],[[7.07216,48.75748],[7.09092,48.76278]],[[7.07006,49.08654],[7.08156,49.09873],[7.0915,49.09433]],[[7.0915,49.09433],[7.10114,49.09016],[7.09666,49.08246]],[[6.9126,49.02216],[6.89607,49.0375]],[[6.96285,49.03442],[6.94628,49.02486]],[[6.36323,49.00084],[6.34868,49.00031],[6.3326,49.00366]],[[6.3326,49.00366],[6.33794,49.01217]],[[6.33794,49.01217],[6.34564,49.01775],[6.35901,49.01962],[6.35341,49.02824]],[[6.35341,49.02824],[6.37218,49.02582],[6.3731,49.02102],[6.38615,49.02097]],[[6.39984,49.02332],[6.41051,49.01965],[6.40499,49.01192],[6.42366,49.01738]],[[6.42366,49.01738],[6.43155,49.00764]],[[6.43954,48.98592],[6.42327,48.98371]],[[7.00231,49.04166],[6.99367,49.03633]],[[6.70952,48.89107],[6.68995,48.90168]],[[6.73444,48.92478],[6.74207,48.92764]],[[7.05382,48.83596],[7.04712,48.82064]],[[6.82952,48.8215],[6.82703,48.82871],[6.81464,48.83515]],[[7.02398,49.12488],[7.0117,49.12001]],[[6.44542,48.97932],[6.45121,48.97321]],[[6.41365,48.95483],[6.40938,48.96214],[6.41606,48.96505]],[[6.64614,48.83587],[6.65482,48.83622]],[[6.5339,48.8043],[6.51673,48.79404],[6.51377,48.78694],[6.49711,48.78597],[6.50277,48.77847],[6.49111,48.76513]],[[6.49111,48.76513],[6.46137,48.76733]],[[7.01304,49.03038],[7.03202,49.02115],[7.02592,49.01605],[7.03349,49.00656],[7.05235,49.0087]],[[7.05235,49.0087],[7.04685,48.99991]],[[7.04685,48.99991],[7.03154,48.98957],[7.03762,48.97731],[7.02702,48.96901],[7.03222,48.95605]],[[7.03222,48.95605],[7.02592,48.95605]],[[7.02592,48.95605],[7.01877,48.95768]],[[7.01877,48.95768],[6.99252,48.96052]],[[7.06719,48.79948],[7.0679,48.79306],[7.07924,48.78629]],[[7.07216,48.75748],[7.03854,48.75941]],[[7.03391,49.09227],[7.0236,49.09786],[7.00701,49.09714]],[[7.04566,49.12845],[7.04976,49.11453],[7.06609,49.11458],[7.07194,49.12475],[7.09002,49.13226]],[[7.1288,49.10342],[7.1151,49.10436],[7.0915,49.09433]],[[7.14472,49.08261],[7.13605,49.08158],[7.1299,49.0876],[7.12368,49.08264],[7.11156,49.08468],[7.09934,49.07788]],[[7.08684,48.70875],[7.08701,48.68113]],[[6.40129,49.07583],[6.40059,49.08527],[6.41508,49.08519],[6.42404,49.09901]],[[6.42404,49.09901],[6.43771,49.09271],[6.44572,49.09517]],[[6.48333,49.06684],[6.47671,49.07313],[6.47126,49.06674],[6.45244,49.06287],[6.44034,49.06834],[6.42424,49.06432],[6.41672,49.06626]],[[6.41672,49.06626],[6.40129,49.07583]],[[6.91089,49.10818],[6.90417,49.12386],[6.90955,49.13229]],[[6.58041,48.98911],[6.56545,48.98944],[6.5513,48.97941]],[[6.38237,48.92434],[6.37822,48.92794]],[[6.37822,48.92794],[6.37324,48.94226]],[[6.37324,48.94226],[6.38571,48.95862],[6.40616,48.96195]],[[6.38526,48.9255],[6.38237,48.92434]],[[6.39615,48.89719],[6.38398,48.91545],[6.37395,48.92089],[6.38237,48.92434]],[[6.43574,48.90289],[6.41677,48.89636],[6.41004,48.89093]],[[6.41004,48.89093],[6.39615,48.89719]],[[6.76756,48.92896],[6.77062,48.92974]],[[6.77646,48.82474],[6.77655,48.82429]],[[6.92827,48.93424],[6.9444,48.9348]],[[6.9444,48.9348],[6.94037,48.92393],[6.95555,48.92232],[6.9646,48.90453],[6.95467,48.89389],[6.97549,48.89011],[6.98797,48.89136]],[[6.54783,48.75512],[6.53475,48.74892],[6.51191,48.75445],[6.49111,48.76513]],[[6.56774,49.11711],[6.58296,49.11616]],[[6.39734,49.0411],[6.40712,49.04688],[6.3956,49.05179],[6.41101,49.05831],[6.41672,49.06626]],[[6.94727,48.93495],[6.9444,48.9348]],[[6.42366,49.01738],[6.42214,49.02541],[6.43957,49.03019],[6.44831,49.02902]],[[6.40877,48.88877],[6.41004,48.89093]],[[7.05491,49.03062],[7.04867,49.01835],[7.05235,49.0087]],[[7.10636,49.04534],[7.10169,49.06373],[7.11331,49.06475]],[[7.11331,49.06475],[7.11723,49.05993],[7.144,49.05976],[7.14806,49.06486]],[[7.11948,49.03722],[7.10636,49.04534]],[[6.67853,48.87563],[6.68555,48.87559]],[[6.58949,48.73248],[6.5801,48.73463],[6.56218,48.75611]],[[7.11331,49.06475],[7.11929,49.06835],[7.10444,49.07186],[7.09934,49.07788]],[[7.08614,48.6368],[7.07023,48.63921]],[[7.0707,48.64059],[7.079,48.63992],[7.08079,48.64882],[7.09799,48.64945],[7.10087,48.65405],[7.11281,48.65287],[7.10787,48.64534],[7.12259,48.64503]],[[7.12259,48.64503],[7.13632,48.64913]],[[7.13632,48.64913],[7.11889,48.62987],[7.13899,48.63177],[7.14071,48.63629],[7.15809,48.63186],[7.16098,48.62102],[7.18257,48.60874],[7.18709,48.5994],[7.2083,48.57795],[7.22027,48.57054],[7.22027,48.55467]],[[7.22027,48.55467],[7.20136,48.5527]],[[7.20136,48.5527],[7.16536,48.57149],[7.15194,48.57233],[7.14883,48.58085],[7.1314,48.58888],[7.12587,48.5974],[7.12769,48.61387],[7.11022,48.6187],[7.1062,48.62793],[7.08614,48.6368]],[[6.9504,48.64877],[6.95053,48.66049]],[[6.98596,48.6517],[6.97725,48.64439]],[[6.97725,48.64439],[6.95844,48.64457],[6.9504,48.64877]],[[6.84296,48.64289],[6.83931,48.63743]],[[6.83931,48.63743],[6.83663,48.64309],[6.8105,48.64743],[6.78263,48.64272],[6.77411,48.64792],[6.77871,48.65224],[6.76283,48.65542]],[[6.89556,48.66405],[6.88957,48.65569],[6.88566,48.62851],[6.88946,48.62692]],[[6.88946,48.62692],[6.89329,48.625]],[[6.89329,48.625],[6.86086,48.62026],[6.84399,48.62607],[6.83931,48.63743]],[[6.99265,48.65137],[6.99739,48.64604]],[[6.99319,48.60991],[6.99126,48.60949]],[[6.99126,48.60949],[6.99196,48.62861],[6.98034,48.6272],[6.97498,48.6353],[6.97725,48.64439]],[[6.93001,48.63555],[6.93875,48.6428]],[[6.93875,48.6428],[6.9504,48.64877]],[[6.99126,48.60949],[6.98581,48.61304],[6.9608,48.60829],[6.93974,48.61506],[6.94504,48.61881],[6.93001,48.63555]],[[6.89837,48.66574],[6.89892,48.65676],[6.92018,48.64627]],[[6.92018,48.64627],[6.90328,48.63989],[6.88946,48.62692]],[[7.04258,48.62139],[7.0331,48.60871],[7.04779,48.6009],[7.03199,48.58875],[7.03424,48.58042]],[[7.03424,48.58042],[7.02277,48.57901],[6.99655,48.59702],[7.0167,48.60399],[7.00874,48.61184]],[[6.92018,48.64627],[6.93875,48.6428]],[[6.93001,48.63555],[6.91971,48.63376],[6.91822,48.62476],[6.90539,48.61984],[6.89329,48.625]],[[7.1685,48.52869],[7.1578,48.5424],[7.14156,48.54696],[7.13883,48.55362],[7.12873,48.55543],[7.11965,48.54995],[7.10829,48.55665],[7.09771,48.56863],[7.09235,48.56732],[7.06635,48.574],[7.05794,48.58366],[7.0613,48.59034],[7.04513,48.6189]],[[7.0633,48.63422],[7.06815,48.62803],[7.07963,48.62719],[7.08614,48.6368]],[[7.20136,48.5527],[7.19249,48.54879],[7.1871,48.53727]],[[7.1871,48.53727],[7.1685,48.52869]],[[7.1685,48.52869],[7.16791,48.5276]],[[7.16791,48.5276],[7.15108,48.53166],[7.14833,48.52698],[7.13506,48.52813],[7.12425,48.53638],[7.11438,48.53739],[7.09214,48.52904],[7.07936,48.53642]],[[7.07936,48.53642],[7.05724,48.53919],[7.08361,48.54129],[7.05387,48.55186],[7.04564,48.56031],[7.04286,48.57169],[7.03424,48.58042]],[[7.09458,48.65995],[7.11333,48.65623],[7.12259,48.64503]],[[6.27209,49.13967],[6.28533,49.14488]],[[6.28533,49.14488],[6.28893,49.13562],[6.27614,49.12921]],[[6.27614,49.12921],[6.26131,49.12387]],[[6.26131,49.12387],[6.25031,49.1306],[6.26771,49.13361],[6.27209,49.13967]],[[6.28779,48.92768],[6.30708,48.93224],[6.32326,48.93276]],[[6.32326,48.93276],[6.32561,48.92795]],[[6.32561,48.92795],[6.31118,48.92107]],[[6.31118,48.92107],[6.2884,48.91631],[6.28779,48.92768]],[[6.31497,49.02293],[6.32174,49.03214],[6.33079,49.03205],[6.33372,49.03827]],[[6.33372,49.03827],[6.34719,49.0388]],[[6.34719,49.0388],[6.34625,49.02863],[6.35341,49.02824]],[[6.33794,49.01217],[6.32998,49.0137]],[[6.32998,49.0137],[6.31497,49.02293]],[[6.05751,49.04004],[6.04468,49.04357],[6.02341,49.06771]],[[6.02341,49.06771],[6.01992,49.07974]],[[6.01992,49.07974],[6.02044,49.08675],[6.03213,49.08547],[6.03084,49.08003],[6.03992,49.07235],[6.04714,49.07912],[6.06201,49.07272],[6.07029,49.06368],[6.07656,49.06382]],[[6.07656,49.06382],[6.06433,49.05805],[6.0654,49.05221]],[[6.0654,49.05221],[6.05751,49.04004]],[[6.04496,49.00893],[6.06388,49.00562],[6.06941,49.00913]],[[6.06941,49.00913],[6.0814,49.00937]],[[6.0814,49.00937],[6.07924,49.00417]],[[6.07924,49.00417],[6.06977,48.99309],[6.06477,48.98101]],[[6.06477,48.98101],[6.04577,48.97667],[6.03412,48.983],[6.0295,48.99053],[6.04494,48.98306],[6.0414,48.99239],[6.04626,48.99701],[6.04496,49.00893]],[[6.23159,49.04371],[6.22516,49.05332]],[[6.22516,49.05332],[6.225,49.05555]],[[6.225,49.05555],[6.23292,49.0623],[6.25104,49.06281]],[[6.25104,49.06281],[6.26226,49.05131],[6.25929,49.04231]],[[6.25929,49.04231],[6.23754,49.0463],[6.23159,49.04371]],[[6.06941,49.00913],[6.06952,49.01709],[6.05503,49.02184],[6.05751,49.04004]],[[6.0654,49.05221],[6.07861,49.04574]],[[6.07861,49.04574],[6.08321,49.04227]],[[6.08321,49.04227],[6.0889,49.03793],[6.09017,49.01845],[6.08427,49.01382]],[[6.08427,49.01382],[6.0814,49.00937]],[[6.02265,49.12476],[6.04249,49.1158]],[[6.04249,49.1158],[6.04579,49.11037]],[[6.04579,49.11037],[6.04831,49.10927]],[[6.04831,49.10927],[6.03934,49.10112],[6.02129,49.09829],[6.00928,49.10178]],[[6.00928,49.10178],[6.00498,49.1139]],[[6.00498,49.1139],[6.00214,49.11647]],[[6.00214,49.11647],[6.02265,49.12476]],[[6.07924,49.00417],[6.09258,48.99347],[6.11609,48.99576]],[[6.11609,48.99576],[6.13005,48.98778],[6.13006,48.98076]],[[6.13006,48.98076],[6.11918,48.97265],[6.09761,48.97305],[6.09961,48.96884]],[[6.09961,48.96884],[6.08132,48.96305],[6.06942,48.97207],[6.07384,48.98081],[6.06477,48.98101]],[[6.11525,49.12562],[6.10827,49.13395]],[[6.10827,49.13395],[6.13588,49.13782]],[[6.13588,49.13782],[6.1366,49.12928]],[[6.1366,49.12928],[6.12779,49.1235]],[[6.12779,49.1235],[6.11525,49.12562]],[[6.21882,49.13765],[6.23159,49.14461]],[[6.23159,49.14461],[6.24347,49.14466]],[[6.24347,49.14466],[6.22399,49.13865],[6.24358,49.12875]],[[6.24358,49.12875],[6.24561,49.12058]],[[6.24561,49.12058],[6.24273,49.11969]],[[6.24273,49.11969],[6.23403,49.11939],[6.21882,49.13765]],[[6.38226,48.82072],[6.38268,48.82004]],[[6.38268,48.82004],[6.3708,48.8183],[6.35737,48.81058]],[[6.35737,48.81058],[6.33934,48.81103],[6.33375,48.82046]],[[6.33375,48.82046],[6.37,48.82431],[6.3749,48.82671]],[[6.30011,48.85252],[6.30967,48.85611]],[[6.30967,48.85611],[6.3179,48.8438],[6.31625,48.83692]],[[6.31625,48.83692],[6.30885,48.83295],[6.30092,48.84047],[6.2842,48.8464],[6.30011,48.85252]],[[6.32752,48.90487],[6.32933,48.90553]],[[6.32933,48.90553],[6.33798,48.89915],[6.35936,48.91182]],[[6.35936,48.91182],[6.36379,48.90676]],[[6.36379,48.90676],[6.34533,48.89629],[6.34592,48.88847]],[[6.34592,48.88847],[6.33446,48.88261],[6.32274,48.88622],[6.32584,48.89593]],[[6.32584,48.89593],[6.32752,48.90487]],[[6.01119,49.1535],[6.03113,49.16749]],[[6.03113,49.16749],[6.03859,49.1739]],[[6.03859,49.1739],[6.0575,49.17582]],[[6.0575,49.17582],[6.06797,49.17554]],[[6.06797,49.17554],[6.06325,49.1612],[6.07257,49.15505]],[[6.07257,49.15505],[6.07464,49.14984]],[[6.07464,49.14984],[6.0576,49.14318],[6.04728,49.14945],[6.03354,49.15145],[6.022,49.14862]],[[6.022,49.14862],[6.01119,49.1535]],[[6.23918,49.08684],[6.25411,49.09296]],[[6.25411,49.09296],[6.26256,49.09145],[6.26544,49.09829],[6.28779,49.09658]],[[6.28779,49.09658],[6.29624,49.09084]],[[6.29624,49.09084],[6.28436,49.08778],[6.27734,49.07902],[6.28966,49.07359]],[[6.28966,49.07359],[6.28375,49.07168],[6.27032,49.07849]],[[6.27032,49.07849],[6.26001,49.08173],[6.24623,49.07815]],[[6.24623,49.07815],[6.23918,49.08684]],[[6.0052,49.08454],[6.00928,49.10178]],[[6.04831,49.10927],[6.05019,49.10047],[6.04394,49.09955],[6.04409,49.08685],[6.05446,49.08368],[6.07586,49.08394],[6.09117,49.0868]],[[6.09117,49.0868],[6.09144,49.0762],[6.07656,49.06382]],[[6.01992,49.07974],[6.0052,49.08454]],[[6.37088,48.78471],[6.36946,48.78727],[6.39317,48.80494]],[[6.38874,48.7806],[6.37088,48.78471]],[[6.3936,48.80626],[6.38599,48.80789],[6.38268,48.82004]],[[6.07861,49.04574],[6.0987,49.06048],[6.10353,49.07901]],[[6.10353,49.07901],[6.11431,49.07644],[6.12673,49.08027]],[[6.12673,49.08027],[6.13987,49.0729],[6.1361,49.05957],[6.12998,49.05477],[6.13776,49.04726]],[[6.13776,49.04726],[6.13663,49.03424]],[[6.13663,49.03424],[6.12903,49.02544],[6.11801,49.02811]],[[6.11801,49.02811],[6.12055,49.03712],[6.11241,49.03593],[6.0917,49.04496],[6.08321,49.04227]],[[6.30011,48.85252],[6.29544,48.86339],[6.31171,48.86383],[6.30808,48.87534]],[[6.30808,48.87534],[6.32465,48.87175],[6.33874,48.86292]],[[6.33874,48.86292],[6.30967,48.85611]],[[6.36977,48.86178],[6.3744,48.85743]],[[6.3744,48.85743],[6.35275,48.85383]],[[6.35275,48.85383],[6.34519,48.86243]],[[6.34519,48.86243],[6.36977,48.86178]],[[6.1366,49.12928],[6.15927,49.12543],[6.14849,49.11894]],[[6.14849,49.11894],[6.13175,49.12143]],[[6.13175,49.12143],[6.12779,49.1235]],[[6.36532,49.06101],[6.37104,49.06806],[6.36733,49.07468],[6.40129,49.07583]],[[6.37708,49.03803],[6.34828,49.04689]],[[6.34828,49.04689],[6.36642,49.05768],[6.36532,49.06101]],[[6.29365,48.99151],[6.28751,48.99767]],[[6.28751,48.99767],[6.30875,49.01012],[6.32115,49.00766],[6.32998,49.0137]],[[6.3326,49.00366],[6.33344,49.00215],[6.30333,48.98771]],[[6.30333,48.98771],[6.29365,48.99151]],[[6.37088,48.78471],[6.35789,48.77913],[6.35555,48.79474],[6.34559,48.80397],[6.35737,48.81058]],[[6.2672,48.98152],[6.27207,48.98429]],[[6.27207,48.98429],[6.28653,48.98555],[6.29365,48.99151]],[[6.30333,48.98771],[6.30754,48.98391]],[[6.30754,48.98391],[6.28808,48.97757],[6.28199,48.96823],[6.2734,48.96663]],[[6.2734,48.96663],[6.2672,48.98152]],[[6.09949,49.11403],[6.10631,49.10928]],[[6.10631,49.10928],[6.10024,49.10923]],[[6.10024,49.10923],[6.09862,49.11034]],[[6.09862,49.11034],[6.05936,49.11668],[6.04906,49.12671],[6.04148,49.1269],[6.03434,49.13789]],[[6.03434,49.13789],[6.022,49.14862]],[[6.07464,49.14984],[6.08854,49.13874]],[[6.08854,49.13874],[6.09303,49.11473],[6.09949,49.11403]],[[6.13006,48.98076],[6.13608,48.98177],[6.131,48.96889],[6.15073,48.96769]],[[6.15073,48.96769],[6.16103,48.96455],[6.15834,48.95362],[6.1653,48.94204]],[[6.1653,48.94204],[6.1573,48.9437],[6.14973,48.93333],[6.13221,48.93472],[6.12489,48.9391],[6.12943,48.9494],[6.12596,48.95672],[6.11342,48.96339],[6.11644,48.96817],[6.09961,48.96884]],[[6.22812,49.00141],[6.22477,49.0127],[6.23204,49.02149]],[[6.23204,49.02149],[6.24198,49.01575],[6.26123,49.01509]],[[6.26123,49.01509],[6.26845,49.01543],[6.2741,49.00745]],[[6.2741,49.00745],[6.26326,49.00757],[6.24343,49.00012]],[[6.24343,49.00012],[6.22812,49.00141]],[[6.20273,49.15134],[6.20654,49.15779]],[[6.20654,49.15779],[6.22363,49.16661]],[[6.22363,49.16661],[6.23253,49.16695],[6.23314,49.15923]],[[6.23314,49.15923],[6.22445,49.14804]],[[6.22445,49.14804],[6.21111,49.15395],[6.20273,49.15134]],[[6.25411,49.09296],[6.24519,49.098],[6.25097,49.11829],[6.24273,49.11969]],[[6.24561,49.12058],[6.25961,49.12321]],[[6.25961,49.12321],[6.26143,49.11599],[6.2985,49.11039],[6.29786,49.10334]],[[6.29786,49.10334],[6.28779,49.09658]],[[6.13663,49.03424],[6.1627,49.03946],[6.17195,49.02884],[6.17023,49.0231]],[[6.17023,49.0231],[6.15513,49.02652],[6.13941,49.01963]],[[6.13941,49.01963],[6.10791,49.00868],[6.10312,49.01505]],[[6.10312,49.01505],[6.11102,49.01798],[6.11125,49.02738],[6.11801,49.02811]],[[6.18018,49.02118],[6.18106,49.02015]],[[6.18106,49.02015],[6.17154,49.01391],[6.17069,49.00726]],[[6.17069,49.00726],[6.16902,49.00501]],[[6.16902,49.00501],[6.12239,48.99852]],[[6.12239,48.99852],[6.14378,49.00438],[6.14307,49.00842]],[[6.14307,49.00842],[6.17206,49.0215]],[[6.17206,49.0215],[6.18018,49.02118]],[[6.32129,49.10199],[6.33299,49.10946],[6.3278,49.11905]],[[6.3278,49.11905],[6.34525,49.11858]],[[6.34525,49.11858],[6.35679,49.11206]],[[6.3598,49.10341],[6.34962,49.10303],[6.35315,49.09593],[6.34719,49.08673]],[[6.34719,49.08673],[6.3213,49.09042]],[[6.3213,49.09042],[6.32129,49.10199]],[[6.29689,49.04232],[6.28881,49.04504],[6.29103,49.05644],[6.3003,49.06279],[6.29811,49.06795]],[[6.29811,49.06795],[6.31446,49.07004],[6.32221,49.0617]],[[6.32221,49.0617],[6.33167,49.05844],[6.32964,49.05199]],[[6.32964,49.05199],[6.31119,49.04818],[6.30286,49.05027],[6.29689,49.04232]],[[6.30808,48.87534],[6.30056,48.88304],[6.30915,48.89223],[6.32584,48.89593]],[[6.34592,48.88847],[6.3553,48.87527]],[[6.3553,48.87527],[6.36078,48.86967]],[[6.36078,48.86967],[6.36977,48.86178]],[[6.34519,48.86243],[6.33874,48.86292]],[[6.13776,49.04726],[6.14931,49.0513],[6.16018,49.04837],[6.17722,49.05104]],[[6.17722,49.05104],[6.17968,49.04199]],[[6.17968,49.04199],[6.1739,49.03093],[6.1835,49.02422]],[[6.1835,49.02422],[6.18018,49.02118]],[[6.17206,49.0215],[6.17023,49.0231]],[[6.3553,48.87527],[6.36556,48.87446],[6.37686,48.88693],[6.38411,48.88789],[6.37644,48.89757]],[[6.37644,48.89757],[6.39384,48.89412],[6.39615,48.89719]],[[6.39766,48.87647],[6.37848,48.87074],[6.36078,48.86967]],[[6.35408,49.16055],[6.36203,49.16189],[6.37422,49.15679],[6.38007,49.15911],[6.38541,49.1491],[6.3938,49.15107]],[[6.38341,49.13547],[6.37991,49.12975],[6.36149,49.13269],[6.358,49.12944]],[[6.358,49.12944],[6.35074,49.13199]],[[6.35074,49.13199],[6.36809,49.13805],[6.36739,49.15198],[6.35571,49.15351]],[[6.35571,49.15351],[6.35408,49.16055]],[[6.24789,49.16413],[6.27151,49.17282]],[[6.27151,49.17282],[6.29605,49.175]],[[6.29605,49.175],[6.30153,49.16445],[6.285,49.15782]],[[6.285,49.15782],[6.25697,49.15148],[6.25836,49.1461]],[[6.25836,49.1461],[6.2567,49.14631]],[[6.2567,49.14631],[6.24789,49.14697],[6.24789,49.16413]],[[6.10312,49.01505],[6.08427,49.01382]],[[6.17968,49.04199],[6.20593,49.0476],[6.21664,49.05554],[6.22516,49.05332]],[[6.23159,49.04371],[6.23012,49.03025]],[[6.23012,49.03025],[6.20092,49.02376]],[[6.20092,49.02376],[6.1835,49.02422]],[[6.35275,48.85383],[6.33767,48.84463],[6.33,48.83571]],[[6.33,48.83571],[6.31625,48.83692]],[[6.32752,48.90487],[6.30964,48.91189],[6.31118,48.92107]],[[6.32561,48.92795],[6.33596,48.92917]],[[6.33596,48.92917],[6.34352,48.92129]],[[6.34352,48.92129],[6.3245,48.91318],[6.32933,48.90553]],[[6.35074,49.13199],[6.33081,49.12669],[6.3338,49.13474],[6.32665,49.1498]],[[6.32665,49.1498],[6.34287,49.14843],[6.34722,49.15544],[6.35571,49.15351]],[[6.19823,48.98554],[6.19644,48.99699]],[[6.19644,48.99699],[6.21609,48.99629],[6.22373,49.00035]],[[6.22373,49.00035],[6.22812,49.00141]],[[6.24343,49.00012],[6.25039,48.97914]],[[6.25039,48.97914],[6.23813,48.97639]],[[6.23813,48.97639],[6.22316,48.97903],[6.20091,48.97181]],[[6.20091,48.97181],[6.19823,48.98554]],[[5.95961,49.07181],[5.97728,49.07664],[5.9848,49.07002],[5.9952,49.07081],[6.0064,49.07765],[6.0052,49.08454]],[[6.02341,49.06771],[6.00951,49.06518],[6.0215,49.05327],[6.0307,49.0545],[6.02404,49.04419],[6.01265,49.03735]],[[6.01265,49.03735],[6.00544,49.03442],[5.98788,49.04224],[5.97107,49.04097],[5.95757,49.04782],[5.95172,49.06166],[5.95961,49.07181]],[[6.35408,49.16055],[6.35136,49.17263]],[[6.35136,49.17263],[6.35369,49.18187],[6.3658,49.19477],[6.37772,49.18593],[6.39505,49.1865],[6.3828,49.1799],[6.39689,49.18042]],[[6.09117,49.0868],[6.10037,49.08599]],[[6.10037,49.08599],[6.10353,49.07901]],[[6.25086,49.06322],[6.23986,49.07301],[6.24623,49.07815]],[[6.27032,49.07849],[6.27048,49.06934],[6.25086,49.06322]],[[6.10718,49.08844],[6.09666,49.09742],[6.07628,49.09559],[6.06215,49.10012],[6.04579,49.11037]],[[6.04249,49.1158],[6.04576,49.11641],[6.07182,49.10201],[6.08818,49.10517]],[[6.08818,49.10517],[6.09555,49.10192]],[[6.09555,49.10192],[6.1103,49.09302],[6.10718,49.08844]],[[6.33596,48.92917],[6.35481,48.94336]],[[6.35481,48.94336],[6.37324,48.94226]],[[6.37822,48.92794],[6.36272,48.92304],[6.3567,48.91619]],[[6.3567,48.91619],[6.34352,48.92129]],[[6.29624,49.09084],[6.31045,49.08512],[6.3213,49.09042]],[[6.34719,49.08673],[6.34615,49.07551],[6.32208,49.06941]],[[6.32208,49.06941],[6.32221,49.0617]],[[6.29811,49.06795],[6.28966,49.07359]],[[6.38182,48.85055],[6.3744,48.85743]],[[6.34719,49.0388],[6.34828,49.04689]],[[6.08854,49.13874],[6.10827,49.13395]],[[6.11525,49.12562],[6.10391,49.12262],[6.09949,49.11403]],[[6.2741,49.00745],[6.28084,49.00002]],[[6.28084,49.00002],[6.26587,48.99166],[6.27207,48.98429]],[[6.2672,48.98152],[6.25755,48.97623],[6.25039,48.97914]],[[6.3567,48.91619],[6.35936,48.91182]],[[6.14231,49.11134],[6.12815,49.11048],[6.13175,49.12143]],[[6.14849,49.11894],[6.1666,49.11726],[6.16024,49.10847]],[[6.16024,49.10847],[6.14231,49.11134]],[[6.07257,49.15505],[6.08847,49.14514],[6.09815,49.15148],[6.11665,49.14923],[6.13263,49.15161]],[[6.13263,49.15161],[6.13912,49.14293]],[[6.13912,49.14293],[6.13588,49.13782]],[[6.15073,48.96769],[6.16767,48.97257],[6.16427,48.97835],[6.17011,48.98667]],[[6.17011,48.98667],[6.18842,48.98291],[6.19823,48.98554]],[[6.20091,48.97181],[6.20332,48.95728]],[[6.20332,48.95728],[6.20577,48.93959]],[[6.20577,48.93959],[6.17664,48.93481],[6.1653,48.94204]],[[6.35819,48.95468],[6.34174,48.96111],[6.32335,48.96365],[6.31915,48.95989]],[[6.31915,48.95989],[6.31531,48.96735],[6.32239,48.97718],[6.30754,48.98391]],[[6.36496,48.96664],[6.35622,48.96079],[6.35819,48.95468]],[[6.35858,49.06156],[6.36523,49.06903],[6.35922,49.0727],[6.36676,49.07856],[6.36503,49.08866],[6.38421,49.08916],[6.3791,49.09965]],[[6.36532,49.06101],[6.35858,49.06156]],[[6.3698,48.83436],[6.35134,48.82966],[6.33965,48.83349]],[[6.33965,48.83349],[6.33,48.83571]],[[6.33375,48.82046],[6.30629,48.82133],[6.31698,48.83068],[6.32379,48.8263],[6.33802,48.82679],[6.33965,48.83349]],[[6.13941,49.01963],[6.14307,49.00842]],[[6.12239,48.99852],[6.11609,48.99576]],[[6.12673,49.08027],[6.14409,49.08946]],[[6.14409,49.08946],[6.16001,49.07912],[6.16471,49.0813]],[[6.16471,49.0813],[6.1727,49.06327]],[[6.1727,49.06327],[6.18134,49.05548],[6.17722,49.05104]],[[6.29786,49.10334],[6.32129,49.10199]],[[6.1797,49.14622],[6.17843,49.16432],[6.17186,49.16723],[6.18649,49.17805]],[[6.18649,49.17805],[6.20249,49.17806]],[[6.20249,49.17806],[6.20943,49.1666],[6.20654,49.15779]],[[6.20273,49.15134],[6.19885,49.14373]],[[6.19885,49.14373],[6.19096,49.14111],[6.1797,49.14622]],[[6.25104,49.06281],[6.25086,49.06322]],[[6.29689,49.04232],[6.30693,49.03184]],[[6.30693,49.03184],[6.27533,49.02888]],[[6.27533,49.02888],[6.26627,49.02847],[6.25929,49.04231]],[[6.16471,49.0813],[6.18201,49.08005],[6.17096,49.0958],[6.15772,49.09909],[6.16024,49.10847]],[[6.13912,49.14293],[6.16478,49.14223],[6.16981,49.14803],[6.1797,49.14622]],[[6.19885,49.14373],[6.19338,49.12706],[6.20017,49.12122],[6.20677,49.12441],[6.20905,49.13636],[6.21882,49.13765]],[[6.23918,49.08684],[6.22503,49.085],[6.21776,49.09005],[6.21016,49.08513],[6.21157,49.07658],[6.19638,49.07353],[6.20372,49.06353]],[[6.20372,49.06353],[6.19339,49.06062],[6.18554,49.06715],[6.1727,49.06327]],[[6.24347,49.14466],[6.24943,49.14216]],[[6.24943,49.14216],[6.25142,49.13407],[6.24358,49.12875]],[[6.32326,48.93276],[6.32552,48.93443],[6.31915,48.95989]],[[6.35819,48.95468],[6.35481,48.94336]],[[6.12765,49.1046],[6.14273,49.10516],[6.14231,49.11134]],[[6.14409,49.08946],[6.12765,49.1046]],[[6.25961,49.12321],[6.26131,49.12387]],[[6.27614,49.12921],[6.28936,49.1248],[6.30338,49.13026],[6.3102,49.12367],[6.3278,49.11905]],[[6.10037,49.08599],[6.10718,49.08844]],[[6.09555,49.10192],[6.10024,49.10923]],[[6.10631,49.10928],[6.11314,49.10431],[6.12765,49.1046]],[[6.24943,49.14216],[6.2567,49.14631]],[[6.25836,49.1461],[6.27209,49.13967]],[[6.04496,49.00893],[6.01865,49.02496],[6.01265,49.03735]],[[6.27533,49.02888],[6.26733,49.02542],[6.26806,49.0167],[6.26123,49.01509]],[[6.23204,49.02149],[6.23012,49.03025]],[[6.23813,48.97639],[6.23302,48.96104],[6.23646,48.95944]],[[6.23646,48.95944],[6.22692,48.95373],[6.22026,48.95963],[6.20332,48.95728]],[[6.35858,49.06156],[6.33172,49.06147],[6.32208,49.06941]],[[6.225,49.05555],[6.22012,49.06076],[6.20815,49.05848],[6.20372,49.06353]],[[6.17011,48.98667],[6.16543,48.99326],[6.16902,49.00501]],[[6.17069,49.00726],[6.17369,49.00091],[6.1953,49.00712]],[[6.1953,49.00712],[6.18962,48.99817],[6.19644,48.99699]],[[6.30693,49.03184],[6.31497,49.02293]],[[6.28751,48.99767],[6.28084,49.00002]],[[6.22373,49.00035],[6.20957,49.00831],[6.20092,49.02376]],[[6.18106,49.02015],[6.20039,49.01959],[6.19089,49.01348],[6.1953,49.00712]],[[6.36379,48.90676],[6.37644,48.89757]],[[6.28533,49.14488],[6.29465,49.14461]],[[6.29465,49.14461],[6.32665,49.1498]],[[6.358,49.12944],[6.34525,49.11858]],[[5.95961,49.07181],[5.95124,49.0823],[5.96326,49.08941],[5.95571,49.09807],[5.9753,49.10399],[5.97267,49.10821],[5.9974,49.10784],[6.00498,49.1139]],[[6.02265,49.12476],[6.01976,49.13107],[6.03434,49.13789]],[[6.09862,49.11034],[6.08818,49.10517]],[[6.27124,48.93331],[6.29352,48.94536],[6.29793,48.95525]],[[6.29793,48.95525],[6.31915,48.95989]],[[6.28779,48.92768],[6.27124,48.93331]],[[6.29465,49.14461],[6.285,49.15782]],[[6.29605,49.175],[6.29586,49.18351],[6.30741,49.18541]],[[6.30741,49.18541],[6.31141,49.18573]],[[6.31141,49.18573],[6.31966,49.18403],[6.32483,49.16986],[6.35136,49.17263]],[[6.22445,49.14804],[6.23159,49.14461]],[[6.23646,48.95944],[6.24702,48.95628]],[[6.24702,48.95628],[6.26256,48.93351]],[[6.26256,48.93351],[6.24553,48.92378],[6.23506,48.92946],[6.22409,48.92722],[6.22573,48.93693],[6.20577,48.93959]],[[6.33372,49.03827],[6.32964,49.05199]],[[6.06797,49.17554],[6.08805,49.17221]],[[6.08805,49.17221],[6.10884,49.16366],[6.12388,49.16581]],[[6.12388,49.16581],[6.13263,49.15161]],[[6.27205,48.96254],[6.27309,48.95845],[6.29793,48.95525]],[[6.27124,48.93331],[6.26256,48.93351]],[[6.24702,48.95628],[6.27205,48.96254]],[[6.27205,48.96254],[6.2734,48.96663]],[[6.23314,49.15923],[6.24789,49.16413]],[[6.00214,49.11647],[5.98786,49.12736],[5.99733,49.13471],[5.98582,49.13602],[5.98138,49.14445],[5.99667,49.14883],[5.98909,49.15495],[6.01119,49.1535]],[[6.12388,49.16581],[6.1314,49.16966]],[[6.1314,49.16966],[6.15298,49.17088],[6.1513,49.18495]],[[6.1513,49.18495],[6.15078,49.18864]],[[6.15078,49.18864],[6.17682,49.18863]],[[6.17682,49.18863],[6.1797,49.18521]],[[6.1797,49.18521],[6.18649,49.17805]],[[7.10942,48.68294],[7.10439,48.683]],[[7.25628,48.58868],[7.25047,48.5918],[7.23217,48.59008],[7.22339,48.5991],[7.22105,48.6216],[7.19911,48.63988],[7.19502,48.65426],[7.18131,48.64556]],[[7.18131,48.64556],[7.18559,48.65453],[7.19893,48.66026],[7.19444,48.67353],[7.18297,48.67005]],[[7.18297,48.67005],[7.19445,48.67425],[7.18888,48.68493],[7.17645,48.68573]],[[7.19829,48.68947],[7.20442,48.67886],[7.22415,48.68305],[7.23187,48.68061],[7.24061,48.68573],[7.24523,48.67675],[7.25511,48.67247]],[[7.25511,48.67247],[7.26146,48.67217],[7.27059,48.66249]],[[7.27059,48.66249],[7.30435,48.6602]],[[7.30435,48.6602],[7.29381,48.64723],[7.28287,48.64248],[7.27576,48.63311],[7.2619,48.63179],[7.27966,48.62818],[7.27077,48.6125],[7.25639,48.60151],[7.26514,48.59172]],[[7.26514,48.59172],[7.25628,48.58868]],[[7.1353,48.67544],[7.15537,48.67964]],[[7.15537,48.67964],[7.16984,48.66677],[7.18297,48.67005]],[[7.18131,48.64556],[7.16683,48.64825],[7.1689,48.65784],[7.1594,48.66014],[7.161,48.66891],[7.15485,48.67412],[7.1353,48.67544]],[[7.15537,48.67964],[7.16988,48.68056],[7.17645,48.68573]],[[7.1353,48.67544],[7.14366,48.6632],[7.13204,48.66279],[7.13632,48.64913]],[[7.25628,48.58868],[7.24123,48.57373]],[[7.24123,48.57373],[7.22027,48.55467]],[[7.24226,48.69211],[7.25511,48.67247]],[[6.34743,49.31703],[6.3362,49.32714],[6.34124,49.33565]],[[6.34124,49.33565],[6.35895,49.34148],[6.37239,49.34925]],[[6.37239,49.34925],[6.38298,49.34974]],[[6.39089,49.34207],[6.37303,49.32923]],[[6.37303,49.32923],[6.35629,49.32572],[6.34743,49.31703]],[[6.38495,49.43297],[6.38281,49.44222],[6.38894,49.45168]],[[6.38894,49.45168],[6.38915,49.45192]],[[6.38915,49.45192],[6.40461,49.44715],[6.41975,49.44816]],[[6.43952,49.43581],[6.44097,49.42769]],[[6.40129,49.42374],[6.38495,49.43297]],[[6.09481,49.3139],[6.07396,49.3161],[6.07098,49.32218],[6.08304,49.32246],[6.0853,49.32927]],[[6.0853,49.32927],[6.10392,49.33484],[6.11043,49.32461],[6.10524,49.3162]],[[6.10524,49.3162],[6.09481,49.3139]],[[6.36794,49.2671],[6.37986,49.25817]],[[6.37986,49.25817],[6.37218,49.25254],[6.3398,49.24016]],[[6.3398,49.24016],[6.34063,49.25035],[6.33264,49.2595],[6.3366,49.26442]],[[6.3366,49.26442],[6.33679,49.2653]],[[6.33679,49.2653],[6.36794,49.2671]],[[6.11138,49.26343],[6.12377,49.26356]],[[6.12377,49.26356],[6.13561,49.26816],[6.15365,49.27013]],[[6.15365,49.27013],[6.15799,49.26588]],[[6.15799,49.26588],[6.15011,49.26354],[6.15235,49.25581]],[[6.15235,49.25581],[6.13591,49.24929],[6.13722,49.24115]],[[6.13722,49.24115],[6.12355,49.24186]],[[6.12355,49.24186],[6.11825,49.24636],[6.11138,49.26343]],[[6.04014,49.21077],[6.04569,49.21509],[6.04232,49.22334],[6.05163,49.22727]],[[6.05163,49.22727],[6.05241,49.23118]],[[6.05241,49.23118],[6.07268,49.23133],[6.07926,49.22548]],[[6.07926,49.22548],[6.06869,49.21479]],[[6.06869,49.21479],[6.06705,49.21044]],[[6.06705,49.21044],[6.04014,49.21077]],[[6.29014,49.22964],[6.28817,49.24267],[6.28008,49.25272],[6.28442,49.25788]],[[6.28442,49.25788],[6.30216,49.25696],[6.3273,49.26643],[6.3366,49.26442]],[[6.3398,49.24016],[6.33727,49.23354],[6.32348,49.22468]],[[6.32348,49.22468],[6.30805,49.22583],[6.30419,49.23145],[6.29014,49.22964]],[[6.19482,49.26078],[6.18101,49.27269]],[[6.18101,49.27269],[6.18862,49.28103],[6.18364,49.28592]],[[6.18364,49.28592],[6.18769,49.29114],[6.20827,49.29198],[6.22056,49.28522]],[[6.22056,49.28522],[6.2276,49.27859],[6.2271,49.26799],[6.20734,49.2591]],[[6.20734,49.2591],[6.19482,49.26078]],[[6.383,49.22172],[6.39941,49.23172]],[[6.24872,49.21979],[6.26287,49.22943]],[[6.26287,49.22943],[6.27941,49.22014]],[[6.27941,49.22014],[6.28573,49.21493],[6.27574,49.21028],[6.27308,49.20198]],[[6.27308,49.20198],[6.25321,49.21125],[6.25598,49.20374],[6.2322,49.1997],[6.22492,49.20277]],[[6.22492,49.20277],[6.22667,49.21126],[6.24136,49.21337],[6.24872,49.21979]],[[6.21673,49.50682],[6.20018,49.49647],[6.17826,49.49653]],[[6.17826,49.49653],[6.18432,49.4998],[6.17963,49.50706]],[[6.17963,49.50706],[6.19575,49.5054],[6.21673,49.50682]],[[6.07346,49.28676],[6.07449,49.29127],[6.08891,49.2944],[6.07537,49.29665],[6.06709,49.30443],[6.07918,49.30764],[6.07056,49.3131]],[[6.07056,49.3131],[6.08266,49.30992],[6.09481,49.3139]],[[6.10524,49.3162],[6.12492,49.31258],[6.13251,49.30468]],[[6.13251,49.30468],[6.12431,49.29843],[6.13298,49.29125]],[[6.13298,49.29125],[6.14466,49.282]],[[6.14466,49.282],[6.12042,49.28082]],[[6.12042,49.28082],[6.11184,49.28205],[6.09948,49.29059],[6.08935,49.2867],[6.07346,49.28676]],[[6.05836,49.18982],[6.068,49.18504]],[[6.068,49.18504],[6.0773,49.18592],[6.09921,49.19597]],[[6.09921,49.19597],[6.12138,49.19858]],[[6.12138,49.19858],[6.13243,49.19033],[6.15051,49.19037]],[[6.15051,49.19037],[6.15078,49.18864]],[[6.1513,49.18495],[6.13578,49.18284],[6.13196,49.1868],[6.09916,49.18998],[6.07092,49.17906],[6.05495,49.18301]],[[6.05495,49.18301],[6.05836,49.18982]],[[6.22806,49.23652],[6.24221,49.25239],[6.24619,49.25014],[6.26658,49.25416],[6.2798,49.26263]],[[6.2798,49.26263],[6.28442,49.25788]],[[6.29014,49.22964],[6.27941,49.22014]],[[6.26287,49.22943],[6.24369,49.22563],[6.22806,49.23652]],[[6.14466,49.282],[6.15365,49.27013]],[[6.12377,49.26356],[6.1167,49.27454],[6.12042,49.28082]],[[6.17682,49.18863],[6.17874,49.19658],[6.16586,49.20687],[6.1701,49.21092],[6.168,49.22283]],[[6.168,49.22283],[6.17883,49.22431],[6.18723,49.23322]],[[6.18723,49.23322],[6.20196,49.2176]],[[6.20196,49.2176],[6.20104,49.20494],[6.18529,49.19429],[6.1797,49.18521]],[[6.15799,49.26588],[6.17985,49.27484],[6.18101,49.27269]],[[6.19482,49.26078],[6.18582,49.25659]],[[6.18582,49.25659],[6.15235,49.25581]],[[6.23564,49.50807],[6.23894,49.51372],[6.25641,49.51002],[6.26484,49.50397],[6.2791,49.50336],[6.28057,49.49416]],[[6.28057,49.49416],[6.2643,49.49454],[6.23239,49.50273]],[[6.23239,49.50273],[6.23564,49.50807]],[[6.03076,49.23308],[6.03037,49.24354],[6.04264,49.24018],[6.03963,49.23271],[6.05163,49.22727]],[[6.04014,49.21077],[6.01829,49.20792]],[[6.01829,49.20792],[6.00352,49.20897]],[[6.00352,49.20897],[5.99784,49.21195],[6.00957,49.22179],[6.02304,49.22365],[6.02059,49.22941],[6.03076,49.23308]],[[6.00984,49.27246],[6.02271,49.26787],[6.04023,49.27424]],[[6.04023,49.27424],[6.04486,49.27341]],[[6.04486,49.27341],[6.06086,49.25022]],[[6.06086,49.25022],[6.05435,49.24695],[6.05241,49.23118]],[[6.03076,49.23308],[6.02507,49.24264],[6.03165,49.24967],[6.02097,49.25672],[6.0065,49.26088],[6.00984,49.27246]],[[6.03389,49.34471],[6.03492,49.34667]],[[6.03492,49.34667],[6.04326,49.34681],[6.05862,49.35891]],[[6.05862,49.35891],[6.05932,49.35843]],[[6.05932,49.35843],[6.05627,49.35362],[6.0653,49.33902],[6.04592,49.33217]],[[6.04592,49.33217],[6.04623,49.3382],[6.03389,49.34471]],[[6.0575,49.17582],[6.05495,49.18301]],[[6.1314,49.16966],[6.12155,49.17926],[6.08805,49.17221]],[[6.07926,49.22548],[6.08237,49.23299],[6.09212,49.23735],[6.0971,49.23318],[6.11512,49.2352]],[[6.11512,49.2352],[6.11664,49.22047],[6.08509,49.21458],[6.06869,49.21479]],[[6.22185,49.4858],[6.23239,49.50273]],[[6.28057,49.49416],[6.29087,49.48458],[6.29923,49.48821]],[[6.29923,49.48821],[6.26533,49.46956]],[[6.26533,49.46956],[6.25445,49.47092],[6.24836,49.47936],[6.22724,49.47967],[6.22185,49.4858]],[[6.02055,49.29067],[6.04158,49.29396],[6.0308,49.30236],[6.04711,49.30787],[6.04869,49.31408]],[[6.04869,49.31408],[6.07056,49.3131]],[[6.07346,49.28676],[6.0729,49.28034],[6.06412,49.28062]],[[6.06412,49.28062],[6.05,49.28419],[6.04486,49.27341]],[[6.04023,49.27424],[6.03984,49.28533],[6.02943,49.28512],[6.02055,49.29067]],[[6.06086,49.25022],[6.08315,49.25588]],[[6.08315,49.25588],[6.09418,49.25534],[6.10571,49.26135]],[[6.10571,49.26135],[6.11138,49.26343]],[[6.12355,49.24186],[6.11512,49.2352]],[[6.06705,49.21044],[6.06889,49.19908],[6.08577,49.20002]],[[6.08577,49.20002],[6.068,49.18504]],[[6.05836,49.18982],[6.05874,49.19401],[6.04122,49.19764],[6.02588,49.19642]],[[6.02588,49.19642],[6.01829,49.20792]],[[6.06412,49.28062],[6.06581,49.27197]],[[6.06581,49.27197],[6.08315,49.25588]],[[6.22056,49.28522],[6.22791,49.29308],[6.23996,49.29393]],[[6.23996,49.29393],[6.23907,49.28788],[6.24895,49.28233],[6.24841,49.27627]],[[6.24841,49.27627],[6.26132,49.27263]],[[6.26132,49.27263],[6.25695,49.26089],[6.25099,49.26136],[6.23826,49.2518],[6.22776,49.2561],[6.23276,49.26414],[6.21056,49.24945]],[[6.21056,49.24945],[6.20283,49.24996],[6.20734,49.2591]],[[6.37986,49.25817],[6.3969,49.25957]],[[6.37882,49.22029],[6.37272,49.21469],[6.35414,49.21013],[6.35465,49.20678]],[[6.35465,49.20678],[6.33543,49.21006],[6.33117,49.221],[6.32348,49.22468]],[[6.02588,49.19642],[6.021,49.18871],[6.02453,49.18129],[6.03859,49.1739]],[[6.03113,49.16749],[6.02062,49.17007],[6.00658,49.18362],[5.98685,49.18407],[5.97969,49.18953],[5.98404,49.20726],[6.00352,49.20897]],[[6.27151,49.17282],[6.27421,49.18421],[6.25429,49.18345],[6.25264,49.18788]],[[6.25264,49.18788],[6.25368,49.19262],[6.27144,49.19687]],[[6.27144,49.19687],[6.27943,49.19115],[6.30606,49.18924],[6.30741,49.18541]],[[6.13714,49.2058],[6.14939,49.19985],[6.15051,49.19037]],[[6.12138,49.19858],[6.13714,49.2058]],[[6.168,49.22283],[6.16287,49.22759]],[[6.16287,49.22759],[6.16071,49.23257],[6.14659,49.23574],[6.17017,49.2426],[6.17389,49.24744]],[[6.17389,49.24744],[6.17815,49.24108],[6.18929,49.23931]],[[6.18929,49.23931],[6.18723,49.23322]],[[6.35465,49.20678],[6.34071,49.1988],[6.32049,49.19522],[6.31141,49.18573]],[[6.27144,49.19687],[6.27308,49.20198]],[[6.03249,49.36885],[6.05204,49.37424],[6.05817,49.38404]],[[6.05817,49.38404],[6.06104,49.38017],[6.0773,49.37806],[6.06459,49.36895],[6.05862,49.35891]],[[6.03492,49.34667],[6.03399,49.35507],[6.02145,49.35795],[6.03123,49.36235],[6.03249,49.36885]],[[6.01788,49.37746],[6.02023,49.394]],[[6.02023,49.394],[6.03659,49.39234],[6.03963,49.41152]],[[6.03963,49.41152],[6.04802,49.39666],[6.06027,49.40355],[6.07815,49.39735]],[[6.07815,49.39735],[6.06074,49.39252],[6.05817,49.38404]],[[6.03249,49.36885],[6.01788,49.37746]],[[6.25264,49.18788],[6.23453,49.1889]],[[6.23453,49.1889],[6.2244,49.19199],[6.22492,49.20277]],[[6.36886,49.45982],[6.37199,49.46863],[6.39326,49.46428],[6.4032,49.46595]],[[6.4032,49.46595],[6.40792,49.45949],[6.38915,49.45192]],[[6.38894,49.45168],[6.37156,49.45406]],[[6.37156,49.45406],[6.36886,49.45982]],[[6.20196,49.2176],[6.21226,49.21418],[6.2281,49.22302],[6.24872,49.21979]],[[6.23453,49.1889],[6.22784,49.18502]],[[6.22784,49.18502],[6.20249,49.17806]],[[5.9401,49.47761],[5.95634,49.47871],[5.96455,49.48903],[5.95534,49.49333]],[[5.95534,49.49333],[5.97238,49.49112],[5.97492,49.4806],[5.97175,49.46953],[5.97865,49.46122],[5.98765,49.46241],[5.98205,49.45107]],[[5.98205,49.45107],[5.97882,49.44293],[5.965,49.43428]],[[5.965,49.43428],[5.94228,49.43035]],[[5.94228,49.43035],[5.93077,49.44655],[5.94089,49.44917],[5.9394,49.46631],[5.93171,49.47159],[5.9401,49.47761]],[[5.965,49.43428],[5.97323,49.42704],[5.98563,49.43034]],[[5.98563,49.43034],[5.97286,49.41583],[5.95272,49.40636]],[[5.95272,49.40636],[5.92968,49.40148]],[[5.92968,49.40148],[5.91184,49.40754],[5.92872,49.42709],[5.94228,49.43035]],[[6.17389,49.24744],[6.18144,49.2479],[6.18582,49.25659]],[[6.21056,49.24945],[6.21063,49.23536]],[[6.21063,49.23536],[6.18929,49.23931]],[[6.32213,49.44164],[6.3207,49.42408]],[[6.3207,49.42408],[6.31176,49.42277],[6.30179,49.42999]],[[6.30179,49.42999],[6.30078,49.44313]],[[6.30078,49.44313],[6.32213,49.44164]],[[6.17353,49.31786],[6.18362,49.31985],[6.19735,49.32847],[6.21141,49.32861]],[[6.21141,49.32861],[6.21688,49.3298]],[[6.21688,49.3298],[6.21286,49.32041],[6.22479,49.31529]],[[6.22479,49.31529],[6.21978,49.30756]],[[6.21978,49.30756],[6.20807,49.31203],[6.18104,49.30451],[6.16489,49.3023]],[[6.16489,49.3023],[6.1612,49.30706],[6.17353,49.31786]],[[6.29071,49.45194],[6.28966,49.45171]],[[6.28966,49.45171],[6.27848,49.4551]],[[6.27848,49.4551],[6.26533,49.46956]],[[6.29923,49.48821],[6.29514,49.48119],[6.30561,49.47731],[6.31276,49.48027],[6.33378,49.46689]],[[6.33378,49.46689],[6.31129,49.46379],[6.29071,49.45194]],[[5.95272,49.40636],[5.96182,49.39319],[5.97513,49.39124]],[[5.97513,49.39124],[5.97615,49.3835],[5.98559,49.3779]],[[5.98559,49.3779],[5.9716,49.37245],[5.95612,49.36159]],[[5.95612,49.36159],[5.94011,49.36038],[5.93525,49.36917],[5.92478,49.37305],[5.93588,49.3787],[5.92968,49.40148]],[[6.19231,49.44581],[6.20351,49.44166],[6.21688,49.44477],[6.21709,49.43526],[6.22461,49.43438]],[[6.22461,49.43438],[6.21034,49.4259],[6.20451,49.43239],[6.198,49.42681],[6.17868,49.42079]],[[6.17868,49.42079],[6.17294,49.43471],[6.1637,49.4419]],[[6.1637,49.4419],[6.17435,49.44162],[6.18218,49.44697],[6.19231,49.44581]],[[6.19231,49.44581],[6.20742,49.46403],[6.20294,49.47207]],[[6.20294,49.47207],[6.21278,49.47246]],[[6.21278,49.47246],[6.22873,49.46188],[6.24593,49.45842],[6.25728,49.44916],[6.24386,49.43584]],[[6.24386,49.43584],[6.22461,49.43438]],[[6.08577,49.20002],[6.09921,49.19597]],[[6.32029,49.31013],[6.31858,49.31267]],[[6.31858,49.31267],[6.30597,49.33152]],[[6.30597,49.33152],[6.30196,49.33629],[6.31609,49.34333]],[[6.31609,49.34333],[6.34124,49.33565]],[[6.34743,49.31703],[6.3474,49.31644]],[[6.3474,49.31644],[6.32638,49.31862],[6.32029,49.31013]],[[6.31609,49.34333],[6.3248,49.35136]],[[6.3248,49.35136],[6.36107,49.3573],[6.37239,49.34925]],[[6.17503,49.41547],[6.17868,49.42079]],[[6.24386,49.43584],[6.25258,49.43704]],[[6.25258,49.43704],[6.26886,49.431]],[[6.26886,49.431],[6.27816,49.42198],[6.29415,49.42328]],[[6.29415,49.42328],[6.28627,49.41815]],[[6.28627,49.41815],[6.2813,49.40354],[6.25707,49.4033],[6.25096,49.39441]],[[6.25096,49.39441],[6.23317,49.38894]],[[6.23317,49.38894],[6.22057,49.39985],[6.19107,49.40624],[6.17503,49.41547]],[[6.22363,49.16661],[6.23173,49.17944],[6.22784,49.18502]],[[6.06581,49.27197],[6.10103,49.26759],[6.10571,49.26135]],[[6.34863,49.44737],[6.33648,49.45253]],[[6.33648,49.45253],[6.34711,49.46603]],[[6.34711,49.46603],[6.35294,49.46722],[6.36439,49.45949]],[[6.36439,49.45949],[6.36346,49.44965],[6.34863,49.44737]],[[6.37829,49.30614],[6.41107,49.31633]],[[6.41831,49.30121],[6.39577,49.30036],[6.38791,49.29746]],[[6.38791,49.29746],[6.37829,49.30614]],[[6.22836,49.3361],[6.23431,49.34161],[6.25163,49.33685],[6.25111,49.34839],[6.25728,49.3507]],[[6.25728,49.3507],[6.27792,49.34843]],[[6.27792,49.34843],[6.27866,49.34731]],[[6.27866,49.34731],[6.29094,49.33132]],[[6.29094,49.33132],[6.27529,49.32519],[6.26062,49.32701],[6.25046,49.32221]],[[6.25046,49.32221],[6.24881,49.33186],[6.22836,49.3361]],[[6.36794,49.2671],[6.37464,49.2683],[6.37868,49.28978],[6.38791,49.29746]],[[6.27792,49.34843],[6.27609,49.366]],[[6.27609,49.366],[6.28946,49.36937],[6.29925,49.36515],[6.31661,49.36501]],[[6.31661,49.36501],[6.3054,49.3586]],[[6.3054,49.3586],[6.28016,49.3455],[6.27866,49.34731]],[[6.21063,49.23536],[6.22806,49.23652]],[[6.09362,49.41377],[6.09559,49.42245]],[[6.09559,49.42245],[6.10884,49.42431],[6.12653,49.41832]],[[6.12653,49.41832],[6.13322,49.41563],[6.12821,49.40871]],[[6.12821,49.40871],[6.11358,49.40529],[6.09519,49.40922],[6.09362,49.41377]],[[6.03911,49.42765],[6.05522,49.43163],[6.09661,49.43327]],[[6.09661,49.43327],[6.09559,49.42245]],[[6.09362,49.41377],[6.07815,49.39735]],[[6.03963,49.41152],[6.04639,49.41265],[6.03911,49.42765]],[[6.25258,49.43704],[6.27848,49.4551]],[[6.28966,49.45171],[6.28815,49.44316],[6.26886,49.431]],[[6.0853,49.32927],[6.09214,49.33585],[6.09075,49.34832]],[[6.09075,49.34832],[6.098,49.35223],[6.11611,49.34566]],[[6.11611,49.34566],[6.13372,49.33832],[6.13467,49.33306]],[[6.13467,49.33306],[6.15331,49.3304]],[[6.15331,49.3304],[6.16129,49.32237]],[[6.16129,49.32237],[6.1441,49.30859],[6.13251,49.30468]],[[5.98169,49.34291],[5.97838,49.34486]],[[5.97838,49.34486],[5.96299,49.34648],[5.95612,49.36159]],[[5.98559,49.3779],[5.99492,49.3708],[6.00271,49.37538],[6.01109,49.36948],[6.01788,49.37746]],[[6.03389,49.34471],[6.01765,49.34028]],[[6.01765,49.34028],[6.0027,49.3422],[5.9882,49.33969],[5.98169,49.34291]],[[6.29071,49.45194],[6.30078,49.44313]],[[6.30179,49.42999],[6.29415,49.42328]],[[6.16551,49.30109],[6.16489,49.3023]],[[6.21978,49.30756],[6.22452,49.30062],[6.23795,49.29891],[6.23996,49.29393]],[[6.18364,49.28592],[6.17869,49.29397],[6.16551,49.30109]],[[6.14461,49.48774],[6.16217,49.49323],[6.15382,49.50138],[6.17453,49.50979],[6.17963,49.50706]],[[6.17826,49.49653],[6.16738,49.49441],[6.16575,49.48686]],[[6.16575,49.48686],[6.14461,49.48774]],[[6.16287,49.22759],[6.14851,49.23143]],[[6.14851,49.23143],[6.14428,49.24316],[6.13722,49.24115]],[[6.20629,49.38754],[6.23317,49.38894]],[[6.25096,49.39441],[6.24764,49.39155],[6.26486,49.37133],[6.27272,49.36702]],[[6.27272,49.36702],[6.24898,49.36674],[6.24196,49.3573]],[[6.24196,49.3573],[6.23463,49.36142]],[[6.23463,49.36142],[6.22156,49.36519],[6.21244,49.3745],[6.21071,49.3841],[6.20434,49.38557]],[[6.20434,49.38557],[6.20629,49.38754]],[[5.97513,49.39124],[5.99477,49.40034],[5.99468,49.4075],[6.00707,49.40692]],[[6.00707,49.40692],[6.01673,49.40338],[6.02023,49.394]],[[6.05932,49.35843],[6.07282,49.34918],[6.08035,49.35483],[6.09075,49.34832]],[[6.04869,49.31408],[6.03432,49.31754],[6.03394,49.32955]],[[6.03394,49.32955],[6.04592,49.33217]],[[6.12653,49.41832],[6.14023,49.43755]],[[6.14023,49.43755],[6.14958,49.44868]],[[6.14958,49.44868],[6.1637,49.4419]],[[6.17503,49.41547],[6.16923,49.4067],[6.1695,49.39328]],[[6.1695,49.39328],[6.15736,49.39001],[6.14197,49.39234]],[[6.14197,49.39234],[6.13475,49.39159],[6.12821,49.40871]],[[6.32983,49.28504],[6.32946,49.30162]],[[6.32946,49.30162],[6.35783,49.30932],[6.36794,49.30591]],[[6.36794,49.30591],[6.37655,49.30669]],[[6.37655,49.30669],[6.37829,49.30614]],[[6.33679,49.2653],[6.32983,49.28504]],[[6.32445,49.4031],[6.31017,49.41241],[6.31286,49.41831],[6.33052,49.42423]],[[6.33052,49.42423],[6.33996,49.42237],[6.34659,49.41476]],[[6.34659,49.41476],[6.34563,49.40894],[6.32992,49.40836],[6.32445,49.4031]],[[6.15331,49.3304],[6.17038,49.33896]],[[6.17038,49.33896],[6.1772,49.33188],[6.18462,49.33569],[6.19932,49.33407],[6.19522,49.34312],[6.21452,49.33031],[6.21141,49.32861]],[[6.17353,49.31786],[6.16129,49.32237]],[[6.3054,49.3586],[6.30071,49.3534],[6.31635,49.35678],[6.3248,49.35136]],[[6.30597,49.33152],[6.29094,49.33132]],[[6.09661,49.43327],[6.08808,49.43915],[6.10064,49.4452],[6.10009,49.44976]],[[6.10009,49.44976],[6.10717,49.45211],[6.12666,49.44596],[6.14023,49.43755]],[[6.3474,49.31644],[6.35377,49.31856],[6.37074,49.31063],[6.36794,49.30591]],[[6.32946,49.30162],[6.32029,49.31013]],[[6.37655,49.30669],[6.38798,49.31759],[6.3799,49.32822],[6.37303,49.32923]],[[6.31928,49.39878],[6.32445,49.4031]],[[6.34659,49.41476],[6.36024,49.41468]],[[6.36024,49.41468],[6.36173,49.41433]],[[6.36173,49.41433],[6.37178,49.40142],[6.39673,49.40108],[6.407,49.39427]],[[6.4047,49.3681],[6.37747,49.37578],[6.36911,49.38228],[6.35474,49.37117],[6.34494,49.38028],[6.34501,49.39384],[6.3272,49.4013],[6.31928,49.39878]],[[6.03394,49.32955],[6.0236,49.33181],[6.01765,49.34028]],[[6.28627,49.41815],[6.29671,49.41319],[6.30756,49.39986],[6.31891,49.39857]],[[6.31891,49.39857],[6.31749,49.38708],[6.30963,49.37863],[6.31661,49.36501]],[[6.27609,49.366],[6.27272,49.36702]],[[6.33378,49.46689],[6.34711,49.46603]],[[6.33648,49.45253],[6.32238,49.44707],[6.32213,49.44164]],[[6.22836,49.3361],[6.22181,49.34051],[6.22014,49.35433],[6.23463,49.36142]],[[6.24196,49.3573],[6.25728,49.3507]],[[5.99712,49.31424],[5.98522,49.30517],[5.96931,49.3198],[5.94981,49.32834],[5.94453,49.3416],[5.97838,49.34486]],[[5.98169,49.34291],[5.97926,49.3316],[5.99108,49.31628],[5.99712,49.31424]],[[6.2798,49.26263],[6.27928,49.27093],[6.26132,49.27263]],[[6.24841,49.27627],[6.2798,49.29032],[6.27361,49.29981]],[[6.27361,49.29981],[6.28161,49.29134],[6.30003,49.27914],[6.31011,49.27869],[6.31862,49.28431],[6.32983,49.28504]],[[6.13714,49.2058],[6.12989,49.20931],[6.14218,49.21438],[6.13713,49.22188],[6.14851,49.23143]],[[6.3207,49.42408],[6.33052,49.42423]],[[6.31928,49.39878],[6.31891,49.39857]],[[6.20434,49.38557],[6.20474,49.37044],[6.18623,49.36481]],[[6.18623,49.36481],[6.16694,49.37542],[6.15447,49.37387],[6.14044,49.37874],[6.14197,49.39234]],[[6.1695,49.39328],[6.1818,49.39187],[6.1919,49.38559],[6.20629,49.38754]],[[6.4032,49.46595],[6.42051,49.47633],[6.42809,49.47692],[6.44043,49.46667]],[[6.27361,49.29981],[6.27443,49.29978]],[[6.27443,49.29978],[6.28238,49.29933],[6.29373,49.30605],[6.31858,49.31267]],[[6.25279,49.3219],[6.25046,49.32221]],[[6.27443,49.29978],[6.27443,49.31086],[6.26522,49.31366],[6.26097,49.32185],[6.25279,49.3219]],[[6.36173,49.41433],[6.36227,49.42678],[6.37091,49.42688]],[[6.37091,49.42688],[6.38495,49.43297]],[[6.00984,49.27246],[6.00049,49.27538],[6.00295,49.28907]],[[6.00295,49.28907],[6.02055,49.29067]],[[6.00295,49.28907],[6.00637,49.30175],[6.00373,49.31192],[5.99712,49.31424]],[[5.98205,49.45107],[5.99745,49.45652],[6.00759,49.45175],[6.02973,49.45514],[6.02748,49.44823],[6.04215,49.4478]],[[6.04215,49.4478],[6.03334,49.4299]],[[6.03334,49.4299],[6.02889,49.42288],[6.01469,49.41654]],[[6.01469,49.41654],[5.99661,49.42023],[5.99586,49.42975],[5.98563,49.43034]],[[5.92758,49.49822],[5.93528,49.50046],[5.94428,49.49138],[5.92961,49.48535]],[[5.92961,49.48535],[5.91276,49.48182],[5.89879,49.48346],[5.89199,49.49443],[5.91189,49.50202],[5.92758,49.49822]],[[6.21673,49.50682],[6.23564,49.50807]],[[6.22185,49.4858],[6.21278,49.47246]],[[6.20294,49.47207],[6.17962,49.48041],[6.17654,49.47907]],[[6.17654,49.47907],[6.16575,49.48686]],[[6.34863,49.44737],[6.34713,49.43406],[6.35145,49.41932],[6.36024,49.41468]],[[6.13298,49.29125],[6.16551,49.30109]],[[6.00707,49.40692],[6.01469,49.41654]],[[6.03334,49.4299],[6.03911,49.42765]],[[6.14958,49.44868],[6.14794,49.45409],[6.15882,49.46526],[6.15696,49.47504],[6.17654,49.47907]],[[5.92758,49.49822],[5.93994,49.50097],[5.95534,49.49333]],[[5.9401,49.47761],[5.92961,49.48535]],[[6.37091,49.42688],[6.36449,49.43692],[6.37156,49.45406]],[[6.36439,49.45949],[6.36886,49.45982]],[[6.11611,49.34566],[6.11628,49.35339],[6.12728,49.35805],[6.14522,49.35225],[6.15028,49.3438],[6.13467,49.33306]],[[6.18623,49.36481],[6.17645,49.34987],[6.16821,49.35202],[6.17038,49.33896]],[[6.04215,49.4478],[6.05264,49.46412],[6.05777,49.46621],[6.07969,49.46374],[6.08,49.45896],[6.10081,49.45289]],[[6.10081,49.45289],[6.10009,49.44976]],[[6.22479,49.31529],[6.245,49.31578],[6.25279,49.3219]],[[6.22836,49.3361],[6.21688,49.3298]],[[6.10081,49.45289],[6.09813,49.46463],[6.10208,49.47022],[6.12347,49.47344],[6.12786,49.49374],[6.14461,49.48774]],[[7.66182,48.79635],[7.69541,48.8016]],[[7.69541,48.8016],[7.68855,48.78586]],[[7.68855,48.78586],[7.68498,48.78315]],[[7.68498,48.78315],[7.67281,48.78448]],[[7.67281,48.78448],[7.66182,48.79635]],[[7.53617,48.79834],[7.5403,48.79274]],[[7.5403,48.79274],[7.51089,48.7893],[7.51222,48.78059]],[[7.51222,48.78059],[7.50402,48.77866]],[[7.50402,48.77866],[7.49147,48.78373]],[[7.49147,48.78373],[7.49496,48.79557],[7.48714,48.80313]],[[7.48714,48.80313],[7.49224,48.80529]],[[7.49224,48.80529],[7.5044,48.79663],[7.52068,48.79824]],[[7.52068,48.79824],[7.53617,48.79834]],[[7.62306,48.77107],[7.63421,48.77089]],[[7.63421,48.77089],[7.65145,48.76294],[7.66689,48.7671]],[[7.66689,48.7671],[7.66924,48.76555]],[[7.66924,48.76555],[7.67237,48.75855]],[[7.67237,48.75855],[7.66981,48.74474]],[[7.66981,48.74474],[7.66249,48.73645]],[[7.66249,48.73645],[7.64627,48.74592]],[[7.64627,48.74592],[7.63551,48.7477],[7.6328,48.75584],[7.62509,48.75435]],[[7.62509,48.75435],[7.62306,48.77107]],[[7.63784,48.8298],[7.64648,48.8225],[7.64465,48.81375]],[[7.64465,48.81375],[7.64229,48.81079],[7.61848,48.80627]],[[7.61848,48.80627],[7.61933,48.82516]],[[7.61933,48.82516],[7.61981,48.83488]],[[7.61981,48.83488],[7.63784,48.8298]],[[7.69541,48.8016],[7.71814,48.80656]],[[7.71814,48.80656],[7.71837,48.80552]],[[7.71837,48.80552],[7.72455,48.79765],[7.71413,48.78962],[7.68855,48.78586]],[[7.5178,48.5115],[7.51892,48.50919],[7.5495,48.50789],[7.55339,48.50372]],[[7.55339,48.50372],[7.54823,48.49535]],[[7.54823,48.49535],[7.51163,48.49429]],[[7.51163,48.49429],[7.51438,48.51115]],[[7.51438,48.51115],[7.5178,48.5115]],[[7.19733,48.915],[7.18901,48.93013]],[[7.18901,48.93013],[7.19895,48.92965],[7.21039,48.9428],[7.21725,48.93635],[7.22681,48.93828],[7.23626,48.94667]],[[7.23626,48.94667],[7.22766,48.93789],[7.25701,48.93582]],[[7.25701,48.93582],[7.26983,48.93964],[7.29176,48.9358],[7.28235,48.9286]],[[7.28235,48.9286],[7.26904,48.92616],[7.25123,48.92868],[7.22812,48.9176],[7.23094,48.90759]],[[7.23094,48.90759],[7.22154,48.90616]],[[7.22154,48.90616],[7.19733,48.915]],[[7.16674,48.94017],[7.17768,48.9421],[7.19148,48.95106],[7.20872,48.95393],[7.21353,48.96048]],[[7.21353,48.96048],[7.22027,48.95939]],[[7.22027,48.95939],[7.23573,48.95256],[7.23626,48.94667]],[[7.18901,48.93013],[7.17114,48.93269],[7.16674,48.94017]],[[7.19471,48.85492],[7.19615,48.85957],[7.18399,48.8619],[7.17724,48.8777]],[[7.17724,48.8777],[7.19038,48.88329]],[[7.19038,48.88329],[7.20057,48.87779]],[[7.20057,48.87779],[7.20079,48.86879],[7.21132,48.86483]],[[7.21132,48.86483],[7.213,48.8534]],[[7.213,48.8534],[7.20536,48.85066],[7.20355,48.85804],[7.19471,48.85492]],[[7.22027,48.95939],[7.23435,48.96405],[7.26753,48.95569],[7.29043,48.96709]],[[7.2902,48.95652],[7.28242,48.95473],[7.26727,48.94002],[7.25701,48.93582]],[[7.57864,48.85232],[7.57334,48.861]],[[7.57334,48.861],[7.58341,48.86387],[7.58911,48.87253],[7.60218,48.874]],[[7.60218,48.874],[7.6151,48.8702]],[[7.6151,48.8702],[7.61034,48.85762]],[[7.61034,48.85762],[7.60066,48.84865],[7.57864,48.85232]],[[7.57334,48.861],[7.55222,48.86543],[7.54509,48.87176]],[[7.54509,48.87176],[7.54543,48.87692]],[[7.54543,48.87692],[7.56224,48.87895],[7.5767,48.8896],[7.57651,48.89425]],[[7.57651,48.89425],[7.57886,48.90217]],[[7.57886,48.90217],[7.5983,48.90249],[7.60462,48.90661]],[[7.60462,48.90661],[7.59901,48.89181],[7.60585,48.88785]],[[7.60585,48.88785],[7.60218,48.874]],[[7.66335,48.70125],[7.64972,48.7069]],[[7.64972,48.7069],[7.64966,48.71368]],[[7.64966,48.71368],[7.66768,48.71463],[7.67731,48.72009]],[[7.67731,48.72009],[7.67681,48.70957]],[[7.67681,48.70957],[7.66335,48.70125]],[[7.64966,48.71368],[7.64241,48.7147],[7.65027,48.72897],[7.6721,48.72164],[7.67324,48.73354]],[[7.67324,48.73354],[7.68309,48.73198],[7.68713,48.72526],[7.67731,48.72009]],[[7.52734,48.69806],[7.52489,48.72221]],[[7.52489,48.72221],[7.54706,48.72523]],[[7.54706,48.72523],[7.56326,48.7243]],[[7.56326,48.7243],[7.56182,48.71977]],[[7.56182,48.71977],[7.56592,48.71648]],[[7.56592,48.71648],[7.55317,48.70548]],[[7.55317,48.70548],[7.54067,48.69862],[7.52734,48.69806]],[[7.56911,48.69447],[7.57855,48.67871]],[[7.57855,48.67871],[7.58218,48.67313]],[[7.58218,48.67313],[7.54936,48.6788]],[[7.54936,48.6788],[7.54483,48.68946]],[[7.54483,48.68946],[7.54754,48.69524]],[[7.54754,48.69524],[7.56911,48.69447]],[[7.71929,48.68614],[7.71692,48.67801],[7.68744,48.67106]],[[7.68744,48.67106],[7.67544,48.67591],[7.66852,48.68633]],[[7.66852,48.68633],[7.69053,48.69666]],[[7.69053,48.69666],[7.71192,48.70169],[7.71534,48.68606],[7.71929,48.68614]],[[7.13996,48.87827],[7.14426,48.87195]],[[7.14426,48.87195],[7.13618,48.86612],[7.13607,48.85717]],[[7.13607,48.85717],[7.11655,48.86222],[7.10622,48.86841]],[[7.10622,48.86841],[7.11026,48.87771],[7.10514,48.88062]],[[7.10514,48.88062],[7.11505,48.88422]],[[7.11505,48.88422],[7.12632,48.87708],[7.13996,48.87827]],[[7.09999,48.84667],[7.11237,48.85703],[7.12993,48.85008]],[[7.12993,48.85008],[7.14885,48.8446]],[[7.13981,48.8175],[7.10795,48.8218]],[[7.10795,48.8218],[7.10042,48.83405],[7.09999,48.84667]],[[7.57977,48.73422],[7.56748,48.732],[7.56326,48.7243]],[[7.54706,48.72523],[7.54437,48.73585],[7.53519,48.74422]],[[7.53519,48.74422],[7.53109,48.75463]],[[7.53109,48.75463],[7.54178,48.7582],[7.54389,48.77038]],[[7.54389,48.77038],[7.5591,48.77173]],[[7.5591,48.77173],[7.57409,48.77028],[7.58465,48.77348]],[[7.58465,48.77348],[7.59335,48.75064]],[[7.59335,48.75064],[7.57999,48.74611],[7.57977,48.73422]],[[7.57977,48.73422],[7.59788,48.73484]],[[7.59788,48.73484],[7.59821,48.73148]],[[7.59821,48.73148],[7.5923,48.72716],[7.56182,48.71977]],[[7.6172,48.80196],[7.61437,48.80344]],[[7.61437,48.80344],[7.61848,48.80627]],[[7.64465,48.81375],[7.6492,48.81214]],[[7.6492,48.81214],[7.65597,48.80103]],[[7.65597,48.80103],[7.65703,48.79913]],[[7.65703,48.79913],[7.63969,48.78756]],[[7.63969,48.78756],[7.63553,48.78758],[7.62442,48.8018],[7.6172,48.80196]],[[7.56911,48.69447],[7.59267,48.69641]],[[7.59267,48.69641],[7.60096,48.69191],[7.598,48.67934],[7.57855,48.67871]],[[7.47808,48.6847],[7.47716,48.6831]],[[7.47716,48.6831],[7.46758,48.67516]],[[7.46758,48.67516],[7.44288,48.67308],[7.43407,48.67492]],[[7.43407,48.67492],[7.43342,48.67638]],[[7.43342,48.67638],[7.45807,48.68245],[7.46777,48.68761],[7.47808,48.6847]],[[7.10456,48.79645],[7.08918,48.81371]],[[7.08918,48.81371],[7.10795,48.8218]],[[7.47808,48.6847],[7.49006,48.68621]],[[7.49006,48.68621],[7.49156,48.68614]],[[7.49156,48.68614],[7.50281,48.68005],[7.48562,48.66617]],[[7.48562,48.66617],[7.47716,48.6831]],[[7.20931,48.98009],[7.19598,48.96844]],[[7.19598,48.96844],[7.18632,48.96687],[7.16569,48.97508]],[[7.16569,48.97508],[7.15874,48.99296]],[[7.15874,48.99296],[7.16146,49.00228]],[[7.28235,48.9286],[7.28644,48.92373]],[[7.28644,48.92373],[7.28723,48.92131]],[[7.28723,48.92131],[7.27174,48.91342]],[[7.27174,48.91342],[7.23094,48.90759]],[[7.57453,48.79788],[7.5676,48.80135]],[[7.5676,48.80135],[7.57473,48.80824],[7.56985,48.81487]],[[7.56985,48.81487],[7.57659,48.81861],[7.57174,48.82893]],[[7.57174,48.82893],[7.58731,48.83299]],[[7.58731,48.83299],[7.59179,48.8332]],[[7.59179,48.8332],[7.599,48.82019]],[[7.599,48.82019],[7.60589,48.8064]],[[7.60589,48.8064],[7.5813,48.8019],[7.57453,48.79788]],[[7.63529,49.05416],[7.67449,49.04504],[7.69708,49.04975]],[[7.69708,49.04975],[7.69673,49.03458],[7.70835,49.03209],[7.68716,49.02024]],[[7.68716,49.02024],[7.68383,49.01977]],[[7.68383,49.01977],[7.67047,49.02228],[7.66782,49.03273],[7.67466,49.03651],[7.66463,49.04266],[7.65061,49.04232],[7.62624,49.03371]],[[7.1917,48.89883],[7.18521,48.90375],[7.1817,48.91543]],[[7.1817,48.91543],[7.19184,48.91009],[7.19733,48.915]],[[7.22154,48.90616],[7.21938,48.89922]],[[7.21938,48.89922],[7.1917,48.89883]],[[7.73407,48.95275],[7.76124,48.96752]],[[7.76124,48.96752],[7.75308,48.95741],[7.75208,48.93094]],[[7.75208,48.93094],[7.75414,48.92333]],[[7.75414,48.92333],[7.7528,48.91798]],[[7.7528,48.91798],[7.73169,48.92628]],[[7.73169,48.92628],[7.73586,48.92766],[7.72843,48.93974],[7.73407,48.95275]],[[7.53617,48.79834],[7.5465,48.80119]],[[7.5465,48.80119],[7.55466,48.79826],[7.5676,48.80135]],[[7.57453,48.79788],[7.57708,48.79167]],[[7.57708,48.79167],[7.56532,48.79137],[7.5463,48.78358]],[[7.5463,48.78358],[7.5403,48.79274]],[[7.66078,48.84783],[7.65895,48.84003],[7.64367,48.83642],[7.63784,48.8298]],[[7.61981,48.83488],[7.61317,48.8373]],[[7.61317,48.8373],[7.61948,48.84846],[7.64892,48.8452],[7.65632,48.84678]],[[7.65632,48.84678],[7.66078,48.84783]],[[7.58731,48.83299],[7.58718,48.84535],[7.58031,48.84818]],[[7.58031,48.84818],[7.57864,48.85232]],[[7.61034,48.85762],[7.63803,48.85709]],[[7.63803,48.85709],[7.64223,48.84853],[7.65632,48.84678]],[[7.61317,48.8373],[7.59179,48.8332]],[[7.70936,48.8333],[7.71302,48.83241]],[[7.71302,48.83241],[7.68996,48.82493],[7.67883,48.80908],[7.65597,48.80103]],[[7.6492,48.81214],[7.67541,48.83178],[7.6941,48.8374],[7.70936,48.8333]],[[7.47209,48.58478],[7.48092,48.58086]],[[7.48092,48.58086],[7.48906,48.57385]],[[7.48906,48.57385],[7.49537,48.56683]],[[7.49537,48.56683],[7.47456,48.55664]],[[7.47456,48.55664],[7.4635,48.55209]],[[7.4635,48.55209],[7.45969,48.55411]],[[7.45969,48.55411],[7.46319,48.56021],[7.47969,48.57092],[7.48064,48.57615],[7.46905,48.57607]],[[7.46905,48.57607],[7.47209,48.58478]],[[7.45969,48.55411],[7.4449,48.5541]],[[7.4449,48.5541],[7.43384,48.56087]],[[7.43384,48.56087],[7.44986,48.57082],[7.46905,48.57607]],[[7.43384,48.56087],[7.43176,48.56042]],[[7.43176,48.56042],[7.43079,48.57615]],[[7.43079,48.57615],[7.44902,48.58641]],[[7.44902,48.58641],[7.46837,48.58828]],[[7.46837,48.58828],[7.47209,48.58478]],[[7.47854,48.71546],[7.47523,48.7216]],[[7.47523,48.7216],[7.47859,48.73105],[7.50685,48.73752]],[[7.50685,48.73752],[7.50975,48.72473]],[[7.50975,48.72473],[7.49356,48.71455]],[[7.49356,48.71455],[7.47854,48.71546]],[[7.45,48.71598],[7.43232,48.71022]],[[7.43232,48.71022],[7.41583,48.72292]],[[7.41583,48.72292],[7.41116,48.72836],[7.42014,48.73097]],[[7.42014,48.73097],[7.44905,48.71859]],[[7.44905,48.71859],[7.45,48.71598]],[[7.58866,48.44146],[7.58935,48.44179]],[[7.58935,48.44179],[7.60566,48.43361],[7.61349,48.42202],[7.62253,48.41773]],[[7.62253,48.41773],[7.62895,48.41444]],[[7.62895,48.41444],[7.61895,48.41014]],[[7.61895,48.41014],[7.60191,48.41544]],[[7.60191,48.41544],[7.60515,48.41994],[7.59604,48.42478]],[[7.59604,48.42478],[7.57905,48.43584]],[[7.57905,48.43584],[7.58866,48.44146]],[[7.43342,48.67638],[7.42616,48.676]],[[7.42616,48.676],[7.42836,48.68689]],[[7.42836,48.68689],[7.43016,48.68868]],[[7.43016,48.68868],[7.43828,48.68672],[7.46295,48.69232]],[[7.46295,48.69232],[7.47726,48.69384],[7.48525,48.68938]],[[7.48525,48.68938],[7.49006,48.68621]],[[7.34256,48.66556],[7.36368,48.66909],[7.36835,48.67631]],[[7.36835,48.67631],[7.38868,48.67884]],[[7.38868,48.67884],[7.39638,48.67431]],[[7.39638,48.67431],[7.39965,48.66265]],[[7.39965,48.66265],[7.39893,48.65986]],[[7.39893,48.65986],[7.38795,48.659],[7.38618,48.64813],[7.37734,48.64807],[7.36576,48.64047],[7.33956,48.64901]],[[7.33956,48.64901],[7.32627,48.64335],[7.31456,48.64795],[7.31315,48.66113]],[[7.31315,48.66113],[7.34256,48.66556]],[[7.44905,48.71859],[7.45374,48.7329]],[[7.45374,48.7329],[7.46791,48.72192],[7.47523,48.7216]],[[7.47854,48.71546],[7.47147,48.71217]],[[7.47147,48.71217],[7.45188,48.71229],[7.45,48.71598]],[[7.24124,48.8767],[7.21527,48.8703],[7.21132,48.86483]],[[7.20057,48.87779],[7.22097,48.89204],[7.23561,48.89095]],[[7.23561,48.89095],[7.24969,48.89291]],[[7.24969,48.89291],[7.25078,48.88819]],[[7.25078,48.88819],[7.24124,48.8767]],[[7.21353,48.96048],[7.20307,48.96115],[7.19598,48.96844]],[[7.43734,48.74467],[7.43529,48.76319],[7.42016,48.76683],[7.43323,48.77601]],[[7.43323,48.77601],[7.45822,48.77473]],[[7.45822,48.77473],[7.4818,48.76277]],[[7.4818,48.76277],[7.48017,48.7479]],[[7.48017,48.7479],[7.45207,48.74681]],[[7.45207,48.74681],[7.43734,48.74467]],[[7.34256,48.66556],[7.34119,48.67144]],[[7.34119,48.67144],[7.3551,48.68043],[7.36835,48.67631]],[[7.29123,48.794],[7.30983,48.79942]],[[7.30983,48.79942],[7.34092,48.79773]],[[7.34092,48.79773],[7.32639,48.78176],[7.35766,48.76803],[7.37364,48.76507]],[[7.37364,48.76507],[7.36343,48.75697]],[[7.36343,48.75697],[7.36287,48.75681]],[[7.36287,48.75681],[7.34966,48.75952],[7.33573,48.76811],[7.31983,48.76552]],[[7.31983,48.76552],[7.31334,48.76724]],[[7.40052,48.78917],[7.39735,48.78567],[7.4057,48.76971],[7.39022,48.77092]],[[7.39022,48.77092],[7.34787,48.78397],[7.34473,48.7983]],[[7.34473,48.7983],[7.34892,48.79917]],[[7.34892,48.79917],[7.37329,48.80087],[7.39208,48.80482],[7.39907,48.7991],[7.40052,48.78917]],[[7.47146,48.70393],[7.47147,48.71217]],[[7.49356,48.71455],[7.50172,48.71175],[7.50133,48.70004],[7.49604,48.69551]],[[7.49604,48.69551],[7.48853,48.69816]],[[7.48853,48.69816],[7.48599,48.7025],[7.47146,48.70393]],[[7.34927,48.72267],[7.36144,48.72363]],[[7.36144,48.72363],[7.36632,48.71823]],[[7.36632,48.71823],[7.36101,48.70737]],[[7.36101,48.70737],[7.35961,48.70766]],[[7.35961,48.70766],[7.34927,48.72267]],[[7.49808,48.76726],[7.4883,48.7696],[7.4818,48.76277]],[[7.45822,48.77473],[7.45939,48.78419]],[[7.45939,48.78419],[7.49147,48.78373]],[[7.50402,48.77866],[7.49808,48.76726]],[[7.32124,48.6842],[7.32734,48.69583],[7.30794,48.70714],[7.28217,48.70359],[7.2716,48.69271],[7.27059,48.66249]],[[7.28688,48.73134],[7.29868,48.72827],[7.30679,48.72093],[7.32756,48.72628],[7.34927,48.72267]],[[7.35961,48.70766],[7.33363,48.70524],[7.32929,48.69187],[7.32124,48.6842]],[[7.43323,48.77601],[7.43225,48.78288],[7.41407,48.7892]],[[7.41407,48.7892],[7.42189,48.80025]],[[7.42189,48.80025],[7.43663,48.79684],[7.44196,48.78439],[7.45107,48.78412]],[[7.45107,48.78412],[7.45939,48.78419]],[[7.31315,48.66113],[7.31451,48.67004],[7.33955,48.67437]],[[7.33955,48.67437],[7.34119,48.67144]],[[7.44954,48.6983],[7.46295,48.69232]],[[7.43016,48.68868],[7.42814,48.69465],[7.43462,48.70414]],[[7.43462,48.70414],[7.44954,48.6983]],[[7.49604,48.69551],[7.51839,48.69251]],[[7.51839,48.69251],[7.51906,48.68406]],[[7.51906,48.68406],[7.49156,48.68614]],[[7.48525,48.68938],[7.48853,48.69816]],[[7.39608,48.69338],[7.39188,48.69956],[7.40197,48.70515]],[[7.40197,48.70515],[7.43326,48.70686]],[[7.43326,48.70686],[7.43462,48.70414]],[[7.42836,48.68689],[7.39838,48.68999],[7.39608,48.69338]],[[7.48017,48.7479],[7.50102,48.74303],[7.5106,48.74402]],[[7.5106,48.74402],[7.50685,48.73752]],[[7.45374,48.7329],[7.44867,48.73549],[7.45207,48.74681]],[[7.44954,48.6983],[7.47146,48.70393]],[[7.33955,48.67437],[7.33445,48.68372]],[[7.33445,48.68372],[7.34265,48.69219],[7.35839,48.70028],[7.36101,48.70737]],[[7.36632,48.71823],[7.38085,48.71252],[7.39241,48.71364]],[[7.39241,48.71364],[7.3993,48.71501],[7.40197,48.70515]],[[7.39608,48.69338],[7.38868,48.67884]],[[7.37364,48.76507],[7.38652,48.76825]],[[7.38652,48.76825],[7.38751,48.75996],[7.40726,48.74101]],[[7.40726,48.74101],[7.39019,48.73682],[7.3741,48.74943],[7.37311,48.75578],[7.36343,48.75697]],[[7.36287,48.75681],[7.36163,48.75263],[7.33913,48.75043],[7.31983,48.76552]],[[7.39516,48.72691],[7.3881,48.71807],[7.39241,48.71364]],[[7.36144,48.72363],[7.36257,48.72828],[7.37971,48.73231],[7.39516,48.72691]],[[7.25341,48.8664],[7.24479,48.86772],[7.23376,48.85693],[7.23349,48.85013]],[[7.23349,48.85013],[7.213,48.8534]],[[7.24124,48.8767],[7.25341,48.8664]],[[7.45107,48.78412],[7.45433,48.78982],[7.47303,48.79268],[7.46448,48.79704],[7.48002,48.80421],[7.48714,48.80313]],[[7.32124,48.6842],[7.33445,48.68372]],[[7.31315,48.66113],[7.30435,48.6602]],[[7.42616,48.676],[7.41077,48.67313],[7.39638,48.67431]],[[7.50975,48.72473],[7.51492,48.72849],[7.52489,48.72221]],[[7.52734,48.69806],[7.51839,48.69251]],[[7.34092,48.79773],[7.34473,48.7983]],[[7.39022,48.77092],[7.38652,48.76825]],[[7.40726,48.74101],[7.41458,48.74131],[7.42014,48.73097]],[[7.41583,48.72292],[7.39516,48.72691]],[[7.43232,48.71022],[7.43326,48.70686]],[[7.18545,48.85032],[7.19471,48.85492]],[[7.23349,48.85013],[7.22768,48.84791]],[[7.22768,48.84791],[7.20923,48.84386],[7.21775,48.82811]],[[7.43734,48.74467],[7.40726,48.74101]],[[7.40052,48.78917],[7.41407,48.7892]],[[7.12511,48.90403],[7.14286,48.90058],[7.16533,48.91081]],[[7.16533,48.91081],[7.16776,48.90151]],[[7.16776,48.90151],[7.16141,48.88457]],[[7.16141,48.88457],[7.13996,48.87827]],[[7.11505,48.88422],[7.13145,48.89218],[7.12511,48.90403]],[[7.67181,48.73434],[7.66249,48.73645]],[[7.66981,48.74474],[7.68713,48.74297]],[[7.68713,48.74297],[7.688,48.7372],[7.67181,48.73434]],[[7.1917,48.89883],[7.18529,48.8949]],[[7.18529,48.8949],[7.16776,48.90151]],[[7.16533,48.91081],[7.1817,48.91543]],[[7.66924,48.76555],[7.68683,48.77373]],[[7.68683,48.77373],[7.69762,48.77204],[7.70459,48.76523]],[[7.70459,48.76523],[7.69964,48.76041]],[[7.69964,48.76041],[7.67237,48.75855]],[[7.5178,48.5115],[7.51496,48.53127]],[[7.51496,48.53127],[7.53337,48.54116]],[[7.53337,48.54116],[7.56656,48.54436]],[[7.56656,48.54436],[7.56633,48.53892],[7.55254,48.53821],[7.55457,48.51215],[7.55835,48.50429]],[[7.55835,48.50429],[7.55339,48.50372]],[[7.68683,48.77373],[7.68498,48.78315]],[[7.71837,48.80552],[7.73627,48.80196]],[[7.73627,48.80196],[7.71697,48.78624],[7.72493,48.7805]],[[7.72493,48.7805],[7.72886,48.77828],[7.71804,48.76919]],[[7.71804,48.76919],[7.70459,48.76523]],[[7.69964,48.76041],[7.70372,48.75396]],[[7.70372,48.75396],[7.69494,48.75225],[7.68713,48.74297]],[[7.6151,48.8702],[7.62354,48.87315]],[[7.62354,48.87315],[7.62391,48.86885],[7.63763,48.86686],[7.64082,48.86094]],[[7.64082,48.86094],[7.63803,48.85709]],[[7.67324,48.73354],[7.67181,48.73434]],[[7.70372,48.75396],[7.71554,48.74853],[7.7209,48.75193]],[[7.7209,48.75193],[7.73211,48.74545],[7.74766,48.75179]],[[7.74766,48.75179],[7.75748,48.74363]],[[7.75748,48.74363],[7.74837,48.73818],[7.74075,48.72705],[7.74123,48.71509],[7.7568,48.71425],[7.74718,48.68645]],[[7.74718,48.68645],[7.71929,48.68614]],[[7.69053,48.69666],[7.67681,48.70957]],[[7.21938,48.89922],[7.23561,48.89095]],[[7.19038,48.88329],[7.18529,48.8949]],[[7.66689,48.7671],[7.67281,48.78448]],[[7.15603,48.94035],[7.16735,48.94649],[7.16282,48.96381]],[[7.16282,48.96381],[7.16569,48.97508]],[[7.16674,48.94017],[7.15603,48.94035]],[[7.32685,48.94337],[7.31729,48.93604],[7.32144,48.92694]],[[7.32144,48.92694],[7.28644,48.92373]],[[7.17724,48.8777],[7.16561,48.87525]],[[7.16561,48.87525],[7.16141,48.88457]],[[7.24988,48.83404],[7.2581,48.82217]],[[7.22768,48.84791],[7.23155,48.84004],[7.23935,48.85002],[7.24611,48.84658],[7.24542,48.83325],[7.24988,48.83404]],[[7.66078,48.84783],[7.67059,48.84741],[7.71078,48.83553]],[[7.71078,48.83553],[7.70936,48.8333]],[[7.14168,48.93415],[7.12213,48.94205]],[[7.12213,48.94205],[7.12081,48.95247]],[[7.12081,48.95247],[7.14038,48.9511],[7.14956,48.95891],[7.16282,48.96381]],[[7.15603,48.94035],[7.14168,48.93415]],[[7.60585,48.88785],[7.62878,48.89594]],[[7.62878,48.89594],[7.62915,48.89511]],[[7.62915,48.89511],[7.63181,48.8879],[7.62354,48.87315]],[[7.71302,48.83241],[7.71814,48.80656]],[[7.66182,48.79635],[7.65703,48.79913]],[[7.71804,48.76919],[7.71974,48.76591]],[[7.71974,48.76591],[7.7209,48.75193]],[[7.57708,48.79167],[7.58099,48.786]],[[7.58099,48.786],[7.57735,48.78057],[7.58465,48.77348]],[[7.5591,48.77173],[7.55955,48.77676],[7.5463,48.78358]],[[7.72846,48.88405],[7.75247,48.88233]],[[7.75247,48.88233],[7.75889,48.8786]],[[7.75889,48.8786],[7.74592,48.86682],[7.71967,48.87117]],[[7.71967,48.87117],[7.72846,48.88405]],[[7.70502,48.88656],[7.69727,48.89076]],[[7.69727,48.89076],[7.69976,48.89551],[7.69038,48.901],[7.69929,48.9064],[7.72058,48.90651]],[[7.72058,48.90651],[7.7263,48.88939]],[[7.7263,48.88939],[7.70716,48.88047]],[[7.70716,48.88047],[7.70502,48.88656]],[[7.73169,48.92628],[7.7171,48.92236]],[[7.7171,48.92236],[7.70173,48.93396],[7.70189,48.94229]],[[7.70189,48.94229],[7.70066,48.9469],[7.71598,48.95118]],[[7.71598,48.95118],[7.73407,48.95275]],[[7.61437,48.80344],[7.60589,48.8064]],[[7.599,48.82019],[7.61933,48.82516]],[[7.72846,48.88405],[7.7263,48.88939]],[[7.7263,48.88939],[7.74582,48.89599]],[[7.74582,48.89599],[7.74986,48.88719]],[[7.74986,48.88719],[7.75247,48.88233]],[[7.5106,48.74402],[7.52642,48.74355]],[[7.52642,48.74355],[7.53519,48.74422]],[[7.52669,48.80906],[7.54256,48.81251]],[[7.54256,48.81251],[7.5465,48.80119]],[[7.52068,48.79824],[7.52669,48.80906]],[[7.71974,48.76591],[7.74544,48.76398],[7.75634,48.75936]],[[7.75634,48.75936],[7.74766,48.75179]],[[7.71598,48.95118],[7.71262,48.96058],[7.70243,48.96949]],[[7.70243,48.96949],[7.72476,48.98539],[7.71254,49.0004]],[[7.71254,49.0004],[7.72027,49.00567],[7.73166,49.00147],[7.73787,48.98805],[7.74805,48.98663],[7.76124,48.96752]],[[7.71967,48.87117],[7.71301,48.87135],[7.70716,48.88047]],[[7.52642,48.74355],[7.52134,48.75543],[7.50002,48.75908],[7.49808,48.76726]],[[7.51222,48.78059],[7.52085,48.77308]],[[7.52085,48.77308],[7.53109,48.75463]],[[7.72058,48.90651],[7.7171,48.92236]],[[7.7528,48.91798],[7.75395,48.91342]],[[7.75395,48.91342],[7.74906,48.91053],[7.74582,48.89599]],[[7.60025,48.73972],[7.59788,48.73484]],[[7.59335,48.75064],[7.60025,48.73972]],[[7.73223,49.04436],[7.72811,49.03933],[7.73345,49.02861],[7.72695,49.02247],[7.68716,49.02024]],[[7.69708,49.04975],[7.69519,49.05746],[7.72275,49.0513],[7.73182,49.05561],[7.73223,49.04436]],[[7.52085,48.77308],[7.5365,48.77488],[7.54389,48.77038]],[[7.62509,48.75435],[7.61269,48.7534],[7.61288,48.74576],[7.60025,48.73972]],[[7.58099,48.786],[7.60646,48.78113]],[[7.60646,48.78113],[7.62306,48.77107]],[[7.64627,48.74592],[7.64058,48.73834],[7.60183,48.73479],[7.59821,48.73148]],[[7.64972,48.7069],[7.63679,48.69908]],[[7.63679,48.69908],[7.61922,48.69959],[7.60098,48.70359]],[[7.60098,48.70359],[7.59944,48.71091],[7.58603,48.70973],[7.5814,48.71626],[7.56592,48.71648]],[[7.63421,48.77089],[7.64074,48.77769],[7.63969,48.78756]],[[7.6172,48.80196],[7.60646,48.78113]],[[7.59267,48.69641],[7.60098,48.70359]],[[7.63679,48.69908],[7.64979,48.68869],[7.66191,48.68944]],[[7.66191,48.68944],[7.66852,48.68633]],[[7.68744,48.67106],[7.68831,48.66905]],[[7.68831,48.66905],[7.67299,48.66454]],[[7.67299,48.66454],[7.64279,48.67167],[7.62939,48.66725],[7.61221,48.66828],[7.6046,48.67552],[7.59293,48.67566],[7.58592,48.66921]],[[7.58592,48.66921],[7.58218,48.67313]],[[7.54754,48.69524],[7.55317,48.70548]],[[7.16561,48.87525],[7.14426,48.87195]],[[7.14013,48.92539],[7.14168,48.93415]],[[7.16533,48.91081],[7.14674,48.91795],[7.14013,48.92539]],[[7.66335,48.70125],[7.66191,48.68944]],[[7.54483,48.68946],[7.5336,48.68366],[7.51906,48.68406]],[[7.12511,48.90403],[7.11722,48.91444]],[[7.11722,48.91444],[7.14013,48.92539]],[[7.12993,48.85008],[7.13607,48.85717]],[[7.47276,48.18223],[7.50112,48.17526],[7.52708,48.166]],[[7.52708,48.166],[7.52033,48.1495]],[[7.52033,48.1495],[7.51253,48.15232],[7.47562,48.15696],[7.47014,48.16017]],[[7.47014,48.16017],[7.47276,48.18223]],[[7.61162,48.16742],[7.59436,48.17734],[7.57654,48.17036],[7.53441,48.17942]],[[7.53441,48.17942],[7.53685,48.19328]],[[7.53685,48.19328],[7.55502,48.19495]],[[7.55502,48.19495],[7.57324,48.1845],[7.58572,48.18322],[7.60591,48.19169],[7.6213,48.18793],[7.63339,48.19631]],[[7.63339,48.19631],[7.63713,48.19587]],[[7.63713,48.19587],[7.62947,48.18337],[7.61162,48.16742]],[[7.47276,48.18223],[7.47354,48.19774]],[[7.47354,48.19774],[7.47694,48.20354]],[[7.47694,48.20354],[7.48112,48.20826]],[[7.48112,48.20826],[7.50572,48.19601],[7.52953,48.19014],[7.53266,48.19653]],[[7.53266,48.19653],[7.53685,48.19328]],[[7.53441,48.17942],[7.52708,48.166]],[[7.54256,48.81251],[7.54254,48.82729]],[[7.54254,48.82729],[7.54499,48.82575]],[[7.54499,48.82575],[7.54898,48.81771],[7.56985,48.81487]],[[7.51179,48.89179],[7.53759,48.89788]],[[7.53759,48.89788],[7.54625,48.89324],[7.55313,48.89685]],[[7.55313,48.89685],[7.55567,48.89498],[7.53493,48.88366]],[[7.53493,48.88366],[7.51742,48.88685]],[[7.51742,48.88685],[7.51179,48.89179]],[[7.55502,48.19495],[7.5742,48.20352]],[[7.5742,48.20352],[7.59141,48.19412],[7.6113,48.19771],[7.63339,48.19631]],[[7.49224,48.80529],[7.50396,48.81589]],[[7.50396,48.81589],[7.52669,48.80906]],[[7.42067,48.81368],[7.44189,48.82031],[7.42873,48.84425]],[[7.42873,48.84425],[7.43162,48.84317]],[[7.43162,48.84317],[7.45292,48.83649],[7.46231,48.83891]],[[7.46231,48.83891],[7.4856,48.84221]],[[7.4856,48.84221],[7.49814,48.84144],[7.50835,48.83448]],[[7.50835,48.83448],[7.51015,48.82944]],[[7.51015,48.82944],[7.51172,48.81833],[7.50396,48.81589]],[[7.42189,48.80025],[7.43048,48.80807],[7.42067,48.81368]],[[7.55059,48.82517],[7.57174,48.82893]],[[7.54499,48.82575],[7.55059,48.82517]],[[7.68383,49.01977],[7.69512,49.01266]],[[7.69512,49.01266],[7.67409,49.00575],[7.66771,48.99618],[7.67141,48.99106]],[[7.67141,48.99106],[7.66155,48.98015],[7.64547,48.98175],[7.62993,48.98684],[7.59233,48.98484]],[[7.34892,48.79917],[7.33605,48.81591],[7.35142,48.83118],[7.3537,48.84365],[7.37148,48.84264],[7.37939,48.83792],[7.37244,48.82921],[7.37854,48.8248],[7.37492,48.8173],[7.38109,48.80346],[7.3884,48.80552],[7.39733,48.81621],[7.4177,48.81652],[7.42067,48.81368]],[[7.3691,48.89804],[7.38699,48.90586]],[[7.38699,48.90586],[7.39947,48.89625]],[[7.39947,48.89625],[7.39022,48.89797],[7.37223,48.89511],[7.36965,48.88711],[7.38448,48.88051],[7.37662,48.87715],[7.38192,48.86872]],[[7.38192,48.86872],[7.364,48.86843],[7.36339,48.87193],[7.34395,48.87293],[7.32414,48.86752],[7.31634,48.86882],[7.33022,48.88316],[7.32609,48.88957]],[[7.32609,48.88957],[7.354,48.88974],[7.3691,48.89804]],[[7.26289,48.81864],[7.27907,48.82091],[7.27994,48.83664],[7.27647,48.84355]],[[7.27647,48.84355],[7.293,48.84634],[7.29595,48.85537]],[[7.29595,48.85537],[7.30761,48.8533],[7.31389,48.84161]],[[7.31389,48.84161],[7.30375,48.827],[7.30278,48.80618],[7.30983,48.79942]],[[7.27015,48.80251],[7.27153,48.8111],[7.26289,48.81864]],[[7.29016,48.91577],[7.28316,48.90243]],[[7.28316,48.90243],[7.26622,48.9041]],[[7.26622,48.9041],[7.27174,48.91342]],[[7.28723,48.92131],[7.29016,48.91577]],[[7.61541,48.9097],[7.61772,48.91547],[7.63089,48.9177]],[[7.63089,48.9177],[7.64068,48.90561]],[[7.64068,48.90561],[7.64557,48.89944]],[[7.64557,48.89944],[7.63499,48.90156],[7.62878,48.89594]],[[7.60462,48.90661],[7.61541,48.9097]],[[7.64068,48.90561],[7.65659,48.91103],[7.65799,48.91657],[7.69343,48.92488],[7.69477,48.93478],[7.70189,48.94229]],[[7.69727,48.89076],[7.6684,48.87985]],[[7.6684,48.87985],[7.66328,48.88504]],[[7.66328,48.88504],[7.65628,48.89426],[7.64557,48.89944]],[[7.49795,48.21428],[7.53672,48.2055]],[[7.53672,48.2055],[7.53266,48.19653]],[[7.48112,48.20826],[7.48715,48.2148],[7.49795,48.21428]],[[7.29016,48.91577],[7.31285,48.89789]],[[7.31285,48.89789],[7.31484,48.89334]],[[7.31484,48.89334],[7.28918,48.89356]],[[7.28918,48.89356],[7.28316,48.90243]],[[7.45866,48.86575],[7.46417,48.8669],[7.45114,48.88353]],[[7.45114,48.88353],[7.43562,48.8835],[7.41054,48.89611]],[[7.41054,48.89611],[7.43678,48.90288],[7.44564,48.90113]],[[7.44564,48.90113],[7.45265,48.89685],[7.47226,48.90471],[7.48663,48.90344]],[[7.48663,48.90344],[7.48342,48.89786],[7.49608,48.89267],[7.50602,48.89625],[7.51179,48.89179]],[[7.51742,48.88685],[7.50541,48.87847]],[[7.50541,48.87847],[7.48853,48.87179],[7.48331,48.86217]],[[7.48331,48.86217],[7.46417,48.86019]],[[7.46417,48.86019],[7.45866,48.86575]],[[7.51015,48.82944],[7.51963,48.828],[7.53933,48.8324],[7.54254,48.82729]],[[7.51319,48.94324],[7.50284,48.93051],[7.51333,48.92359]],[[7.51333,48.92359],[7.49525,48.91746],[7.48988,48.91244],[7.503,48.90914],[7.48663,48.90344]],[[7.44564,48.90113],[7.4637,48.91776],[7.45948,48.92525]],[[7.45948,48.92525],[7.4896,48.93485],[7.48702,48.95006]],[[7.25341,48.8664],[7.29387,48.86461]],[[7.29387,48.86461],[7.29595,48.85537]],[[7.27647,48.84355],[7.26643,48.85009],[7.25155,48.84084],[7.24988,48.83404]],[[7.61162,48.16742],[7.59945,48.15552],[7.60061,48.13885],[7.59707,48.13315],[7.57731,48.12037]],[[7.57731,48.12037],[7.55287,48.12183],[7.51859,48.12776]],[[7.51859,48.12776],[7.51535,48.13313]],[[7.51535,48.13313],[7.52033,48.1495]],[[7.50541,48.87847],[7.51411,48.85771],[7.51146,48.85636]],[[7.51146,48.85636],[7.50434,48.8517]],[[7.50434,48.8517],[7.48452,48.85615]],[[7.48452,48.85615],[7.48331,48.86217]],[[7.66812,48.86497],[7.67326,48.86718],[7.6684,48.87985]],[[7.70502,48.88656],[7.68788,48.88488],[7.69051,48.87571],[7.70596,48.88079],[7.69247,48.87048],[7.70459,48.85796],[7.69021,48.84943],[7.67257,48.85572],[7.66812,48.86497]],[[7.62915,48.89511],[7.64792,48.88703],[7.66328,48.88504]],[[7.66812,48.86497],[7.64082,48.86094]],[[7.55313,48.89685],[7.56812,48.89112],[7.57651,48.89425]],[[7.54543,48.87692],[7.53493,48.88366]],[[7.31389,48.84161],[7.32402,48.83982],[7.33874,48.84958],[7.37517,48.8515]],[[7.37517,48.8515],[7.39367,48.84995],[7.41354,48.84199],[7.42873,48.84425]],[[7.63089,48.9177],[7.63689,48.92644],[7.62721,48.93189],[7.62903,48.9419],[7.62402,48.95462],[7.61549,48.951],[7.59894,48.95754],[7.59816,48.96348],[7.58356,48.96604]],[[7.67141,48.99106],[7.68297,48.98456],[7.68403,48.97662],[7.69548,48.96671]],[[7.69548,48.96671],[7.69942,48.96372],[7.68744,48.95559],[7.67039,48.95548],[7.66922,48.95027],[7.64093,48.93671],[7.64984,48.92354],[7.63089,48.9177]],[[7.48452,48.85615],[7.48024,48.85451],[7.4856,48.84221]],[[7.46231,48.83891],[7.45748,48.84169],[7.45969,48.85859],[7.46417,48.86019]],[[7.61541,48.9097],[7.57792,48.92366],[7.55938,48.93399]],[[7.55938,48.93399],[7.55685,48.93632]],[[7.50835,48.83448],[7.51341,48.83858],[7.50434,48.8517]],[[7.51146,48.85636],[7.53192,48.85352],[7.52982,48.8615],[7.54509,48.87176]],[[7.58031,48.84818],[7.56228,48.8469],[7.54954,48.83681],[7.55059,48.82517]],[[7.43162,48.84317],[7.43705,48.85419],[7.43255,48.86088]],[[7.43255,48.86088],[7.45866,48.86575]],[[7.53759,48.89788],[7.53426,48.90861],[7.52847,48.90884],[7.51333,48.92359]],[[7.55938,48.93399],[7.54811,48.9234],[7.55847,48.91711],[7.57447,48.91445],[7.57886,48.90217]],[[7.25078,48.88819],[7.26556,48.88493],[7.28683,48.89163]],[[7.28683,48.89163],[7.29856,48.88117],[7.29387,48.86461]],[[7.28683,48.89163],[7.28918,48.89356]],[[7.31484,48.89334],[7.32609,48.88957]],[[7.38192,48.86872],[7.36998,48.86213],[7.37444,48.85233]],[[7.37444,48.85233],[7.37517,48.8515]],[[7.32144,48.92694],[7.31823,48.91744],[7.32432,48.91343]],[[7.32432,48.91343],[7.31613,48.90739],[7.31285,48.89789]],[[7.69548,48.96671],[7.70243,48.96949]],[[7.45948,48.92525],[7.45992,48.93357],[7.45075,48.93618],[7.4195,48.93564],[7.39231,48.95271]],[[7.35512,48.95444],[7.35846,48.95357],[7.34447,48.93909],[7.35656,48.92688],[7.34566,48.92237],[7.34436,48.91481]],[[7.34436,48.91481],[7.32432,48.91343]],[[7.39947,48.89625],[7.41054,48.89611]],[[7.45114,48.88353],[7.41806,48.87522],[7.41923,48.8663],[7.40839,48.86642]],[[7.40839,48.86642],[7.38796,48.86319],[7.37444,48.85233]],[[7.24969,48.89291],[7.24854,48.90005],[7.26244,48.89814],[7.26622,48.9041]],[[7.43255,48.86088],[7.40839,48.86642]],[[7.38699,48.90586],[7.41084,48.91357],[7.39299,48.91641],[7.39408,48.92177],[7.38595,48.9439],[7.37725,48.94386],[7.37992,48.95119]],[[7.69512,49.01266],[7.70917,49.00617],[7.71254,49.0004]],[[7.3691,48.89804],[7.34294,48.90881],[7.34436,48.91481]],[[7.49209,48.40884],[7.4925,48.4035],[7.48089,48.39866]],[[7.48089,48.39866],[7.46932,48.40072],[7.46039,48.41266]],[[7.46039,48.41266],[7.46229,48.4246]],[[7.46229,48.4246],[7.48463,48.41927],[7.49209,48.40884]],[[7.77807,48.62654],[7.76767,48.61654]],[[7.76767,48.61654],[7.75966,48.61859],[7.71774,48.62]],[[7.71774,48.62],[7.72089,48.62287]],[[7.72089,48.62287],[7.75478,48.6281]],[[7.75478,48.6281],[7.75847,48.6315]],[[7.75847,48.6315],[7.78001,48.63872]],[[7.78001,48.63872],[7.78085,48.63895]],[[7.78085,48.63895],[7.76281,48.62944],[7.77807,48.62654]],[[7.15525,48.40356],[7.15904,48.40682]],[[7.15904,48.40682],[7.1779,48.41921]],[[7.1779,48.41921],[7.18398,48.4094]],[[7.18398,48.4094],[7.1876,48.39983]],[[7.1876,48.39983],[7.15525,48.40356]],[[7.10514,48.88062],[7.09391,48.8925]],[[7.09391,48.8925],[7.10403,48.90469],[7.10547,48.91386],[7.11375,48.91566]],[[7.11375,48.91566],[7.11722,48.91444]],[[8.0124,48.92971],[7.99375,48.91242]],[[7.99375,48.91242],[7.98056,48.9128]],[[7.98056,48.9128],[7.99003,48.93101]],[[7.99003,48.93101],[7.99843,48.93631]],[[7.99843,48.93631],[8.01272,48.93541],[8.0124,48.92971]],[[7.95394,48.9446],[7.96151,48.94986]],[[7.96151,48.94986],[7.97723,48.94904],[8.00313,48.94081]],[[8.00313,48.94081],[7.99843,48.93631]],[[7.99003,48.93101],[7.98434,48.93055],[7.96377,48.94195]],[[7.96377,48.94195],[7.95394,48.9446]],[[8.10097,48.82875],[8.09457,48.8359],[8.07901,48.83786],[8.05866,48.8521]],[[8.05866,48.8521],[8.06829,48.8591],[8.0614,48.86761]],[[8.0614,48.86761],[8.07349,48.87483]],[[8.07349,48.87483],[8.08312,48.86837],[8.09622,48.87365],[8.11302,48.87235],[8.12144,48.86494]],[[8.12144,48.86494],[8.10877,48.83699],[8.1073,48.82841]],[[8.1073,48.82841],[8.10097,48.82875]],[[7.7854,48.89528],[7.76964,48.90753]],[[7.76964,48.90753],[7.79985,48.90352]],[[7.79985,48.90352],[7.80676,48.90228]],[[7.80676,48.90228],[7.80093,48.89034]],[[7.80093,48.89034],[7.7854,48.89528]],[[7.77073,48.71205],[7.78254,48.73272],[7.78955,48.73338]],[[7.78955,48.73338],[7.79213,48.73023]],[[7.79213,48.73023],[7.78707,48.71579],[7.79236,48.71125]],[[7.79236,48.71125],[7.77073,48.71205]],[[7.90032,48.75888],[7.89344,48.74697],[7.88595,48.74224]],[[7.88595,48.74224],[7.86206,48.73135]],[[7.86206,48.73135],[7.85683,48.73645],[7.8444,48.73427],[7.84534,48.74611],[7.83708,48.75341],[7.84664,48.75966],[7.82844,48.76712],[7.82604,48.77451]],[[7.82604,48.77451],[7.83051,48.77919]],[[7.83051,48.77919],[7.83892,48.78601],[7.8547,48.78316]],[[7.8547,48.78316],[7.86836,48.77028],[7.88489,48.7615],[7.90032,48.75888]],[[8.02542,48.90654],[7.99375,48.91242]],[[8.0124,48.92971],[8.02732,48.92501]],[[8.02732,48.92501],[8.03069,48.91988]],[[8.03069,48.91988],[8.03364,48.91571],[8.02542,48.90654]],[[7.84982,48.98772],[7.84511,48.9921]],[[7.84511,48.9921],[7.85352,49.00296],[7.86017,49.00242],[7.86938,49.01423]],[[7.86938,49.01423],[7.88353,49.00971],[7.89267,49.01179]],[[7.89267,49.01179],[7.90034,49.00389]],[[7.90034,49.00389],[7.90618,48.99361]],[[7.90618,48.99361],[7.9194,48.98813]],[[7.9194,48.98813],[7.92823,48.98071]],[[7.92823,48.98071],[7.90587,48.9804],[7.9086,48.97184]],[[7.9086,48.97184],[7.9032,48.98171],[7.87887,48.98465],[7.88577,48.99486],[7.86084,48.99309],[7.84982,48.98772]],[[7.85549,49.03542],[7.86741,49.03348]],[[7.86741,49.03348],[7.85872,49.01772],[7.86938,49.01423]],[[7.84511,48.9921],[7.84201,48.99621]],[[7.84201,48.99621],[7.83382,48.99996],[7.83869,49.00652],[7.83374,49.01987]],[[7.83374,49.01987],[7.83988,49.02891],[7.85549,49.03542]],[[8.04125,48.92557],[8.03069,48.91988]],[[8.02732,48.92501],[8.0296,48.93476]],[[8.0296,48.93476],[8.04335,48.943]],[[8.04335,48.943],[8.05053,48.94107],[8.04623,48.93145]],[[8.04623,48.93145],[8.04125,48.92557]],[[7.96087,48.7791],[7.98796,48.7791],[8.00094,48.78409]],[[8.00094,48.78409],[8.00941,48.78534]],[[8.00941,48.78534],[8.00805,48.77446],[8.01748,48.76275]],[[8.01748,48.76275],[8.00975,48.75949],[7.98299,48.76109]],[[7.98299,48.76109],[7.96087,48.7791]],[[7.78992,48.92334],[7.77383,48.9332]],[[7.77383,48.9332],[7.7835,48.94464]],[[7.7835,48.94464],[7.80179,48.92857],[7.82083,48.92568]],[[7.82083,48.92568],[7.81716,48.91842]],[[7.81716,48.91842],[7.80045,48.92324]],[[7.80045,48.92324],[7.78992,48.92334]],[[7.89707,48.96916],[7.86799,48.97435],[7.86364,48.97218]],[[7.86364,48.97218],[7.84982,48.98772]],[[7.9086,48.97184],[7.91045,48.9694]],[[7.91045,48.9694],[7.89707,48.96916]],[[7.9677,48.72979],[7.96113,48.73728],[7.94993,48.73527]],[[7.94993,48.73527],[7.95181,48.74347],[7.94419,48.74357],[7.92077,48.75189]],[[7.92077,48.75189],[7.90478,48.76066]],[[7.90478,48.76066],[7.90852,48.76719],[7.92573,48.77994]],[[7.92573,48.77994],[7.9283,48.77876]],[[7.9283,48.77876],[7.95738,48.7832]],[[7.95738,48.7832],[7.96087,48.7791]],[[7.98299,48.76109],[7.96972,48.75544],[7.9677,48.72979]],[[7.75395,48.91342],[7.76964,48.90753]],[[7.7854,48.89528],[7.78,48.88783],[7.76507,48.89255],[7.74986,48.88719]],[[8.04623,48.93145],[8.06338,48.93305],[8.06452,48.93703],[8.08145,48.9374]],[[8.08145,48.9374],[8.08653,48.93335],[8.08054,48.92188]],[[8.08054,48.92188],[8.07018,48.91934],[8.04125,48.92557]],[[8.05866,48.8521],[8.05145,48.85242]],[[8.05145,48.85242],[8.02309,48.86186]],[[8.02309,48.86186],[8.02609,48.86369]],[[8.02609,48.86369],[8.02723,48.86404]],[[8.02723,48.86404],[8.03677,48.86906],[8.04136,48.87745]],[[8.04136,48.87745],[8.0614,48.86761]],[[8.00941,48.78534],[8.01791,48.79092],[8.04299,48.7943],[8.03822,48.80275]],[[8.03822,48.80275],[8.0374,48.80458]],[[8.0374,48.80458],[8.05319,48.80759],[8.06622,48.81933],[8.06705,48.82476]],[[8.06705,48.82476],[8.06746,48.82946],[8.08185,48.82756]],[[8.08185,48.82756],[8.07395,48.82413],[8.08988,48.8172],[8.08215,48.81128],[8.08702,48.80201]],[[8.08702,48.80201],[8.07711,48.7953],[8.05894,48.78881],[8.04326,48.79073],[8.02913,48.78648],[8.02283,48.76836],[8.01748,48.76275]],[[7.87244,48.67541],[7.87103,48.67859],[7.84018,48.69889]],[[7.84018,48.69889],[7.85833,48.71189],[7.86808,48.71462]],[[7.86808,48.71462],[7.87379,48.7101],[7.91113,48.70476],[7.9149,48.69476],[7.9246,48.69053]],[[7.9246,48.69053],[7.89625,48.66721]],[[7.89625,48.66721],[7.88692,48.67579],[7.87244,48.67541]],[[7.77073,48.71205],[7.75921,48.71505],[7.76425,48.70767],[7.75836,48.69921],[7.76253,48.69182],[7.75246,48.69251],[7.76173,48.68264],[7.76437,48.66893]],[[7.76437,48.66893],[7.7456,48.67332],[7.74718,48.68645]],[[7.75748,48.74363],[7.7694,48.744],[7.77387,48.73697],[7.78685,48.73738]],[[7.78685,48.73738],[7.78955,48.73338]],[[7.77383,48.9332],[7.75208,48.93094]],[[7.76124,48.96752],[7.77129,48.98061],[7.77156,48.98709],[7.78253,48.98878],[7.80159,48.97268]],[[7.80159,48.97268],[7.78931,48.96998],[7.7956,48.96373],[7.79236,48.95146],[7.7835,48.94464]],[[7.79301,48.74457],[7.80026,48.76199],[7.8137,48.77753]],[[7.8137,48.77753],[7.82604,48.77451]],[[7.86206,48.73135],[7.85842,48.72573],[7.83837,48.73175],[7.82741,48.73182]],[[7.82741,48.73182],[7.81584,48.74525],[7.79301,48.74457]],[[7.75414,48.92333],[7.7687,48.92141],[7.78992,48.92334]],[[7.80045,48.92324],[7.79985,48.90352]],[[7.75889,48.8786],[7.77631,48.88395],[7.80231,48.87563],[7.8119,48.87823],[7.81602,48.88659],[7.80093,48.89034]],[[7.80676,48.90228],[7.83326,48.90322],[7.84441,48.89627],[7.85889,48.89391]],[[7.85889,48.89391],[7.90359,48.88962],[7.95117,48.86594],[7.95938,48.86547]],[[7.95938,48.86547],[7.95619,48.85161],[7.99075,48.8485],[8.00497,48.85757],[8.00897,48.85557],[7.99887,48.84489],[7.99701,48.83579]],[[7.99701,48.83579],[7.99008,48.83185]],[[7.99008,48.83185],[7.96067,48.83763],[7.95272,48.83428],[7.95331,48.82379],[7.94228,48.81635],[7.9367,48.80525]],[[7.9367,48.80525],[7.93195,48.80757]],[[7.93195,48.80757],[7.93345,48.81138],[7.91535,48.80536]],[[7.91535,48.80536],[7.89301,48.80374],[7.87961,48.79668]],[[7.87961,48.79668],[7.84616,48.79219]],[[7.84616,48.79219],[7.84021,48.7999],[7.81875,48.79308],[7.81775,48.78477],[7.83051,48.77919]],[[7.8137,48.77753],[7.79385,48.77833],[7.7946,48.78381],[7.75497,48.78385]],[[7.75497,48.78385],[7.72493,48.7805]],[[7.73627,48.80196],[7.76916,48.80765],[7.76579,48.81855],[7.75334,48.82085],[7.75692,48.82726],[7.73887,48.83722],[7.73635,48.82677],[7.71078,48.83553]],[[8.02542,48.90654],[8.0408,48.9006]],[[8.0408,48.9006],[8.04389,48.89414],[8.04136,48.87745]],[[8.02723,48.86404],[8.0172,48.87545],[7.98009,48.89064],[7.97227,48.88864],[7.96429,48.89539],[7.96453,48.91441],[7.97099,48.91521]],[[7.97099,48.91521],[7.98056,48.9128]],[[7.8842,48.74002],[7.89492,48.74292],[7.90373,48.73981],[7.91608,48.75215],[7.92077,48.75189]],[[7.94993,48.73527],[7.93979,48.73545],[7.93239,48.7217],[7.89346,48.71536],[7.87054,48.71698]],[[7.87054,48.71698],[7.87716,48.72694],[7.87411,48.73258],[7.8842,48.74002]],[[7.81783,48.68742],[7.79713,48.66962]],[[7.79713,48.66962],[7.76437,48.66893]],[[7.79236,48.71125],[7.80681,48.70622],[7.81839,48.68978]],[[7.81839,48.68978],[7.81783,48.68742]],[[7.89204,48.94514],[7.90264,48.94688]],[[7.90264,48.94688],[7.90615,48.94152],[7.93195,48.93846],[7.93718,48.94605]],[[7.93718,48.94605],[7.95394,48.9446]],[[7.96377,48.94195],[7.96033,48.93333],[7.94856,48.93171],[7.96104,48.92054]],[[7.96104,48.92054],[7.93621,48.91381]],[[7.93621,48.91381],[7.92671,48.92113]],[[7.92671,48.92113],[7.93119,48.92872],[7.89186,48.93325],[7.89204,48.94514]],[[7.90022,48.96432],[7.89707,48.96916]],[[7.91045,48.9694],[7.9162,48.96991],[7.93148,48.95923],[7.95251,48.96649]],[[7.95251,48.96649],[7.95968,48.96321],[7.96151,48.94986]],[[7.93718,48.94605],[7.93463,48.95673],[7.91235,48.95719],[7.90022,48.96432]],[[7.92823,48.98071],[7.95238,48.96825]],[[7.95238,48.96825],[7.95251,48.96649]],[[7.84616,48.79219],[7.8547,48.78316]],[[8.05145,48.85242],[8.04375,48.84663]],[[8.04375,48.84663],[8.02578,48.84774],[8.01726,48.85218],[8.02309,48.86186]],[[7.90022,48.96432],[7.89585,48.95889]],[[7.89585,48.95889],[7.88364,48.9606]],[[7.88364,48.9606],[7.86805,48.96754]],[[7.86805,48.96754],[7.86364,48.97218]],[[8.04289,48.89735],[8.05768,48.89809],[8.0836,48.89467],[8.07183,48.88273],[8.07349,48.87483]],[[8.0408,48.9006],[8.04289,48.89735]],[[7.87244,48.67541],[7.86438,48.67499],[7.85472,48.66595],[7.84293,48.675],[7.81783,48.68742]],[[7.81839,48.68978],[7.84018,48.69889]],[[7.78685,48.73738],[7.79301,48.74457]],[[7.82741,48.73182],[7.79213,48.73023]],[[7.85796,48.95194],[7.86882,48.93626],[7.8586,48.9276],[7.85768,48.91985]],[[7.85768,48.91985],[7.84208,48.91988]],[[7.84208,48.91988],[7.8358,48.93051],[7.83653,48.94012],[7.83078,48.94274]],[[7.83078,48.94274],[7.84046,48.95526],[7.83604,48.96044]],[[7.83604,48.96044],[7.85796,48.95194]],[[7.82199,48.97328],[7.83604,48.96044]],[[7.83078,48.94274],[7.82544,48.94195]],[[7.82544,48.94195],[7.82161,48.94881],[7.80648,48.95072],[7.8048,48.97379]],[[7.8048,48.97379],[7.79322,48.9807],[7.81766,48.99116],[7.84201,48.99621]],[[7.84511,48.9921],[7.82199,48.97328]],[[8.15366,48.95962],[8.16385,48.97332],[8.16248,48.97742]],[[8.16248,48.97742],[8.17015,48.97935],[8.19441,48.97743],[8.19857,48.96748],[8.21434,48.97509],[8.22494,48.97542],[8.2304,48.96561],[8.20303,48.95994],[8.18715,48.94506]],[[8.18715,48.94506],[8.16933,48.94548],[8.17316,48.95119],[8.15366,48.95962]],[[7.73223,49.04436],[7.75222,49.04788],[7.7666,49.04648],[7.77839,49.05764]],[[7.77839,49.05764],[7.79107,49.0432],[7.78819,49.02895],[7.79481,49.02305],[7.80505,49.02265],[7.80476,49.01513],[7.83374,49.01987]],[[7.8048,48.97379],[7.80159,48.97268]],[[7.95938,48.86547],[7.96956,48.86295],[7.99284,48.86521],[8.01194,48.86328]],[[8.01194,48.86328],[8.02609,48.86369]],[[8.04375,48.84663],[8.04252,48.83644]],[[8.04252,48.83644],[8.02801,48.84159],[8.00708,48.83244]],[[8.00708,48.83244],[7.99701,48.83579]],[[7.82199,48.97328],[7.82634,48.97055],[7.85699,48.96659],[7.85796,48.95194]],[[7.88364,48.9606],[7.8707,48.95069]],[[7.8707,48.95069],[7.86256,48.95509],[7.86805,48.96754]],[[7.84208,48.91988],[7.82862,48.91575],[7.81716,48.91842]],[[7.82083,48.92568],[7.81536,48.93378],[7.82544,48.94195]],[[8.18715,48.94506],[8.16851,48.92451]],[[8.16851,48.92451],[8.139,48.92862]],[[8.139,48.92862],[8.10683,48.94076]],[[8.10683,48.94076],[8.12528,48.9405],[8.13503,48.94718],[8.15606,48.95431],[8.15371,48.95813]],[[8.15371,48.95813],[8.15366,48.95962]],[[8.14157,48.89606],[8.1241,48.91121],[8.13604,48.92543]],[[8.13604,48.92543],[8.139,48.92862]],[[8.16851,48.92451],[8.14157,48.89606]],[[8.10683,48.94076],[8.08787,48.94722]],[[8.08787,48.94722],[8.09774,48.9574],[8.11634,48.96304],[8.12773,48.95922]],[[8.12773,48.95922],[8.15371,48.95813]],[[8.08185,48.82756],[8.0958,48.82294],[8.10097,48.82875]],[[8.1073,48.82841],[8.10065,48.81525],[8.08702,48.80201]],[[8.08586,48.94764],[8.07875,48.95667]],[[8.07875,48.95667],[8.08574,48.96371],[8.08158,48.96848],[8.08831,48.97822],[8.08358,48.97999],[8.09138,48.98926]],[[8.09138,48.98926],[8.12339,48.9855],[8.13269,48.98118]],[[8.13269,48.98118],[8.13606,48.9686],[8.12773,48.95922]],[[8.08787,48.94722],[8.08586,48.94764]],[[8.08054,48.92188],[8.08228,48.91972]],[[8.08228,48.91972],[8.07323,48.91251],[8.07365,48.90457]],[[8.07365,48.90457],[8.05336,48.90449],[8.04289,48.89735]],[[7.75497,48.78385],[7.76728,48.77592],[7.75634,48.75936]],[[7.85889,48.89391],[7.85518,48.8981],[7.87612,48.91341],[7.86832,48.91897]],[[7.86832,48.91897],[7.88009,48.91723],[7.89093,48.92477],[7.90253,48.91664],[7.91249,48.91569],[7.91933,48.92308],[7.92671,48.92113]],[[7.93621,48.91381],[7.93137,48.90548],[7.93756,48.90212],[7.93145,48.89461],[7.9431,48.88931],[7.95489,48.89017],[8.00162,48.87009],[8.01194,48.86328]],[[7.90034,49.00389],[7.92358,49.02642]],[[7.92358,49.02642],[7.93064,49.0227]],[[7.93064,49.0227],[7.9244,49.01296],[7.90618,48.99361]],[[7.87961,48.79668],[7.89144,48.79813],[7.90598,48.78828],[7.92573,48.77994]],[[7.90478,48.76066],[7.90032,48.75888]],[[8.08586,48.94764],[8.08145,48.9374]],[[8.04335,48.943],[8.06662,48.95838]],[[8.06662,48.95838],[8.07875,48.95667]],[[7.97099,48.91521],[7.96104,48.92054]],[[7.95238,48.96825],[7.95904,48.97937],[7.9684,48.98095]],[[7.9684,48.98095],[7.98438,48.98286],[8.00254,48.97939],[8.00632,48.98665]],[[8.00632,48.98665],[8.02666,48.97108]],[[8.02666,48.97108],[8.01833,48.96648],[8.0233,48.95798]],[[8.0233,48.95798],[8.01068,48.95784],[8.01768,48.94357],[8.00313,48.94081]],[[7.86808,48.71462],[7.87054,48.71698]],[[7.9677,48.72979],[7.96314,48.72135],[7.9246,48.69053]],[[7.78001,48.63872],[7.75166,48.6357],[7.73801,48.64027]],[[7.73801,48.64027],[7.72875,48.64211],[7.7304,48.65226]],[[7.7304,48.65226],[7.74981,48.65557],[7.7609,48.66742],[7.75958,48.65605],[7.78396,48.65081]],[[7.78396,48.65081],[7.78496,48.63988]],[[7.78496,48.63988],[7.78085,48.63895]],[[7.89204,48.94514],[7.87829,48.94148],[7.8707,48.95069]],[[7.89585,48.95889],[7.90264,48.94688]],[[7.9194,48.98813],[7.94951,49.00898]],[[7.94951,49.00898],[7.96776,49.00064],[7.97601,48.99072],[7.9684,48.98095]],[[8.04252,48.83644],[8.06705,48.82476]],[[8.0374,48.80458],[8.02334,48.80959],[8.02384,48.8207]],[[8.02384,48.8207],[8.02567,48.83007],[8.00708,48.83244]],[[7.8842,48.74002],[7.88595,48.74224]],[[7.89267,49.01179],[7.90186,49.01968],[7.89296,49.02729],[7.91803,49.03067],[7.92358,49.02642]],[[7.97342,48.81748],[7.99008,48.83185]],[[8.02384,48.8207],[8.01356,48.82229],[8.00383,48.80631]],[[8.00383,48.80631],[7.98556,48.80903],[7.97342,48.81748]],[[8.06662,48.95838],[8.04821,48.96792],[8.04532,48.97488]],[[8.04532,48.97488],[8.06187,48.98532],[8.06625,48.99215]],[[8.06625,48.99215],[8.06814,48.99931]],[[8.06814,48.99931],[8.09138,48.98926]],[[7.06616,48.95884],[7.10032,48.96557]],[[7.10032,48.96557],[7.12255,48.9613],[7.12081,48.95247]],[[7.12213,48.94205],[7.09721,48.9297],[7.08191,48.93211]],[[7.08191,48.93211],[7.08017,48.92439],[7.05957,48.92573],[7.05039,48.9234]],[[7.05039,48.9234],[7.05287,48.93704]],[[7.05287,48.93704],[7.06539,48.9367],[7.06896,48.94606],[7.06616,48.95884]],[[8.08228,48.91972],[8.09007,48.92447],[8.10251,48.9242]],[[8.10251,48.9242],[8.10482,48.91295],[8.09688,48.8992],[8.07365,48.90457]],[[8.13269,48.98118],[8.14216,48.97802],[8.16248,48.97742]],[[7.91535,48.80536],[7.93195,48.80757]],[[7.9367,48.80525],[7.93882,48.79836],[7.9283,48.77876]],[[8.04532,48.97488],[8.02666,48.97108]],[[8.00632,48.98665],[7.9964,48.9916],[8.00489,48.99862],[8.02347,48.99576],[8.03228,48.99972],[8.06625,48.99215]],[[8.10251,48.9242],[8.1269,48.9222],[8.13604,48.92543]],[[8.14157,48.89606],[8.12144,48.86494]],[[7.95738,48.7832],[7.96355,48.7879],[7.96029,48.7968],[7.97143,48.80174],[7.96654,48.811],[7.97342,48.81748]],[[8.00383,48.80631],[7.9989,48.80084]],[[7.9989,48.80084],[8.00094,48.78409]],[[8.0296,48.93476],[8.0233,48.95798]],[[7.86832,48.91897],[7.85768,48.91985]],[[7.9989,48.80084],[8.03204,48.80048],[8.03822,48.80275]],[[7.93064,49.0227],[7.94993,49.01202],[7.94951,49.00898]],[[7.79713,48.66962],[7.78396,48.65081]],[[7.7304,48.65226],[7.72255,48.65461]],[[7.72255,48.65461],[7.68781,48.66563],[7.68831,48.66905]],[[7.89625,48.66721],[7.88353,48.6594],[7.84249,48.64395],[7.83592,48.63367]],[[7.83592,48.63367],[7.82673,48.63232],[7.8088,48.63714],[7.81598,48.64387],[7.80644,48.64533],[7.79341,48.63618]],[[7.79341,48.63618],[7.78496,48.63988]],[[7.77839,49.05764],[7.78826,49.05812],[7.79459,49.06579],[7.81139,49.06075],[7.81426,49.05574],[7.83103,49.04732],[7.8494,49.04419],[7.85549,49.03542]],[[7.86741,49.03348],[7.88823,49.04862],[7.9167,49.04097],[7.92315,49.04431],[7.9318,49.05782],[7.9456,49.05547],[7.94579,49.04983],[7.96502,49.04275],[7.9747,49.02697],[7.99449,49.02894],[8.01258,49.02117],[8.04922,49.01418],[8.06814,48.99931]],[[7.00833,48.90467],[6.98797,48.89136]],[[6.98178,48.94193],[6.98852,48.94441],[7.00322,48.94097]],[[7.00322,48.94097],[7.00278,48.92367],[6.99426,48.9139],[7.01251,48.91272],[7.00833,48.90467]],[[7.08918,48.81371],[7.0873,48.81406]],[[7.0873,48.81406],[7.06944,48.82671],[7.0809,48.84743]],[[7.08838,48.84839],[7.09999,48.84667]],[[7.02592,48.95605],[7.03216,48.94519],[7.01733,48.93531],[7.00322,48.94097]],[[7.00322,48.94097],[7.00446,48.9475],[7.01877,48.95768]],[[7.0415,48.90169],[7.04051,48.89128],[7.04938,48.88537],[7.06084,48.88738]],[[7.06084,48.88738],[7.05471,48.87775],[7.06107,48.86628],[7.05501,48.86492]],[[7.00833,48.90467],[7.03054,48.89633],[7.0415,48.90169]],[[7.09415,48.86288],[7.10622,48.86841]],[[7.08504,48.81191],[7.0873,48.81406]],[[7.03222,48.95605],[7.03652,48.95403]],[[7.03652,48.95403],[7.04019,48.94306],[7.05287,48.93704]],[[7.05039,48.9234],[7.0415,48.90169]],[[7.12193,49.02332],[7.10368,49.01701],[7.09088,49.00349],[7.088,48.99127]],[[7.088,48.99127],[7.06557,48.99732],[7.05284,48.99372],[7.04685,48.99991]],[[7.07866,49.05036],[7.10636,49.04534]],[[7.088,48.99127],[7.10258,48.97634]],[[7.10258,48.97634],[7.10032,48.96557]],[[7.06616,48.95884],[7.03652,48.95403]],[[7.15874,48.99296],[7.13206,48.98749],[7.10947,48.97691],[7.10258,48.97634]],[[7.11375,48.91566],[7.10002,48.92044],[7.0926,48.92864],[7.08191,48.93211]],[[7.09391,48.8925],[7.06084,48.88738]],[[7.50753,48.5786],[7.51974,48.57869],[7.51866,48.56098]],[[7.51866,48.56098],[7.51597,48.56062]],[[7.51597,48.56062],[7.50963,48.56199]],[[7.50963,48.56199],[7.49537,48.56683]],[[7.48906,48.57385],[7.50753,48.5786]],[[7.60233,48.55339],[7.5871,48.55197]],[[7.5871,48.55197],[7.58806,48.55649],[7.56981,48.56053],[7.5731,48.57381],[7.57991,48.5753]],[[7.57991,48.5753],[7.58756,48.5666],[7.60124,48.5643]],[[7.60124,48.5643],[7.60233,48.55339]],[[7.64038,48.63103],[7.67532,48.63215],[7.68297,48.6198]],[[7.68297,48.6198],[7.66702,48.61245]],[[7.66702,48.61245],[7.65429,48.61037]],[[7.65429,48.61037],[7.64924,48.61286]],[[7.64924,48.61286],[7.64038,48.63103]],[[7.63661,48.64099],[7.66898,48.65372]],[[7.66898,48.65372],[7.68543,48.64466],[7.69615,48.64253]],[[7.69615,48.64253],[7.69674,48.64047]],[[7.69674,48.64047],[7.65231,48.63652],[7.63658,48.63761]],[[7.63658,48.63761],[7.63661,48.64099]],[[7.63658,48.63761],[7.64038,48.63103]],[[7.64924,48.61286],[7.63288,48.60903]],[[7.63288,48.60903],[7.60472,48.62763]],[[7.60472,48.62763],[7.61196,48.64138]],[[7.61196,48.64138],[7.63661,48.64099]],[[7.28458,48.34096],[7.26378,48.34049]],[[7.26378,48.34049],[7.26445,48.34676],[7.27736,48.35093],[7.27706,48.35807]],[[7.27706,48.35807],[7.29214,48.35668],[7.30631,48.36129]],[[7.30631,48.36129],[7.30491,48.35594]],[[7.30491,48.35594],[7.298,48.34493],[7.28458,48.34096]],[[7.51198,48.59622],[7.48847,48.59675]],[[7.48847,48.59675],[7.46942,48.60189]],[[7.46942,48.60189],[7.469,48.60367]],[[7.469,48.60367],[7.47994,48.6056],[7.49726,48.60297],[7.49847,48.59761],[7.51604,48.59729]],[[7.51604,48.59729],[7.51198,48.59622]],[[7.71793,48.61612],[7.71774,48.62]],[[7.76767,48.61654],[7.76112,48.60821],[7.74569,48.61302],[7.71793,48.61612]],[[7.79341,48.63618],[7.80279,48.62923]],[[7.80279,48.62923],[7.79601,48.62826],[7.78479,48.63501],[7.77807,48.62654]],[[7.71421,48.36098],[7.7361,48.36259]],[[7.7361,48.36259],[7.7435,48.34033]],[[7.7435,48.34033],[7.73005,48.33971],[7.71165,48.35348]],[[7.71165,48.35348],[7.71421,48.36098]],[[7.62253,48.41773],[7.63069,48.42572],[7.63045,48.43493],[7.62056,48.43698],[7.62654,48.44684]],[[7.62654,48.44684],[7.6345,48.44385]],[[7.6345,48.44385],[7.64748,48.43715],[7.65228,48.44478],[7.67277,48.44372],[7.67438,48.43777],[7.69458,48.43935],[7.71266,48.43286],[7.71562,48.4416],[7.73978,48.43882]],[[7.73978,48.43882],[7.75314,48.43407]],[[7.75314,48.43407],[7.73355,48.39869]],[[7.73355,48.39869],[7.73393,48.40791],[7.721,48.40348],[7.70391,48.40375],[7.68278,48.39173]],[[7.68278,48.39173],[7.66264,48.39822],[7.65189,48.40762],[7.62895,48.41444]],[[7.69865,48.45007],[7.69526,48.45077]],[[7.69526,48.45077],[7.69556,48.47757]],[[7.69556,48.47757],[7.69787,48.48206]],[[7.69787,48.48206],[7.70628,48.48712],[7.70181,48.49558]],[[7.70181,48.49558],[7.71904,48.49422],[7.72425,48.49781],[7.74738,48.49657],[7.75759,48.49319]],[[7.75759,48.49319],[7.77076,48.49202]],[[7.77076,48.49202],[7.76667,48.48495],[7.76616,48.46397]],[[7.76616,48.46397],[7.75081,48.47748],[7.75246,48.48456],[7.73938,48.47905],[7.72157,48.48045],[7.70345,48.47278],[7.69865,48.45007]],[[7.65734,48.36741],[7.66583,48.3671],[7.67174,48.37498]],[[7.67174,48.37498],[7.67957,48.37741],[7.67728,48.38829],[7.68278,48.39173]],[[7.73355,48.39869],[7.73085,48.38358],[7.7361,48.36259]],[[7.71421,48.36098],[7.69894,48.3636],[7.69848,48.36962],[7.67805,48.37019],[7.66659,48.35818],[7.65739,48.3552]],[[7.65739,48.3552],[7.65553,48.36119]],[[7.65553,48.36119],[7.65734,48.36741]],[[7.70181,48.49558],[7.70276,48.50941]],[[7.70276,48.50941],[7.70195,48.52544],[7.69599,48.53335]],[[7.69599,48.53335],[7.70238,48.53116],[7.71914,48.53595],[7.72433,48.54189],[7.71647,48.55028],[7.73028,48.55116]],[[7.73028,48.55116],[7.75779,48.5406],[7.7615,48.53184],[7.75678,48.52613],[7.76692,48.51596],[7.75634,48.50718],[7.75759,48.49319]],[[7.6345,48.44385],[7.64187,48.45128],[7.65394,48.45214],[7.64959,48.459],[7.65843,48.46125]],[[7.65843,48.46125],[7.68412,48.45617],[7.69526,48.45077]],[[7.69865,48.45007],[7.7037,48.45483],[7.73205,48.44442],[7.74577,48.44786],[7.73978,48.43882]],[[7.76616,48.46397],[7.76061,48.44657],[7.75314,48.43407]],[[7.66708,48.27396],[7.67555,48.27808],[7.66995,48.28496],[7.67812,48.29141],[7.67793,48.2992]],[[7.67793,48.2992],[7.67721,48.30571],[7.69444,48.31518]],[[7.69444,48.31518],[7.6964,48.32914],[7.70541,48.33173],[7.71308,48.34724],[7.70357,48.35016]],[[7.70357,48.35016],[7.71165,48.35348]],[[7.7435,48.34033],[7.74466,48.32784],[7.73324,48.3178],[7.70315,48.30881],[7.68934,48.29328],[7.68919,48.28059],[7.6809,48.25767]],[[7.6809,48.25767],[7.67057,48.26163],[7.66708,48.27396]],[[7.70865,48.60393],[7.7054,48.60585]],[[7.7054,48.60585],[7.70263,48.61607]],[[7.70263,48.61607],[7.71793,48.61612]],[[7.80279,48.62923],[7.78884,48.62864],[7.78572,48.61937],[7.77297,48.619],[7.7654,48.60312],[7.73981,48.59805],[7.70865,48.60393]],[[7.75478,48.6281],[7.75847,48.6315]],[[7.72089,48.62287],[7.71911,48.62642]],[[7.71911,48.62642],[7.72655,48.63991],[7.73801,48.64027]],[[7.68805,48.59812],[7.70865,48.60393]],[[7.83592,48.63367],[7.83088,48.6207],[7.80417,48.59233],[7.79999,48.58141],[7.80523,48.56222],[7.80329,48.53959],[7.80704,48.5211],[7.80114,48.50755],[7.78967,48.49945],[7.77076,48.49202]],[[7.73028,48.55116],[7.72437,48.56195],[7.70401,48.55759]],[[7.70401,48.55759],[7.69254,48.56278],[7.70155,48.5683]],[[7.70155,48.5683],[7.68869,48.5863],[7.68805,48.59812]],[[7.61015,48.57097],[7.61695,48.58057],[7.61009,48.59157]],[[7.61009,48.59157],[7.62942,48.59828]],[[7.62942,48.59828],[7.64323,48.56839],[7.64907,48.56779]],[[7.64907,48.56779],[7.63067,48.56901],[7.6237,48.5648]],[[7.6237,48.5648],[7.61015,48.57097]],[[7.50963,48.56199],[7.5037,48.5568],[7.47456,48.55664]],[[7.37463,48.58217],[7.3689,48.59279],[7.37205,48.59851]],[[7.37205,48.59851],[7.39191,48.59993],[7.39495,48.591],[7.41359,48.58463],[7.44614,48.59077]],[[7.44614,48.59077],[7.44902,48.58641]],[[7.43079,48.57615],[7.40654,48.56822]],[[7.40654,48.56822],[7.39559,48.56452],[7.38725,48.57742],[7.37463,48.58217]],[[7.54991,48.22289],[7.53566,48.22474],[7.53153,48.23443],[7.52272,48.23648],[7.52298,48.2495],[7.50713,48.25352]],[[7.50713,48.25352],[7.49651,48.2559],[7.49431,48.26339]],[[7.49431,48.26339],[7.51051,48.26342],[7.51545,48.25706],[7.5384,48.25216],[7.54136,48.2556],[7.56205,48.25352]],[[7.56205,48.25352],[7.56131,48.2508]],[[7.56131,48.2508],[7.5601,48.24508]],[[7.5601,48.24508],[7.54991,48.22289]],[[7.42344,48.40059],[7.40359,48.40986],[7.38055,48.40599],[7.3507,48.4097],[7.33984,48.41647]],[[7.33984,48.41647],[7.32016,48.42025],[7.31615,48.42826]],[[7.31615,48.42826],[7.34656,48.42909],[7.36153,48.42521],[7.37871,48.42824],[7.39081,48.42278],[7.39949,48.42361],[7.40594,48.43378]],[[7.40594,48.43378],[7.41779,48.43466]],[[7.41779,48.43466],[7.42356,48.43258]],[[7.42356,48.43258],[7.41658,48.41736],[7.43391,48.41985],[7.43385,48.41652],[7.46039,48.41266]],[[7.48089,48.39866],[7.47693,48.39298]],[[7.47693,48.39298],[7.46268,48.39345]],[[7.46268,48.39345],[7.45107,48.40214],[7.42344,48.40059]],[[7.23849,48.42147],[7.25228,48.42298],[7.26087,48.41682],[7.26799,48.42325],[7.27948,48.41622],[7.29585,48.42153]],[[7.29585,48.42153],[7.28053,48.40905],[7.27556,48.40945],[7.2664,48.39779]],[[7.2664,48.39779],[7.24254,48.39447],[7.22237,48.40601]],[[7.22237,48.40601],[7.22502,48.41458],[7.23849,48.42147]],[[7.57229,48.37378],[7.5813,48.38274],[7.58881,48.3836]],[[7.58881,48.3836],[7.62239,48.37023],[7.62557,48.36453]],[[7.62557,48.36453],[7.61825,48.35898],[7.61654,48.34612],[7.60922,48.34727]],[[7.60922,48.34727],[7.59885,48.34122]],[[7.59885,48.34122],[7.59598,48.34554],[7.60114,48.3586],[7.57229,48.37378]],[[7.44092,48.45343],[7.46603,48.45973],[7.47325,48.44894],[7.47121,48.4389],[7.45043,48.43695],[7.44282,48.44284],[7.43307,48.44203]],[[7.43307,48.44203],[7.42881,48.44951]],[[7.42881,48.44951],[7.44092,48.45343]],[[7.41457,48.36467],[7.40182,48.36218]],[[7.40182,48.36218],[7.38579,48.37361]],[[7.38579,48.37361],[7.40894,48.37524],[7.42775,48.37174]],[[7.42775,48.37174],[7.42596,48.36884]],[[7.42596,48.36884],[7.41457,48.36467]],[[7.60972,48.30254],[7.62519,48.29992]],[[7.62519,48.29992],[7.62452,48.293],[7.63519,48.28734]],[[7.63519,48.28734],[7.63815,48.28135]],[[7.63815,48.28135],[7.62166,48.2731],[7.60531,48.27551],[7.59387,48.28073]],[[7.59387,48.28073],[7.5965,48.29428],[7.60972,48.30254]],[[7.54823,48.49535],[7.55364,48.48763],[7.57905,48.48957],[7.59187,48.48666]],[[7.59187,48.48666],[7.60836,48.47503]],[[7.60836,48.47503],[7.59331,48.46904]],[[7.59331,48.46904],[7.57424,48.48368],[7.54764,48.48666],[7.5393,48.4807]],[[7.5393,48.4807],[7.53417,48.4836],[7.50862,48.48109],[7.49398,48.48239],[7.48228,48.47819],[7.45559,48.47764]],[[7.45559,48.47764],[7.45883,48.4847]],[[7.45883,48.4847],[7.46733,48.49023],[7.49104,48.49401],[7.51163,48.49429]],[[7.58572,48.5128],[7.58923,48.51348]],[[7.58923,48.51348],[7.59227,48.51142],[7.61055,48.52124]],[[7.61055,48.52124],[7.62297,48.5281],[7.63139,48.52021]],[[7.63139,48.52021],[7.62116,48.51767],[7.62872,48.50089],[7.61586,48.49061],[7.61295,48.47704]],[[7.61295,48.47704],[7.60836,48.47503]],[[7.59187,48.48666],[7.59478,48.49545],[7.58572,48.5128]],[[7.45559,48.47764],[7.43134,48.46534]],[[7.43134,48.46534],[7.40868,48.4689],[7.33839,48.44435],[7.3283,48.44899],[7.30298,48.44915],[7.28504,48.4458]],[[7.28504,48.4458],[7.28932,48.45552],[7.30017,48.46312],[7.32101,48.46626]],[[7.32101,48.46626],[7.34002,48.46182],[7.35328,48.46443],[7.36456,48.47199],[7.38916,48.48284],[7.40663,48.48733],[7.43481,48.48787],[7.45883,48.4847]],[[7.57492,48.22115],[7.56804,48.21273]],[[7.56804,48.21273],[7.54702,48.21964]],[[7.54702,48.21964],[7.54991,48.22289]],[[7.5601,48.24508],[7.57706,48.22537],[7.57492,48.22115]],[[7.58683,48.58805],[7.61009,48.59157]],[[7.61015,48.57097],[7.60124,48.5643]],[[7.57991,48.5753],[7.58384,48.58089]],[[7.58384,48.58089],[7.58683,48.58805]],[[7.35877,48.30718],[7.36195,48.29569],[7.37006,48.29163],[7.39779,48.28818],[7.41142,48.29005],[7.42282,48.2734],[7.42812,48.27157]],[[7.42812,48.27157],[7.42175,48.2593]],[[7.42175,48.2593],[7.39181,48.26006],[7.39063,48.26601],[7.37377,48.27551],[7.37184,48.28106],[7.3474,48.27922]],[[7.3474,48.27922],[7.35366,48.28375],[7.34134,48.28678],[7.34243,48.29701]],[[7.34243,48.29701],[7.35877,48.30718]],[[7.37463,48.58217],[7.35897,48.58395],[7.3507,48.59012],[7.32374,48.58546],[7.31513,48.5903]],[[7.31513,48.5903],[7.3149,48.5969],[7.33778,48.60561],[7.34827,48.6216]],[[7.34827,48.6216],[7.37028,48.62802],[7.37663,48.62692],[7.3969,48.63782],[7.41467,48.63802]],[[7.41467,48.63802],[7.41269,48.62652]],[[7.41269,48.62652],[7.40735,48.62154],[7.39358,48.62243],[7.3831,48.61687],[7.37387,48.61832],[7.36174,48.60127],[7.37205,48.59851]],[[7.55311,48.5631],[7.56728,48.54499]],[[7.56728,48.54499],[7.56656,48.54436]],[[7.53337,48.54116],[7.52772,48.54891],[7.51995,48.54664],[7.51597,48.56062]],[[7.51866,48.56098],[7.52963,48.56597],[7.54483,48.56763],[7.55311,48.5631]],[[7.63902,48.27294],[7.63815,48.28135]],[[7.63519,48.28734],[7.65021,48.2919],[7.65481,48.30344],[7.67793,48.2992]],[[7.66708,48.27396],[7.65528,48.26962],[7.63902,48.27294]],[[7.42272,48.3009],[7.40738,48.3027],[7.39846,48.31284]],[[7.39846,48.31284],[7.41107,48.31395],[7.42088,48.31004],[7.42272,48.3009]],[[7.51438,48.51115],[7.47062,48.51161],[7.45305,48.50835]],[[7.45305,48.50835],[7.44639,48.51362],[7.43505,48.51151],[7.43498,48.51931]],[[7.43498,48.51931],[7.46373,48.53063],[7.48207,48.52948]],[[7.48207,48.52948],[7.51496,48.53127]],[[7.5863,48.63468],[7.5673,48.63548]],[[7.5673,48.63548],[7.56603,48.63665]],[[7.56603,48.63665],[7.57374,48.64788],[7.58907,48.64875]],[[7.58907,48.64875],[7.5863,48.63468]],[[7.58923,48.51348],[7.5829,48.5283],[7.58446,48.53925],[7.57616,48.54464]],[[7.57616,48.54464],[7.5871,48.55197]],[[7.60233,48.55339],[7.60597,48.54222]],[[7.60597,48.54222],[7.61369,48.52465],[7.61055,48.52124]],[[7.58572,48.5128],[7.55835,48.50429]],[[7.56728,48.54499],[7.57616,48.54464]],[[7.33956,48.64901],[7.33863,48.63856],[7.34894,48.63486],[7.34827,48.6216]],[[7.31513,48.5903],[7.30667,48.58999],[7.29078,48.59673],[7.27585,48.59088],[7.26514,48.59172]],[[7.60597,48.54222],[7.62172,48.54681]],[[7.62172,48.54681],[7.6618,48.54695]],[[7.6618,48.54695],[7.66148,48.54283]],[[7.66148,48.54283],[7.65674,48.54152],[7.64983,48.52562],[7.63139,48.52021]],[[7.46406,48.37573],[7.48064,48.37052],[7.49972,48.35639],[7.51451,48.35727]],[[7.51451,48.35727],[7.51791,48.34969]],[[7.51791,48.34969],[7.50138,48.33545],[7.50176,48.32474]],[[7.50176,48.32474],[7.48836,48.32226]],[[7.48836,48.32226],[7.48271,48.33396],[7.44606,48.33962],[7.43973,48.33867]],[[7.43973,48.33867],[7.4284,48.34367],[7.44045,48.34588]],[[7.44045,48.34588],[7.41981,48.36362]],[[7.41981,48.36362],[7.43858,48.36439],[7.43743,48.37126]],[[7.43743,48.37126],[7.45325,48.37509]],[[7.45325,48.37509],[7.46406,48.37573]],[[7.50753,48.5786],[7.51843,48.58236],[7.5178,48.58878],[7.54436,48.58482]],[[7.54436,48.58482],[7.55794,48.58212]],[[7.55794,48.58212],[7.55311,48.5631]],[[7.55794,48.58212],[7.58384,48.58089]],[[7.66603,48.502],[7.67084,48.50894],[7.68428,48.51277],[7.70276,48.50941]],[[7.69787,48.48206],[7.67442,48.48718]],[[7.67442,48.48718],[7.67866,48.49735],[7.66603,48.502]],[[7.55419,48.64278],[7.56603,48.63665]],[[7.5673,48.63548],[7.55985,48.62175]],[[7.55985,48.62175],[7.54661,48.62334]],[[7.54661,48.62334],[7.53255,48.62078],[7.5292,48.62959]],[[7.5292,48.62959],[7.52612,48.63699]],[[7.52612,48.63699],[7.54775,48.64398]],[[7.54775,48.64398],[7.55419,48.64278]],[[7.4303,48.56003],[7.40654,48.56822]],[[7.43176,48.56042],[7.4303,48.56003]],[[7.20403,48.42187],[7.20323,48.41506]],[[7.20323,48.41506],[7.1952,48.41748],[7.18398,48.4094]],[[7.1779,48.41921],[7.18585,48.42428],[7.18264,48.43352]],[[7.18264,48.43352],[7.20403,48.42187]],[[7.66603,48.502],[7.64246,48.49393],[7.63506,48.4835]],[[7.63506,48.4835],[7.63185,48.47907],[7.61295,48.47704]],[[7.66148,48.54283],[7.66886,48.53928],[7.68818,48.54671]],[[7.68818,48.54671],[7.68958,48.53385],[7.69599,48.53335]],[[7.49452,48.43766],[7.505,48.43546]],[[7.505,48.43546],[7.49549,48.42471]],[[7.49549,48.42471],[7.46239,48.42584]],[[7.46239,48.42584],[7.46137,48.43005]],[[7.46137,48.43005],[7.46303,48.43449],[7.49452,48.43766]],[[7.27015,48.46171],[7.28045,48.46167],[7.28858,48.47128],[7.28097,48.48545],[7.29336,48.4936],[7.29172,48.49887]],[[7.29172,48.49887],[7.30661,48.50073],[7.32318,48.50973],[7.33431,48.5051]],[[7.33431,48.5051],[7.33835,48.49281]],[[7.33835,48.49281],[7.32803,48.49177],[7.31924,48.48377],[7.32101,48.46626]],[[7.28504,48.4458],[7.27826,48.45258]],[[7.27826,48.45258],[7.27015,48.46171]],[[7.39082,48.50074],[7.39218,48.51614],[7.38217,48.52767]],[[7.38217,48.52767],[7.40082,48.53732]],[[7.40082,48.53732],[7.43423,48.53886]],[[7.43423,48.53886],[7.43968,48.5285],[7.43189,48.51972]],[[7.43189,48.51972],[7.41678,48.51657],[7.39329,48.50491],[7.39082,48.50074]],[[7.69674,48.64047],[7.70097,48.63685],[7.6933,48.62918]],[[7.6933,48.62918],[7.68942,48.6217]],[[7.68942,48.6217],[7.68326,48.61937]],[[7.68326,48.61937],[7.68297,48.6198]],[[7.5817,48.61109],[7.58867,48.60032],[7.58291,48.59724],[7.58655,48.58874]],[[7.58655,48.58874],[7.57068,48.59352],[7.56514,48.60181]],[[7.56514,48.60181],[7.5817,48.61109]],[[7.6237,48.5648],[7.62172,48.54681]],[[7.36205,48.5497],[7.38545,48.55028],[7.39524,48.54309]],[[7.39524,48.54309],[7.40082,48.53732]],[[7.38217,48.52767],[7.36584,48.51933]],[[7.36584,48.51933],[7.3662,48.53379],[7.36205,48.5497]],[[7.53672,48.2055],[7.54702,48.21964]],[[7.56804,48.21273],[7.56428,48.20882],[7.5742,48.20352]],[[7.59172,48.4467],[7.58861,48.45658],[7.59176,48.46843]],[[7.59176,48.46843],[7.59331,48.46904]],[[7.63506,48.4835],[7.64024,48.47689],[7.6565,48.47866],[7.66531,48.48567]],[[7.66531,48.48567],[7.65936,48.47509]],[[7.65936,48.47509],[7.62743,48.45121],[7.61511,48.44435],[7.61285,48.45572],[7.60705,48.45663],[7.59172,48.4467]],[[7.66314,48.46959],[7.67211,48.47436],[7.68826,48.47201],[7.69556,48.47757]],[[7.65843,48.46125],[7.65549,48.46874],[7.66314,48.46959]],[[7.46997,48.67188],[7.47887,48.66234]],[[7.47887,48.66234],[7.48477,48.6597]],[[7.48477,48.6597],[7.4884,48.65737]],[[7.4884,48.65737],[7.48295,48.65262]],[[7.48295,48.65262],[7.47755,48.64911]],[[7.47755,48.64911],[7.46989,48.65683],[7.44767,48.65793]],[[7.44767,48.65793],[7.44348,48.6621]],[[7.44348,48.6621],[7.46997,48.67188]],[[7.29585,48.42153],[7.30168,48.42646],[7.31615,48.42826]],[[7.33984,48.41647],[7.33724,48.40192],[7.35068,48.3916],[7.33774,48.38215],[7.34886,48.37824],[7.34942,48.37231]],[[7.34942,48.37231],[7.32968,48.37863]],[[7.32968,48.37863],[7.31871,48.3834],[7.30157,48.3837],[7.28989,48.39007],[7.277,48.38622],[7.26863,48.38912]],[[7.26863,48.38912],[7.2664,48.39779]],[[7.67361,48.56407],[7.6618,48.54695]],[[7.64907,48.56779],[7.6518,48.56691]],[[7.6518,48.56691],[7.66388,48.56589]],[[7.66388,48.56589],[7.67361,48.56407]],[[7.59559,48.62546],[7.60472,48.62763]],[[7.63288,48.60903],[7.61753,48.60735],[7.60156,48.61251],[7.58678,48.61212]],[[7.58678,48.61212],[7.57433,48.61763]],[[7.57433,48.61763],[7.5755,48.62269],[7.59559,48.62546]],[[7.59047,48.32318],[7.57495,48.33051],[7.56949,48.33849],[7.56917,48.35422],[7.5311,48.36469]],[[7.5311,48.36469],[7.53202,48.36821]],[[7.53202,48.36821],[7.5505,48.36848],[7.55862,48.37369],[7.57229,48.37378]],[[7.59885,48.34122],[7.59047,48.32318]],[[7.66314,48.46959],[7.65936,48.47509]],[[7.66531,48.48567],[7.67442,48.48718]],[[7.41981,48.36362],[7.41457,48.36467]],[[7.42596,48.36884],[7.43743,48.37126]],[[7.54775,48.64398],[7.52508,48.65611]],[[7.52508,48.65611],[7.52462,48.66208]],[[7.52462,48.66208],[7.54003,48.67165]],[[7.54003,48.67165],[7.55529,48.65616],[7.55419,48.64278]],[[7.43407,48.67492],[7.44089,48.66364]],[[7.44089,48.66364],[7.39965,48.66265]],[[7.33172,48.26989],[7.33398,48.27251]],[[7.33398,48.27251],[7.3474,48.27922]],[[7.42175,48.2593],[7.41822,48.24736],[7.42291,48.24608],[7.40604,48.23369]],[[7.40604,48.23369],[7.3956,48.24299],[7.37617,48.2436],[7.34705,48.25386],[7.32969,48.25247],[7.33172,48.26989]],[[7.47867,48.61049],[7.48878,48.61305],[7.5031,48.6102],[7.49945,48.6031],[7.51753,48.5979]],[[7.51753,48.5979],[7.51604,48.59729]],[[7.469,48.60367],[7.46447,48.60856]],[[7.46447,48.60856],[7.47867,48.61049]],[[7.51791,48.34969],[7.5338,48.34825],[7.55119,48.34064],[7.56617,48.3203]],[[7.56617,48.3203],[7.54796,48.31334]],[[7.54796,48.31334],[7.5418,48.32647],[7.52318,48.31692]],[[7.52318,48.31692],[7.50176,48.32474]],[[7.59176,48.46843],[7.57769,48.46413],[7.55108,48.46638],[7.54501,48.47316]],[[7.54501,48.47316],[7.5393,48.4807]],[[7.4884,48.65737],[7.50762,48.6523],[7.52508,48.65611]],[[7.52612,48.63699],[7.49919,48.65125],[7.48295,48.65262]],[[7.72255,48.65461],[7.72448,48.64781],[7.71618,48.64536],[7.7059,48.65095],[7.69615,48.64253]],[[7.66898,48.65372],[7.67299,48.66454]],[[7.61177,48.40435],[7.63639,48.39517],[7.65105,48.38024],[7.67174,48.37498]],[[7.65734,48.36741],[7.63149,48.37633],[7.60701,48.38992],[7.60624,48.39293]],[[7.60624,48.39293],[7.61177,48.40435]],[[7.59172,48.4467],[7.59303,48.44473]],[[7.59303,48.44473],[7.58935,48.44179]],[[7.58866,48.44146],[7.56776,48.44084],[7.55367,48.43467],[7.53666,48.43654],[7.53048,48.44155],[7.53333,48.45666],[7.53756,48.45633],[7.54383,48.47096]],[[7.54383,48.47096],[7.54501,48.47316]],[[7.46268,48.39345],[7.45794,48.38663],[7.44916,48.38596]],[[7.44916,48.38596],[7.438,48.38682]],[[7.438,48.38682],[7.4283,48.39005],[7.42344,48.40059]],[[7.68942,48.6217],[7.70263,48.61607]],[[7.7054,48.60585],[7.69338,48.60785],[7.68326,48.61937]],[[7.48207,48.52948],[7.48366,48.54094],[7.4635,48.55209]],[[7.30192,48.5231],[7.31908,48.52085],[7.34614,48.52147]],[[7.34614,48.52147],[7.33997,48.50723],[7.33431,48.5051]],[[7.29172,48.49887],[7.28064,48.50751]],[[7.28064,48.50751],[7.28126,48.51012]],[[7.28126,48.51012],[7.30192,48.5231]],[[7.71911,48.62642],[7.71657,48.63007],[7.69875,48.6319],[7.6933,48.62918]],[[7.51183,48.28353],[7.52738,48.28912],[7.53851,48.28542]],[[7.53851,48.28542],[7.54569,48.27653],[7.56757,48.26814]],[[7.56757,48.26814],[7.56205,48.25352]],[[7.49431,48.26339],[7.50123,48.26632],[7.51183,48.28353]],[[7.43498,48.51931],[7.43189,48.51972]],[[7.43423,48.53886],[7.4449,48.5541]],[[7.22602,48.449],[7.22241,48.45077]],[[7.22241,48.45077],[7.21308,48.45635]],[[7.21308,48.45635],[7.2274,48.45976],[7.25402,48.45689],[7.25932,48.448],[7.27826,48.45258]],[[7.28504,48.4458],[7.26841,48.43368],[7.23964,48.44143],[7.22602,48.449]],[[7.2908,48.29384],[7.28222,48.2966]],[[7.28222,48.2966],[7.28432,48.30899]],[[7.28432,48.30899],[7.29948,48.31617],[7.3087,48.31306]],[[7.3087,48.31306],[7.31656,48.30239],[7.34657,48.31917]],[[7.34657,48.31917],[7.35376,48.31232]],[[7.35376,48.31232],[7.35877,48.30718]],[[7.34243,48.29701],[7.32372,48.28874],[7.30369,48.28836],[7.2908,48.29384]],[[7.23849,48.42147],[7.23517,48.42446]],[[7.23517,48.42446],[7.23606,48.43311],[7.22602,48.449]],[[7.28504,48.4458],[7.29421,48.4344],[7.29585,48.42153]],[[7.32691,48.53701],[7.33673,48.54149],[7.34999,48.55659]],[[7.34999,48.55659],[7.35258,48.55003],[7.36205,48.5497]],[[7.36584,48.51933],[7.34614,48.52147]],[[7.34614,48.52147],[7.34351,48.53056],[7.33501,48.52778],[7.32691,48.53701]],[[7.57905,48.43584],[7.5718,48.42865]],[[7.5718,48.42865],[7.56438,48.42629]],[[7.56438,48.42629],[7.55015,48.42941],[7.55568,48.43382],[7.53993,48.43605],[7.52452,48.43304],[7.505,48.43546]],[[7.49452,48.43766],[7.49615,48.45283],[7.52695,48.46787],[7.54383,48.47096]],[[7.5292,48.62959],[7.49624,48.62988],[7.47286,48.6418]],[[7.47286,48.6418],[7.47755,48.64911]],[[7.31513,48.5903],[7.31163,48.57982],[7.31888,48.57004],[7.33683,48.55815],[7.34999,48.55659]],[[7.32691,48.53701],[7.31649,48.54464],[7.30766,48.54524],[7.28355,48.5555],[7.27388,48.5544],[7.26026,48.5608]],[[7.26026,48.5608],[7.26732,48.56855],[7.2472,48.5756],[7.24123,48.57373]],[[7.68805,48.59812],[7.67336,48.59794]],[[7.67336,48.59794],[7.66684,48.60892]],[[7.66684,48.60892],[7.66702,48.61245]],[[7.46137,48.43005],[7.43871,48.42433],[7.42356,48.43258]],[[7.41779,48.43466],[7.42324,48.44206],[7.43307,48.44203]],[[7.44092,48.45343],[7.44335,48.46134],[7.43134,48.46534]],[[7.62942,48.59828],[7.63246,48.60774],[7.64098,48.61172],[7.65429,48.61037]],[[7.66684,48.60892],[7.65046,48.60438],[7.65421,48.59955],[7.66034,48.5761],[7.6518,48.56691]],[[7.41432,48.22491],[7.38444,48.23814],[7.35871,48.24441],[7.35358,48.24852],[7.32649,48.24405],[7.31059,48.25371],[7.31429,48.26244]],[[7.31429,48.26244],[7.32016,48.26119],[7.33172,48.26989]],[[7.40604,48.23369],[7.41432,48.22491]],[[7.42881,48.44951],[7.40352,48.44335],[7.40594,48.43378]],[[7.0958,48.40494],[7.09569,48.42653],[7.09959,48.43418],[7.10938,48.4388]],[[7.10938,48.4388],[7.13103,48.44149],[7.13551,48.44652],[7.1561,48.44366],[7.15841,48.43945],[7.18367,48.43557]],[[7.18367,48.43557],[7.18264,48.43352]],[[7.15904,48.40682],[7.14212,48.40894],[7.12867,48.40487],[7.0958,48.40494]],[[7.57433,48.61763],[7.55985,48.62175]],[[7.5863,48.63468],[7.59559,48.62546]],[[7.46997,48.67188],[7.46758,48.67516]],[[7.48562,48.66617],[7.47887,48.66234]],[[7.40182,48.36218],[7.38734,48.35751],[7.39064,48.35257]],[[7.39064,48.35257],[7.38721,48.3467]],[[7.38721,48.3467],[7.37907,48.34639],[7.37701,48.3549]],[[7.37701,48.3549],[7.35752,48.37078]],[[7.35752,48.37078],[7.36438,48.37385],[7.38579,48.37361]],[[7.58237,48.22514],[7.58886,48.23477]],[[7.58886,48.23477],[7.59494,48.23229]],[[7.59494,48.23229],[7.62243,48.22393]],[[7.62243,48.22393],[7.62295,48.21512]],[[7.62295,48.21512],[7.60166,48.21721],[7.58237,48.22514]],[[7.39893,48.65986],[7.41541,48.65259]],[[7.41541,48.65259],[7.42359,48.64695],[7.41467,48.63802]],[[7.39133,48.4997],[7.39082,48.50074]],[[7.45305,48.50835],[7.44957,48.50365],[7.42413,48.50019],[7.42145,48.50505],[7.39133,48.4997]],[[7.33835,48.49281],[7.38074,48.48818],[7.39133,48.4997]],[[7.59649,48.32195],[7.59047,48.32318]],[[7.60922,48.34727],[7.61073,48.34287],[7.62708,48.33976],[7.6402,48.32761]],[[7.6402,48.32761],[7.63224,48.3214]],[[7.63224,48.3214],[7.61858,48.32575],[7.60585,48.32087],[7.59649,48.32195]],[[7.24392,48.48913],[7.25306,48.50018],[7.28064,48.50751]],[[7.27015,48.46171],[7.25452,48.47642],[7.24231,48.48317],[7.24392,48.48913]],[[7.59494,48.23229],[7.60283,48.23922],[7.61139,48.2388],[7.62019,48.24535],[7.63781,48.24223],[7.64546,48.23758]],[[7.64546,48.23758],[7.6378,48.23455],[7.63776,48.22482],[7.62243,48.22393]],[[7.62954,48.24717],[7.62475,48.24901],[7.63411,48.25903],[7.66136,48.25352],[7.65976,48.24443],[7.63793,48.24905],[7.62954,48.24717]],[[7.47693,48.39298],[7.4828,48.38632]],[[7.4828,48.38632],[7.46406,48.37573]],[[7.45325,48.37509],[7.44916,48.38596]],[[7.59303,48.44473],[7.59641,48.44631],[7.61713,48.43903],[7.62654,48.44684]],[[7.35877,48.30718],[7.36097,48.30804]],[[7.36097,48.30804],[7.37618,48.31367],[7.38053,48.30991],[7.39846,48.31284]],[[7.42272,48.3009],[7.44189,48.30726],[7.44747,48.30272],[7.47222,48.30279]],[[7.47222,48.30279],[7.46903,48.29787]],[[7.46903,48.29787],[7.4473,48.27997],[7.42812,48.27157]],[[7.54003,48.67165],[7.54936,48.6788]],[[7.58592,48.66921],[7.60165,48.65322],[7.59308,48.65]],[[7.59308,48.65],[7.58907,48.64875]],[[7.64546,48.23758],[7.66167,48.24335],[7.67092,48.25405],[7.67957,48.25417]],[[7.67957,48.25417],[7.66456,48.21914],[7.64185,48.204]],[[7.64185,48.204],[7.62471,48.20639],[7.62295,48.21512]],[[7.56131,48.2508],[7.57144,48.24181],[7.58542,48.23699]],[[7.58542,48.23699],[7.58886,48.23477]],[[7.58237,48.22514],[7.57492,48.22115]],[[7.18367,48.43557],[7.18668,48.4398]],[[7.18668,48.4398],[7.2136,48.43349]],[[7.2136,48.43349],[7.21561,48.42701]],[[7.21561,48.42701],[7.20403,48.42187]],[[7.4303,48.56003],[7.41877,48.55542],[7.40227,48.54336],[7.39524,48.54309]],[[7.58542,48.23699],[7.5938,48.25569],[7.59912,48.25496],[7.60737,48.2674],[7.63902,48.27294]],[[7.6809,48.25767],[7.67957,48.25417]],[[7.61196,48.64138],[7.59308,48.65]],[[7.30192,48.5231],[7.29526,48.52858],[7.27544,48.53241],[7.25821,48.5418],[7.25229,48.55514],[7.26026,48.5608]],[[7.59604,48.42478],[7.58888,48.41909],[7.60191,48.41544]],[[7.61895,48.41014],[7.61177,48.40435]],[[7.60624,48.39293],[7.59316,48.39282]],[[7.59316,48.39282],[7.59662,48.40511],[7.59016,48.41791],[7.57735,48.42209],[7.5718,48.42865]],[[7.56438,48.42629],[7.54781,48.41412]],[[7.54781,48.41412],[7.53089,48.40774],[7.49942,48.4071],[7.49712,48.41037]],[[7.49712,48.41037],[7.50459,48.41213],[7.5056,48.42271],[7.49549,48.42471]],[[7.29049,48.29073],[7.2908,48.29384]],[[7.33398,48.27251],[7.29751,48.26817],[7.29055,48.2742],[7.3007,48.28069],[7.29049,48.29073]],[[7.21561,48.42701],[7.23517,48.42446]],[[7.22237,48.40601],[7.20488,48.41127]],[[7.20488,48.41127],[7.20323,48.41506]],[[7.41541,48.65259],[7.44767,48.65793]],[[7.47286,48.6418],[7.45708,48.63019]],[[7.45708,48.63019],[7.44239,48.61508]],[[7.44239,48.61508],[7.42913,48.61718],[7.41269,48.62652]],[[7.44239,48.61508],[7.46447,48.60856]],[[7.46942,48.60189],[7.459,48.60059],[7.44614,48.59077]],[[7.2136,48.43349],[7.21194,48.43924],[7.22241,48.45077]],[[7.52462,48.66208],[7.48477,48.6597]],[[7.56757,48.26814],[7.58127,48.27337],[7.58243,48.27857],[7.59387,48.28073]],[[7.44348,48.6621],[7.44089,48.66364]],[[7.49209,48.40884],[7.49712,48.41037]],[[7.54781,48.41412],[7.54115,48.39627]],[[7.54115,48.39627],[7.53286,48.39915],[7.52416,48.38979],[7.50553,48.38754],[7.4994,48.39039],[7.4828,48.38632]],[[7.30631,48.36129],[7.31646,48.37147],[7.32968,48.37863]],[[7.34942,48.37231],[7.35752,48.37078]],[[7.37701,48.3549],[7.35585,48.35301],[7.35621,48.34898]],[[7.35621,48.34898],[7.34617,48.35149],[7.32444,48.3485]],[[7.32444,48.3485],[7.31058,48.34907],[7.30491,48.35594]],[[7.438,48.38682],[7.42942,48.38171],[7.42775,48.37174]],[[7.64185,48.204],[7.63713,48.19587]],[[7.21308,48.45635],[7.2183,48.47272]],[[7.2183,48.47272],[7.22145,48.47992],[7.24392,48.48913]],[[7.26811,48.3308],[7.26378,48.34049]],[[7.28458,48.34096],[7.29314,48.33329]],[[7.29314,48.33329],[7.27512,48.33221]],[[7.27512,48.33221],[7.26811,48.3308]],[[7.20378,48.39792],[7.20488,48.41127]],[[7.26863,48.38912],[7.24832,48.38072]],[[7.24832,48.38072],[7.24416,48.38196]],[[7.24416,48.38196],[7.20819,48.3952]],[[7.20819,48.3952],[7.20378,48.39792]],[[7.20378,48.39792],[7.1876,48.39983]],[[7.39064,48.35257],[7.41722,48.34801],[7.4319,48.34947],[7.44045,48.34588]],[[7.43973,48.33867],[7.43177,48.33818],[7.38944,48.34609]],[[7.38944,48.34609],[7.38721,48.3467]],[[7.6532,48.34318],[7.66558,48.34829],[7.68455,48.34601],[7.68838,48.34924],[7.70151,48.34381],[7.70357,48.35016]],[[7.69444,48.31518],[7.68381,48.31884],[7.65549,48.32315],[7.6402,48.32761]],[[7.6402,48.32761],[7.6532,48.34318]],[[7.10082,48.37374],[7.10664,48.37606]],[[7.10664,48.37606],[7.12231,48.37288],[7.13971,48.37457],[7.14407,48.389]],[[7.14407,48.389],[7.15098,48.38219]],[[7.15098,48.38219],[7.16262,48.36887],[7.15968,48.3621],[7.16972,48.36253],[7.17071,48.35094]],[[7.17071,48.35094],[7.16954,48.3423]],[[7.16954,48.3423],[7.16483,48.33768],[7.14792,48.33326]],[[7.14792,48.33326],[7.12973,48.34445],[7.11104,48.37178],[7.10082,48.37374]],[[7.46229,48.4246],[7.46239,48.42584]],[[7.28222,48.2966],[7.27508,48.30561],[7.25955,48.3052]],[[7.25955,48.3052],[7.26351,48.3134],[7.28094,48.32407],[7.27512,48.33221]],[[7.29314,48.33329],[7.29548,48.33256]],[[7.29548,48.33256],[7.2906,48.31439],[7.28432,48.30899]],[[7.27706,48.35807],[7.27376,48.3637],[7.25915,48.37043]],[[7.25915,48.37043],[7.24832,48.38072]],[[7.10938,48.4388],[7.10809,48.44029]],[[7.10809,48.44029],[7.12151,48.44495],[7.14692,48.47123],[7.17306,48.48372]],[[7.17306,48.48372],[7.18391,48.48402],[7.21568,48.47927],[7.2183,48.47272]],[[7.2183,48.47272],[7.19676,48.45172],[7.19826,48.44766],[7.18668,48.4398]],[[7.20819,48.3952],[7.20714,48.39074],[7.18712,48.38444],[7.18086,48.37921],[7.1707,48.38596],[7.16852,48.37875],[7.15098,48.38219]],[[7.14407,48.389],[7.15302,48.39347],[7.15525,48.40356]],[[7.48092,48.58086],[7.49072,48.58101],[7.51198,48.59622]],[[7.51753,48.5979],[7.53651,48.60276]],[[7.53651,48.60276],[7.53897,48.59688]],[[7.53897,48.59688],[7.54436,48.58482]],[[7.36097,48.30804],[7.37369,48.32247],[7.38169,48.34428],[7.38944,48.34609]],[[7.48836,48.32226],[7.47222,48.30279]],[[7.33492,48.32501],[7.34657,48.31917]],[[7.3087,48.31306],[7.33492,48.32501]],[[7.52318,48.31692],[7.51924,48.30862],[7.5265,48.30464],[7.51707,48.29692],[7.51556,48.28684],[7.50829,48.28502]],[[7.50829,48.28502],[7.49961,48.27825],[7.49758,48.28348],[7.47208,48.29023],[7.46903,48.29787]],[[7.54796,48.31334],[7.55163,48.30595],[7.54374,48.29808],[7.53851,48.28542]],[[7.51183,48.28353],[7.50829,48.28502]],[[7.70155,48.5683],[7.68745,48.56833],[7.67361,48.56407]],[[7.66388,48.56589],[7.67396,48.57433],[7.67336,48.59794]],[[7.20335,48.30989],[7.20216,48.31359],[7.23468,48.32292],[7.25023,48.32441]],[[7.25023,48.32441],[7.26811,48.3308]],[[7.25955,48.3052],[7.24173,48.30243],[7.23505,48.30934],[7.20335,48.30989]],[[7.62519,48.29992],[7.63375,48.30942],[7.63224,48.3214]],[[7.53651,48.60276],[7.54661,48.62334]],[[7.58678,48.61212],[7.5817,48.61109]],[[7.56514,48.60181],[7.53897,48.59688]],[[7.10809,48.44029],[7.10191,48.45142],[7.10979,48.46648],[7.11874,48.47449],[7.11688,48.48489],[7.09366,48.48928],[7.09062,48.50366],[7.10323,48.49983],[7.13251,48.50215],[7.12079,48.50513],[7.12773,48.50952],[7.1178,48.51566],[7.10222,48.5187],[7.08072,48.51255],[7.06449,48.5234],[7.07936,48.53642]],[[7.16791,48.5276],[7.17024,48.51587]],[[7.17024,48.51587],[7.17556,48.50258],[7.16225,48.49291],[7.17306,48.48372]],[[7.62557,48.36453],[7.6489,48.36763],[7.65553,48.36119]],[[7.65739,48.3552],[7.6532,48.34318]],[[7.56617,48.3203],[7.58768,48.32038],[7.59047,48.32318]],[[7.59649,48.32195],[7.60972,48.30254]],[[7.58683,48.58805],[7.58655,48.58874]],[[7.58856,48.39141],[7.58881,48.3836]],[[7.53202,48.36821],[7.53191,48.38741],[7.54115,48.39627]],[[7.54781,48.41412],[7.55427,48.40666],[7.54999,48.39604],[7.56991,48.38888],[7.58856,48.39141]],[[7.23207,48.35087],[7.23638,48.34519],[7.26378,48.34049]],[[7.25023,48.32441],[7.23977,48.33283],[7.21193,48.33287],[7.19995,48.34032],[7.21009,48.34794]],[[7.21009,48.34794],[7.21509,48.35287],[7.23207,48.35087]],[[7.70401,48.55759],[7.69313,48.55558],[7.68818,48.54671]],[[7.28126,48.51012],[7.25094,48.51586],[7.23453,48.51446],[7.22414,48.52275],[7.18973,48.53283],[7.1871,48.53727]],[[7.23207,48.35087],[7.25162,48.35308],[7.25915,48.37043]],[[7.47867,48.61049],[7.47048,48.62921],[7.45708,48.63019]],[[7.49795,48.21428],[7.50066,48.22398],[7.49499,48.22464],[7.49938,48.23994],[7.50713,48.25352]],[[7.29548,48.33256],[7.30505,48.33831],[7.31606,48.33886]],[[7.31606,48.33886],[7.32505,48.33224]],[[7.32505,48.33224],[7.33492,48.32501]],[[7.24416,48.38196],[7.23642,48.37466],[7.21357,48.37055],[7.19433,48.35895],[7.19506,48.35329]],[[7.19506,48.35329],[7.17071,48.35094]],[[7.14792,48.33326],[7.13739,48.332],[7.11283,48.33593],[7.10767,48.34425],[7.07852,48.35107],[7.10082,48.37374]],[[7.32505,48.33224],[7.32502,48.33666],[7.34453,48.33847]],[[7.34453,48.33847],[7.34341,48.33202]],[[7.34341,48.33202],[7.33492,48.32501]],[[7.35376,48.31232],[7.35274,48.32116],[7.3603,48.32556],[7.35517,48.33393],[7.34341,48.33202]],[[7.34453,48.33847],[7.35621,48.34898]],[[7.58856,48.39141],[7.59316,48.39282]],[[7.10664,48.37606],[7.1041,48.38833],[7.08498,48.39789],[7.0958,48.40494]],[[7.46837,48.58828],[7.48847,48.59675]],[[7.17024,48.51587],[7.19329,48.50326],[7.21569,48.50148],[7.23543,48.4877],[7.24392,48.48913]],[[7.47694,48.20354],[7.43547,48.21786]],[[7.43547,48.21786],[7.41432,48.22491]],[[7.51451,48.35727],[7.52199,48.35719],[7.5311,48.36469]],[[7.21009,48.34794],[7.19506,48.35329]],[[7.31606,48.33886],[7.32444,48.3485]],[[7.20335,48.30989],[7.19828,48.31047]],[[7.19828,48.31047],[7.18977,48.31877],[7.19177,48.32485],[7.17721,48.32531],[7.18365,48.33935],[7.16954,48.3423]],[[7.15308,47.78873],[7.15768,47.78344],[7.17708,47.77697]],[[7.17708,47.77697],[7.1472,47.7468]],[[7.1472,47.7468],[7.12635,47.75113]],[[7.12635,47.75113],[7.12561,47.75188]],[[7.12561,47.75188],[7.13421,47.76251],[7.14803,47.77141],[7.1408,47.7786],[7.15308,47.78873]],[[7.11482,47.78557],[7.11705,47.79021]],[[7.11705,47.79021],[7.13638,47.79694],[7.1495,47.79275]],[[7.1495,47.79275],[7.15308,47.78873]],[[7.12561,47.75188],[7.09222,47.76244]],[[7.09222,47.76244],[7.11482,47.78557]],[[7.02567,47.82424],[7.06721,47.83617],[7.08134,47.83699],[7.10764,47.84889],[7.11649,47.84815]],[[7.11649,47.84815],[7.11363,47.839]],[[7.11363,47.839],[7.10485,47.83653],[7.10083,47.82836],[7.07249,47.81447],[7.05963,47.81652],[7.05091,47.80791]],[[7.05091,47.80791],[7.04545,47.80592]],[[7.04545,47.80592],[7.03289,47.81219],[7.02567,47.82424]],[[7.0714,47.76122],[7.04656,47.76429],[7.03602,47.76896]],[[7.03602,47.76896],[7.02635,47.77901]],[[7.02635,47.77901],[7.04635,47.7879]],[[7.04635,47.7879],[7.06362,47.77863]],[[7.06362,47.77863],[7.08011,47.76429]],[[7.08011,47.76429],[7.0714,47.76122]],[[7.18354,47.76872],[7.18364,47.77795],[7.17708,47.77697]],[[7.1495,47.79275],[7.1389,47.80783]],[[7.1389,47.80783],[7.16559,47.81222],[7.16542,47.81844]],[[7.16542,47.81844],[7.17925,47.81329],[7.19229,47.81386],[7.20365,47.80992]],[[7.20365,47.80992],[7.20249,47.80328],[7.21168,47.78332],[7.21025,47.77355]],[[7.21025,47.77355],[7.20039,47.77528],[7.19331,47.76745],[7.18354,47.76872]],[[7.08024,47.79409],[7.07625,47.80044]],[[7.07625,47.80044],[7.08359,47.80248],[7.11201,47.79348]],[[7.11201,47.79348],[7.11705,47.79021]],[[7.11482,47.78557],[7.09311,47.7856],[7.08024,47.79409]],[[7.04635,47.7879],[7.04102,47.7975],[7.04545,47.80592]],[[7.05091,47.80791],[7.07625,47.80044]],[[7.08024,47.79409],[7.06362,47.77863]],[[7.09222,47.76244],[7.08011,47.76429]],[[7.20845,47.73514],[7.18981,47.73071]],[[7.18981,47.73071],[7.1792,47.72863],[7.16245,47.73684]],[[7.16245,47.73684],[7.1472,47.7468]],[[7.18354,47.76872],[7.18099,47.76275],[7.19035,47.75263],[7.18698,47.74799],[7.20845,47.73514]],[[7.1389,47.80783],[7.12189,47.8238]],[[7.12189,47.8238],[7.11363,47.839]],[[7.11363,47.839],[7.12101,47.84073],[7.13135,47.83224],[7.16542,47.81844]],[[7.11201,47.79348],[7.11305,47.8052],[7.12189,47.8238]],[[7.13003,47.85378],[7.13132,47.85765]],[[7.13132,47.85765],[7.15651,47.86094]],[[7.15651,47.86094],[7.16152,47.86073]],[[7.16152,47.86073],[7.17311,47.85858],[7.17212,47.85295],[7.18958,47.84997]],[[7.18958,47.84997],[7.206,47.83775],[7.22316,47.82968]],[[7.22316,47.82968],[7.20915,47.8227],[7.16634,47.82994],[7.15587,47.83993],[7.13003,47.85378]],[[7.02567,47.82424],[7.03317,47.84084],[7.05142,47.84451],[7.07063,47.86022],[7.07224,47.87362]],[[7.07224,47.87362],[7.0814,47.88163]],[[7.0814,47.88163],[7.09042,47.8741],[7.08792,47.86539],[7.09484,47.86144],[7.12351,47.86769]],[[7.12351,47.86769],[7.13132,47.85765]],[[7.13003,47.85378],[7.11649,47.84815]],[[7.22316,47.82968],[7.22359,47.82941]],[[7.22359,47.82941],[7.22058,47.82034]],[[7.22058,47.82034],[7.20365,47.80992]],[[7.34353,47.96155],[7.39097,47.95397],[7.43005,47.94394]],[[7.43005,47.94394],[7.43995,47.94306]],[[7.43995,47.94306],[7.43621,47.93421]],[[7.43621,47.93421],[7.42658,47.93026]],[[7.42658,47.93026],[7.40242,47.93631],[7.39775,47.9421],[7.34701,47.95361],[7.34353,47.96155]],[[7.42122,47.48017],[7.42955,47.48242],[7.45563,47.47298],[7.44538,47.46171],[7.43007,47.45928]],[[7.43007,47.45928],[7.42003,47.47743]],[[7.42003,47.47743],[7.42122,47.48017]],[[7.3255,47.63336],[7.33585,47.62016]],[[7.33585,47.62016],[7.31659,47.61653]],[[7.31659,47.61653],[7.31401,47.62673]],[[7.31401,47.62673],[7.3255,47.63336]],[[7.2437,47.47192],[7.23082,47.46693]],[[7.23082,47.46693],[7.21278,47.47309],[7.20372,47.49177]],[[7.20372,47.49177],[7.20172,47.49533]],[[7.20172,47.49533],[7.21597,47.48616],[7.22391,47.4865],[7.2461,47.47331]],[[7.2461,47.47331],[7.2437,47.47192]],[[7.28039,47.4491],[7.28373,47.45918],[7.27481,47.47271]],[[7.27481,47.47271],[7.30203,47.48253],[7.30582,47.48611]],[[7.30582,47.48611],[7.31455,47.48602]],[[7.31455,47.48602],[7.32141,47.46987],[7.31823,47.44911]],[[7.31823,47.44911],[7.31586,47.44888]],[[7.31586,47.44888],[7.30122,47.45309],[7.28039,47.4491]],[[7.33983,47.45302],[7.35607,47.45765],[7.36522,47.46851],[7.37968,47.47537]],[[7.37968,47.47537],[7.39663,47.47005]],[[7.39663,47.47005],[7.39616,47.46387],[7.3775,47.44256]],[[7.3775,47.44256],[7.34116,47.4482],[7.33983,47.45302]],[[7.32536,47.45244],[7.3453,47.47018],[7.35759,47.49485]],[[7.35759,47.49485],[7.36449,47.49405]],[[7.36449,47.49405],[7.3637,47.48566],[7.37968,47.47537]],[[7.33983,47.45302],[7.32536,47.45244]],[[7.31455,47.48602],[7.32504,47.49145]],[[7.32504,47.49145],[7.33963,47.49621],[7.35759,47.49485]],[[7.32536,47.45244],[7.31823,47.44911]],[[7.25224,47.44267],[7.24905,47.46363],[7.2437,47.47192]],[[7.2461,47.47331],[7.2509,47.47432]],[[7.2509,47.47432],[7.27481,47.47271]],[[7.28039,47.4491],[7.27757,47.44404],[7.25224,47.44267]],[[7.07839,47.59685],[7.1016,47.60451],[7.11064,47.61315]],[[7.11064,47.61315],[7.13279,47.61728]],[[7.13279,47.61728],[7.1374,47.60263]],[[7.1374,47.60263],[7.12786,47.60401],[7.10329,47.59362],[7.09841,47.58531],[7.0889,47.58372]],[[7.0889,47.58372],[7.07839,47.59685]],[[7.23681,47.6028],[7.2199,47.61094]],[[7.2199,47.61094],[7.23132,47.63281]],[[7.23132,47.63281],[7.2502,47.63734]],[[7.2502,47.63734],[7.26898,47.63531],[7.26851,47.6298]],[[7.26851,47.6298],[7.26454,47.61649],[7.25141,47.60782]],[[7.25141,47.60782],[7.23681,47.6028]],[[7.15898,47.6989],[7.17027,47.7011],[7.1748,47.71263],[7.18207,47.7126],[7.18734,47.72333]],[[7.18734,47.72333],[7.19799,47.71208]],[[7.19799,47.71208],[7.20232,47.70107],[7.21277,47.69496]],[[7.21277,47.69496],[7.20018,47.68143]],[[7.20018,47.68143],[7.19278,47.68219]],[[7.19278,47.68219],[7.18025,47.68524],[7.16676,47.68359],[7.15596,47.69044]],[[7.15596,47.69044],[7.15898,47.6989]],[[7.21146,47.64705],[7.22545,47.65082],[7.24488,47.65106]],[[7.24488,47.65106],[7.24872,47.64794]],[[7.24872,47.64794],[7.2502,47.63734]],[[7.23132,47.63281],[7.21854,47.63741],[7.21146,47.64705]],[[7.45967,47.55428],[7.45349,47.56605],[7.45806,47.56801],[7.44888,47.57923]],[[7.44888,47.57923],[7.47037,47.57819]],[[7.47037,47.57819],[7.47723,47.57753]],[[7.47723,47.57753],[7.48878,47.56679]],[[7.48878,47.56679],[7.48302,47.5596]],[[7.48302,47.5596],[7.45967,47.55428]],[[7.14713,47.63571],[7.17693,47.63933]],[[7.17693,47.63933],[7.18276,47.62737],[7.17751,47.61804],[7.16797,47.61568],[7.1695,47.60985],[7.15602,47.60011]],[[7.15602,47.60011],[7.1388,47.60041]],[[7.1388,47.60041],[7.1374,47.60263]],[[7.13279,47.61728],[7.14295,47.62862]],[[7.14295,47.62862],[7.14713,47.63571]],[[7.16447,47.6571],[7.141,47.6615],[7.1305,47.66888]],[[7.1305,47.66888],[7.14832,47.68494]],[[7.14832,47.68494],[7.15596,47.69044]],[[7.19278,47.68219],[7.1892,47.67081]],[[7.1892,47.67081],[7.1668,47.65854]],[[7.1668,47.65854],[7.16447,47.6571]],[[7.44838,47.63495],[7.45345,47.64118]],[[7.45345,47.64118],[7.4738,47.64883],[7.49872,47.65346]],[[7.49872,47.65346],[7.51364,47.64153],[7.52378,47.64624]],[[7.52378,47.64624],[7.53277,47.63396]],[[7.53277,47.63396],[7.50896,47.63047]],[[7.50896,47.63047],[7.47307,47.61584]],[[7.47307,47.61584],[7.46376,47.62986],[7.44838,47.63495]],[[7.03865,47.69258],[7.0547,47.69297],[7.0583,47.6975]],[[7.0583,47.6975],[7.06954,47.69024],[7.07814,47.69468]],[[7.07814,47.69468],[7.07945,47.68777]],[[7.07945,47.68777],[7.07077,47.68558]],[[7.07077,47.68558],[7.06886,47.68764],[7.03863,47.68795]],[[7.03863,47.68795],[7.03865,47.69258]],[[7.2509,47.47432],[7.25515,47.48928]],[[7.25515,47.48928],[7.26769,47.49191]],[[7.26769,47.49191],[7.28696,47.49676]],[[7.28696,47.49676],[7.30089,47.49143],[7.31046,47.49283]],[[7.31046,47.49283],[7.30582,47.48611]],[[7.38592,47.56775],[7.3683,47.5722]],[[7.3683,47.5722],[7.36603,47.57285]],[[7.36603,47.57285],[7.36595,47.58187],[7.38672,47.59291],[7.40937,47.59007]],[[7.40937,47.59007],[7.41013,47.58976]],[[7.41013,47.58976],[7.40493,47.57719]],[[7.40493,47.57719],[7.38592,47.56775]],[[7.27224,47.5775],[7.26405,47.58678],[7.2877,47.59483]],[[7.2877,47.59483],[7.2927,47.59493]],[[7.2927,47.59493],[7.29749,47.59472]],[[7.29749,47.59472],[7.30376,47.58341]],[[7.30376,47.58341],[7.28092,47.57624],[7.28242,47.57171],[7.2714,47.56348]],[[7.2714,47.56348],[7.27224,47.5775]],[[7.43712,47.52337],[7.44259,47.50988]],[[7.44259,47.50988],[7.43701,47.50819]],[[7.43701,47.50819],[7.42433,47.50852],[7.41035,47.49796],[7.40181,47.5004]],[[7.40181,47.5004],[7.40588,47.50887],[7.42557,47.52356]],[[7.42557,47.52356],[7.43712,47.52337]],[[7.20733,47.52316],[7.19818,47.52872],[7.20611,47.54988]],[[7.20611,47.54988],[7.21112,47.55432]],[[7.21112,47.55432],[7.21298,47.55082],[7.22837,47.55382],[7.24193,47.54775]],[[7.24193,47.54775],[7.24445,47.53701]],[[7.24445,47.53701],[7.23019,47.52954]],[[7.23019,47.52954],[7.22616,47.5262]],[[7.22616,47.5262],[7.20733,47.52316]],[[7.4587,47.60777],[7.47307,47.61584]],[[7.50896,47.63047],[7.51748,47.61941],[7.5103,47.61409],[7.52203,47.5937],[7.51545,47.58894]],[[7.51545,47.58894],[7.50776,47.58393],[7.48789,47.57967],[7.48129,47.58163]],[[7.48129,47.58163],[7.48242,47.58635],[7.47306,47.60187],[7.4587,47.60777]],[[7.32061,47.50176],[7.32278,47.51221]],[[7.32278,47.51221],[7.3445,47.51893]],[[7.3445,47.51893],[7.35247,47.50636],[7.36022,47.50845]],[[7.36022,47.50845],[7.36449,47.49405]],[[7.32504,47.49145],[7.32061,47.50176]],[[7.05513,47.64984],[7.05319,47.64906]],[[7.05319,47.64906],[7.03924,47.65039]],[[7.03924,47.65039],[7.03418,47.66109],[7.04631,47.6715],[7.04166,47.67241]],[[7.04166,47.67241],[7.06445,47.67815]],[[7.06445,47.67815],[7.0774,47.6762]],[[7.0774,47.6762],[7.08293,47.6687],[7.06634,47.66411],[7.062,47.65879]],[[7.062,47.65879],[7.05513,47.64984]],[[7.0583,47.6975],[7.04692,47.72108]],[[7.04692,47.72108],[7.06787,47.71492]],[[7.06787,47.71492],[7.07587,47.70553]],[[7.07587,47.70553],[7.07814,47.69468]],[[7.44348,47.6339],[7.44838,47.63495]],[[7.4587,47.60777],[7.45643,47.60765]],[[7.45643,47.60765],[7.44348,47.6339]],[[7.33712,47.69923],[7.34823,47.70398],[7.35515,47.71206],[7.35139,47.71662]],[[7.35139,47.71662],[7.35776,47.71997]],[[7.35776,47.71997],[7.36382,47.71552]],[[7.36382,47.71552],[7.37375,47.70747]],[[7.37375,47.70747],[7.37699,47.7017]],[[7.37699,47.7017],[7.38108,47.69202],[7.37194,47.69003]],[[7.37194,47.69003],[7.35338,47.6906],[7.34036,47.68502]],[[7.34036,47.68502],[7.33712,47.69923]],[[7.29346,47.70173],[7.28301,47.72106],[7.27517,47.71999]],[[7.27517,47.71999],[7.28625,47.72926]],[[7.28625,47.72926],[7.30721,47.72858],[7.323,47.73377],[7.34452,47.72194]],[[7.34452,47.72194],[7.35139,47.71662]],[[7.33712,47.69923],[7.32383,47.70434],[7.31344,47.70141]],[[7.31344,47.70141],[7.30454,47.70477],[7.29346,47.70173]],[[7.12258,47.65848],[7.1191,47.66804]],[[7.1191,47.66804],[7.12508,47.67599]],[[7.12508,47.67599],[7.1305,47.66888]],[[7.16447,47.6571],[7.14227,47.65059]],[[7.14227,47.65059],[7.1253,47.65381]],[[7.1253,47.65381],[7.12258,47.65848]],[[7.49368,47.54457],[7.48302,47.5596]],[[7.48878,47.56679],[7.50551,47.56559],[7.51309,47.56953]],[[7.51309,47.56953],[7.51324,47.56202],[7.50319,47.55],[7.50788,47.54476]],[[7.50788,47.54476],[7.5045,47.54297]],[[7.5045,47.54297],[7.49368,47.54457]],[[7.17693,47.63933],[7.18886,47.64365]],[[7.18886,47.64365],[7.19668,47.65119]],[[7.19668,47.65119],[7.20558,47.64877]],[[7.20558,47.64877],[7.21146,47.64705]],[[7.2199,47.61094],[7.19733,47.61176],[7.18904,47.6072],[7.18586,47.59566]],[[7.18586,47.59566],[7.16267,47.59256],[7.15602,47.60011]],[[7.05319,47.64906],[7.05439,47.63991]],[[7.05439,47.63991],[7.04155,47.63507]],[[7.04155,47.63507],[7.01214,47.62313],[7.01053,47.63015]],[[7.01053,47.63015],[7.01917,47.64125],[7.0176,47.64986],[7.03924,47.65039]],[[7.23082,47.46693],[7.213,47.45376]],[[7.213,47.45376],[7.2039,47.45738],[7.18432,47.45405],[7.17825,47.45814]],[[7.17825,47.45814],[7.17725,47.4676],[7.19142,47.48877],[7.20231,47.49169]],[[7.20231,47.49169],[7.20372,47.49177]],[[7.11064,47.61315],[7.10547,47.6262]],[[7.10547,47.6262],[7.10888,47.63286]],[[7.10888,47.63286],[7.11804,47.63706]],[[7.11804,47.63706],[7.14295,47.62862]],[[7.1021,47.69987],[7.07587,47.70553]],[[7.07587,47.70553],[7.09871,47.71496],[7.11487,47.70975]],[[7.11487,47.70975],[7.12259,47.70132]],[[7.12259,47.70132],[7.1021,47.69987]],[[7.38662,47.70047],[7.41254,47.70889]],[[7.41254,47.70889],[7.41844,47.71135],[7.4691,47.71322]],[[7.4691,47.71322],[7.47143,47.70424]],[[7.47143,47.70424],[7.40681,47.68824],[7.39808,47.68416]],[[7.39808,47.68416],[7.38967,47.69052],[7.38662,47.70047]],[[7.20172,47.49533],[7.22274,47.50023],[7.234,47.50806]],[[7.234,47.50806],[7.24098,47.49926],[7.25761,47.49364],[7.25515,47.48928]],[[7.31338,47.52411],[7.31524,47.52686],[7.35127,47.53928]],[[7.35127,47.53928],[7.364,47.53319]],[[7.364,47.53319],[7.3445,47.51893]],[[7.32278,47.51221],[7.31338,47.52411]],[[7.1892,47.67081],[7.19668,47.65119]],[[7.18886,47.64365],[7.18007,47.64384],[7.1668,47.65854]],[[7.08361,47.647],[7.08802,47.63953]],[[7.08802,47.63953],[7.06953,47.63396]],[[7.06953,47.63396],[7.05439,47.63991]],[[7.05513,47.64984],[7.08361,47.647]],[[7.28146,47.63185],[7.29018,47.63708]],[[7.29018,47.63708],[7.29531,47.63713]],[[7.29531,47.63713],[7.30131,47.63395]],[[7.30131,47.63395],[7.29681,47.62175],[7.28744,47.61489]],[[7.28744,47.61489],[7.28116,47.62264],[7.28146,47.63185]],[[7.20018,47.68143],[7.22329,47.66501],[7.21763,47.65786]],[[7.21763,47.65786],[7.20558,47.64877]],[[7.38662,47.70047],[7.37699,47.7017]],[[7.37375,47.70747],[7.38792,47.71349],[7.39873,47.72243]],[[7.39873,47.72243],[7.41254,47.70889]],[[7.03742,47.72155],[7.04692,47.72108]],[[7.03865,47.69258],[7.02649,47.701],[7.03742,47.72155]],[[7.13031,47.68964],[7.13806,47.68203],[7.14832,47.68494]],[[7.12508,47.67599],[7.10494,47.68474]],[[7.10494,47.68474],[7.13031,47.68964]],[[7.24445,47.53701],[7.259,47.54035],[7.25666,47.54734]],[[7.25666,47.54734],[7.27275,47.54749]],[[7.27275,47.54749],[7.27374,47.52707]],[[7.27374,47.52707],[7.24249,47.52438]],[[7.24249,47.52438],[7.23019,47.52954]],[[7.31046,47.49283],[7.30945,47.50256],[7.32061,47.50176]],[[7.38838,47.50473],[7.37423,47.49498],[7.36449,47.49405]],[[7.36022,47.50845],[7.3848,47.52932]],[[7.3848,47.52932],[7.39195,47.53372]],[[7.39195,47.53372],[7.40738,47.52603]],[[7.40738,47.52603],[7.38838,47.50473]],[[7.32887,47.67764],[7.3083,47.69433],[7.31344,47.70141]],[[7.34036,47.68502],[7.32887,47.67764]],[[7.42557,47.52356],[7.42296,47.52683]],[[7.42296,47.52683],[7.42763,47.53554],[7.42604,47.54529]],[[7.42604,47.54529],[7.45039,47.55496],[7.45326,47.55339]],[[7.45326,47.55339],[7.46589,47.53602]],[[7.46589,47.53602],[7.44748,47.52995]],[[7.44748,47.52995],[7.43712,47.52337]],[[7.34247,47.57936],[7.34028,47.59249],[7.34862,47.61416]],[[7.34862,47.61416],[7.35903,47.61434]],[[7.35903,47.61434],[7.36963,47.60884]],[[7.36963,47.60884],[7.36217,47.60042],[7.36112,47.57369]],[[7.36112,47.57369],[7.35714,47.57213]],[[7.35714,47.57213],[7.34247,47.57936]],[[7.17563,47.55788],[7.15399,47.55855],[7.13158,47.54028]],[[7.13158,47.54028],[7.11878,47.54759]],[[7.11878,47.54759],[7.12073,47.55285],[7.13447,47.55771],[7.14669,47.57309],[7.1556,47.57748],[7.17282,47.57899],[7.17671,47.57491]],[[7.17671,47.57491],[7.18049,47.56555],[7.17563,47.55788]],[[7.2376,47.71086],[7.25274,47.69994],[7.28392,47.69587]],[[7.28392,47.69587],[7.27927,47.68818]],[[7.27927,47.68818],[7.25654,47.68419],[7.23985,47.6949]],[[7.23985,47.6949],[7.2336,47.70233],[7.2376,47.71086]],[[7.18586,47.59566],[7.18647,47.58919]],[[7.18647,47.58919],[7.14608,47.5815]],[[7.14608,47.5815],[7.13299,47.59468]],[[7.13299,47.59468],[7.1388,47.60041]],[[7.19799,47.71208],[7.21559,47.7148],[7.23864,47.71352]],[[7.23864,47.71352],[7.2376,47.71086]],[[7.23985,47.6949],[7.238,47.6907]],[[7.238,47.6907],[7.21277,47.69496]],[[7.41277,47.66058],[7.39809,47.66473]],[[7.39809,47.66473],[7.41366,47.66915],[7.43157,47.67846],[7.43574,47.67708],[7.47481,47.69156]],[[7.47481,47.69156],[7.47718,47.68641]],[[7.47718,47.68641],[7.45707,47.67378],[7.43254,47.66368]],[[7.43254,47.66368],[7.41277,47.66058]],[[7.13031,47.68964],[7.12259,47.70132]],[[7.11487,47.70975],[7.11504,47.71028]],[[7.11504,47.71028],[7.12363,47.70259],[7.12996,47.70687],[7.14653,47.70754],[7.15898,47.6989]],[[7.11804,47.63706],[7.1253,47.65381]],[[7.14227,47.65059],[7.14713,47.63571]],[[7.07945,47.68777],[7.10438,47.68666]],[[7.10438,47.68666],[7.10494,47.68474]],[[7.10494,47.68474],[7.0774,47.6762]],[[7.06445,47.67815],[7.07077,47.68558]],[[7.45437,47.74542],[7.45572,47.74347]],[[7.45572,47.74347],[7.46685,47.72247]],[[7.46685,47.72247],[7.4691,47.71322]],[[7.39873,47.72243],[7.39802,47.72968]],[[7.39802,47.72968],[7.41482,47.74075],[7.45437,47.74542]],[[7.47118,47.51217],[7.47618,47.52119],[7.4617,47.52985],[7.44748,47.52995]],[[7.46589,47.53602],[7.49368,47.54457]],[[7.5045,47.54297],[7.49903,47.53523]],[[7.49903,47.53523],[7.49543,47.52281]],[[7.49543,47.52281],[7.47118,47.51217]],[[7.47118,47.51217],[7.461,47.50888]],[[7.461,47.50888],[7.44259,47.50988]],[[7.32281,47.58923],[7.29749,47.59472]],[[7.2927,47.59493],[7.30477,47.60982],[7.31545,47.61581]],[[7.31545,47.61581],[7.31659,47.61653]],[[7.33585,47.62016],[7.33795,47.61687]],[[7.33795,47.61687],[7.32281,47.58923]],[[7.10438,47.68666],[7.11009,47.69229],[7.1021,47.69987]],[[7.51309,47.56953],[7.53838,47.57688]],[[7.53838,47.57688],[7.55177,47.56338]],[[7.55177,47.56338],[7.5307,47.55423],[7.51926,47.54614],[7.50788,47.54476]],[[7.21763,47.65786],[7.23477,47.66218],[7.24598,47.67027]],[[7.24598,47.67027],[7.2551,47.66065]],[[7.2551,47.66065],[7.24488,47.65106]],[[7.20854,47.56253],[7.22117,47.5616],[7.22728,47.57455],[7.24092,47.57798],[7.26104,47.5724]],[[7.26104,47.5724],[7.25554,47.55821],[7.24393,47.55921],[7.24193,47.54775]],[[7.21112,47.55432],[7.20854,47.56253]],[[7.18734,47.72333],[7.18981,47.73071]],[[7.20845,47.73514],[7.24036,47.73998]],[[7.24036,47.73998],[7.25113,47.72223]],[[7.25113,47.72223],[7.23864,47.71352]],[[7.38953,47.61101],[7.39663,47.61279]],[[7.39663,47.61279],[7.42844,47.61719]],[[7.42844,47.61719],[7.43292,47.59587]],[[7.43292,47.59587],[7.42613,47.59407]],[[7.42613,47.59407],[7.41013,47.58976]],[[7.40937,47.59007],[7.39298,47.60211],[7.39013,47.61033]],[[7.39013,47.61033],[7.38953,47.61101]],[[7.47723,47.57753],[7.48129,47.58163]],[[7.51545,47.58894],[7.52601,47.58735],[7.54894,47.59632],[7.5547,47.58435],[7.53838,47.57688]],[[7.13515,47.5801],[7.14608,47.5815]],[[7.18647,47.58919],[7.18618,47.5773]],[[7.18618,47.5773],[7.17671,47.57491]],[[7.11878,47.54759],[7.11007,47.54897],[7.10753,47.55858]],[[7.10753,47.55858],[7.11959,47.56542],[7.13515,47.5801]],[[7.20795,47.56558],[7.22019,47.5706],[7.23681,47.6028]],[[7.25141,47.60782],[7.26199,47.60845],[7.27248,47.60237],[7.28636,47.60738]],[[7.28636,47.60738],[7.2877,47.59483]],[[7.27224,47.5775],[7.26104,47.5724]],[[7.20854,47.56253],[7.20795,47.56558]],[[7.20795,47.56558],[7.19578,47.56856],[7.18618,47.5773]],[[7.25113,47.72223],[7.27517,47.71999]],[[7.29346,47.70173],[7.28392,47.69587]],[[7.45437,47.74542],[7.44473,47.76305]],[[7.44473,47.76305],[7.50079,47.77007],[7.533,47.76679]],[[7.533,47.76679],[7.53985,47.75433]],[[7.53985,47.75433],[7.52161,47.74829],[7.48563,47.74341],[7.45572,47.74347]],[[7.33795,47.61687],[7.34862,47.61416]],[[7.34247,47.57936],[7.32281,47.58923]],[[7.5665,47.5915],[7.58707,47.60088],[7.59304,47.5986]],[[7.59304,47.5986],[7.58489,47.57563],[7.5748,47.57614]],[[7.5748,47.57614],[7.57319,47.58638],[7.5665,47.5915]],[[7.27927,47.68818],[7.29126,47.6769],[7.30535,47.67167]],[[7.30535,47.67167],[7.29094,47.67242],[7.27666,47.66226]],[[7.27666,47.66226],[7.2551,47.66065]],[[7.24598,47.67027],[7.24572,47.67975],[7.238,47.6907]],[[7.33935,47.78309],[7.34853,47.79816]],[[7.34853,47.79816],[7.35404,47.79882]],[[7.35404,47.79882],[7.3556,47.78175],[7.36154,47.77398],[7.37202,47.77046],[7.39288,47.77348]],[[7.39288,47.77348],[7.39344,47.7684],[7.38025,47.75848]],[[7.38025,47.75848],[7.36826,47.75962]],[[7.36826,47.75962],[7.34902,47.76103],[7.3409,47.76736],[7.33935,47.78309]],[[7.36963,47.60884],[7.37678,47.60609],[7.39013,47.61033]],[[7.36603,47.57285],[7.36112,47.57369]],[[7.43717,47.63318],[7.44348,47.6339]],[[7.45643,47.60765],[7.44594,47.59982]],[[7.44594,47.59982],[7.43292,47.59587]],[[7.42844,47.61719],[7.4369,47.62433],[7.43717,47.63318]],[[7.49872,47.65346],[7.50059,47.65993],[7.4879,47.66562],[7.47718,47.68641]],[[7.47481,47.69156],[7.47143,47.70424]],[[7.47143,47.70424],[7.51055,47.70621],[7.51375,47.70282]],[[7.51375,47.70282],[7.51257,47.69485],[7.51999,47.68266],[7.5196,47.66776],[7.52467,47.66019]],[[7.52467,47.66019],[7.52027,47.66017],[7.52378,47.64624]],[[7.3775,47.44256],[7.40019,47.44148],[7.40034,47.43539]],[[7.40034,47.43539],[7.38558,47.43162],[7.34508,47.43603],[7.33902,47.44089],[7.32456,47.43895]],[[7.32456,47.43895],[7.31586,47.44888]],[[7.41497,47.56773],[7.42299,47.55779],[7.41747,47.5543]],[[7.41747,47.5543],[7.39618,47.55378]],[[7.39618,47.55378],[7.37947,47.56191],[7.38592,47.56775]],[[7.40493,47.57719],[7.41497,47.56773]],[[7.26769,47.49191],[7.25993,47.51003],[7.24249,47.52438]],[[7.27374,47.52707],[7.29014,47.51812]],[[7.29014,47.51812],[7.28696,47.49676]],[[7.38426,47.66093],[7.39446,47.66372]],[[7.39446,47.66372],[7.39809,47.66473]],[[7.41277,47.66058],[7.41024,47.64884]],[[7.41024,47.64884],[7.39597,47.64117]],[[7.39597,47.64117],[7.38191,47.62998]],[[7.38191,47.62998],[7.36862,47.6333]],[[7.36862,47.6333],[7.37002,47.63815],[7.38773,47.64115],[7.38426,47.66093]],[[7.39808,47.68416],[7.38781,47.67312]],[[7.38781,47.67312],[7.37194,47.69003]],[[7.20611,47.54988],[7.19712,47.54756]],[[7.19712,47.54756],[7.17621,47.5547]],[[7.17621,47.5547],[7.17563,47.55788]],[[7.20622,47.43489],[7.17077,47.44305],[7.17825,47.45814]],[[7.213,47.45376],[7.20622,47.43489]],[[7.49543,47.52281],[7.4978,47.52123]],[[7.4978,47.52123],[7.50817,47.51089],[7.51098,47.49666],[7.48686,47.48173],[7.47091,47.48042],[7.46211,47.4891],[7.45462,47.48943]],[[7.45462,47.48943],[7.46713,47.5005],[7.461,47.50888]],[[7.45462,47.48943],[7.43476,47.49797]],[[7.43476,47.49797],[7.43701,47.50819]],[[7.40738,47.52603],[7.42296,47.52683]],[[7.40181,47.5004],[7.38838,47.50473]],[[7.32456,47.43895],[7.30288,47.43871],[7.29141,47.43321],[7.28154,47.43422],[7.26949,47.42671],[7.24618,47.42022],[7.2359,47.43688]],[[7.2359,47.43688],[7.25224,47.44267]],[[7.29018,47.63708],[7.29054,47.64427],[7.2795,47.64906]],[[7.2795,47.64906],[7.27666,47.66226]],[[7.30535,47.67167],[7.32063,47.66804]],[[7.32063,47.66804],[7.31688,47.6559]],[[7.31688,47.6559],[7.30969,47.65674],[7.29531,47.63713]],[[7.05012,47.6152],[7.03566,47.62044]],[[7.03566,47.62044],[7.04293,47.62655],[7.04155,47.63507]],[[7.06953,47.63396],[7.07512,47.61911]],[[7.07512,47.61911],[7.05012,47.6152]],[[7.25217,47.77157],[7.26853,47.77585],[7.2901,47.7757],[7.2879,47.76733],[7.29808,47.75529]],[[7.29808,47.75529],[7.28271,47.74572]],[[7.28271,47.74572],[7.25906,47.74725]],[[7.25906,47.74725],[7.25567,47.76471],[7.23833,47.77057]],[[7.23833,47.77057],[7.25217,47.77157]],[[7.02542,47.59268],[7.02282,47.59841],[7.03624,47.60434],[7.03811,47.61635],[7.02889,47.61751]],[[7.02889,47.61751],[7.03566,47.62044]],[[7.05012,47.6152],[7.06287,47.60352],[7.07348,47.60432],[7.07403,47.59887]],[[7.07403,47.59887],[7.03978,47.60115],[7.02542,47.59268]],[[7.41024,47.64884],[7.42106,47.64756]],[[7.42106,47.64756],[7.4282,47.63503]],[[7.4282,47.63503],[7.41006,47.62871],[7.40845,47.62489]],[[7.40845,47.62489],[7.40452,47.63715],[7.39597,47.64117]],[[7.38953,47.61101],[7.38191,47.62998]],[[7.40845,47.62489],[7.39663,47.61279]],[[7.07839,47.59685],[7.07436,47.59886]],[[7.07436,47.59886],[7.08011,47.60629],[7.0786,47.61775]],[[7.0786,47.61775],[7.10547,47.6262]],[[7.10897,47.58198],[7.10774,47.58671],[7.13299,47.59468]],[[7.13515,47.5801],[7.12095,47.58749],[7.10897,47.58198]],[[7.47037,47.57819],[7.44594,47.59982]],[[7.41497,47.56773],[7.43792,47.57728]],[[7.43792,47.57728],[7.44888,47.57923]],[[7.45967,47.55428],[7.45326,47.55339]],[[7.42604,47.54529],[7.41747,47.5543]],[[7.234,47.50806],[7.22437,47.51906],[7.22616,47.5262]],[[7.01001,47.60474],[7.02215,47.60969],[7.02889,47.61751]],[[7.02542,47.59268],[7.00594,47.60236],[7.01001,47.60474]],[[7.01001,47.60474],[7.00505,47.6196],[7.01053,47.63015]],[[7.20172,47.49533],[7.19629,47.51533]],[[7.19629,47.51533],[7.20733,47.52316]],[[7.24036,47.73998],[7.25906,47.74725]],[[7.28271,47.74572],[7.28846,47.73799],[7.28625,47.72926]],[[7.3848,47.52932],[7.364,47.53319]],[[7.35127,47.53928],[7.35024,47.54475]],[[7.35024,47.54475],[7.35245,47.56019],[7.3683,47.5722]],[[7.39618,47.55378],[7.39195,47.53372]],[[7.31205,47.77661],[7.32873,47.77832],[7.33935,47.78309]],[[7.36826,47.75962],[7.36152,47.75707],[7.35179,47.7378],[7.35647,47.73265],[7.34452,47.72194]],[[7.29808,47.75529],[7.3174,47.76227],[7.31205,47.77661]],[[7.49903,47.53523],[7.5014,47.52872],[7.51926,47.53455],[7.53143,47.52829],[7.52294,47.51424],[7.50348,47.51461],[7.4978,47.52123]],[[7.46685,47.72247],[7.49323,47.7246],[7.51895,47.72364],[7.53495,47.71472]],[[7.53495,47.71472],[7.51375,47.70282]],[[7.30376,47.58341],[7.31139,47.5753],[7.32956,47.56748],[7.34679,47.56898]],[[7.34679,47.56898],[7.34145,47.56143]],[[7.34145,47.56143],[7.33915,47.56363],[7.30691,47.55228],[7.29941,47.54192]],[[7.29941,47.54192],[7.29537,47.55523],[7.27815,47.55271],[7.27275,47.54749]],[[7.25666,47.54734],[7.26543,47.54927],[7.2714,47.56348]],[[7.2359,47.43688],[7.22365,47.43961],[7.20622,47.43489]],[[7.31401,47.62673],[7.30131,47.63395]],[[7.31688,47.6559],[7.34075,47.64163]],[[7.34075,47.64163],[7.3255,47.63336]],[[7.43476,47.49797],[7.42122,47.48017]],[[7.42003,47.47743],[7.39663,47.47005]],[[7.44598,47.76574],[7.45455,47.78452]],[[7.45455,47.78452],[7.46044,47.80594]],[[7.46044,47.80594],[7.46051,47.80666]],[[7.46051,47.80666],[7.50509,47.80771],[7.54066,47.8029]],[[7.54066,47.8029],[7.53126,47.78676],[7.533,47.76679]],[[7.44473,47.76305],[7.44598,47.76574]],[[7.53985,47.75433],[7.54808,47.73959],[7.54347,47.72195],[7.53495,47.71472]],[[7.25217,47.77157],[7.25616,47.78135]],[[7.25616,47.78135],[7.28189,47.77697],[7.3086,47.77788]],[[7.3086,47.77788],[7.31205,47.77661]],[[7.14217,47.52502],[7.14677,47.5283],[7.1602,47.52067]],[[7.1602,47.52067],[7.1845,47.51794],[7.19247,47.52148],[7.19629,47.51533]],[[7.20231,47.49169],[7.20105,47.49391],[7.16754,47.48941],[7.13035,47.50303],[7.13788,47.5106],[7.14217,47.52502]],[[7.43792,47.57728],[7.42613,47.59407]],[[7.35331,47.64622],[7.36986,47.66249]],[[7.36986,47.66249],[7.38426,47.66093]],[[7.36862,47.6333],[7.36583,47.63342]],[[7.36583,47.63342],[7.35331,47.64622]],[[7.21025,47.77355],[7.23833,47.77057]],[[7.08802,47.63953],[7.10888,47.63286]],[[7.0786,47.61775],[7.07512,47.61911]],[[7.38025,47.75848],[7.37997,47.7351],[7.35776,47.71997]],[[7.29941,47.54192],[7.30915,47.52742]],[[7.30915,47.52742],[7.29014,47.51812]],[[7.39288,47.77348],[7.44598,47.76574]],[[7.39802,47.72968],[7.37148,47.72096],[7.36382,47.71552]],[[7.07436,47.59886],[7.07403,47.59887]],[[7.30915,47.52742],[7.31863,47.54394],[7.3239,47.54585]],[[7.3239,47.54585],[7.33495,47.54756],[7.35024,47.54475]],[[7.31338,47.52411],[7.30915,47.52742]],[[7.52467,47.66019],[7.53842,47.64881],[7.56713,47.63205]],[[7.56713,47.63205],[7.55359,47.6205]],[[7.55359,47.6205],[7.54144,47.62514],[7.53277,47.63396]],[[7.04166,47.67241],[7.03895,47.67854],[7.04803,47.6841],[7.03863,47.68795]],[[7.5748,47.57614],[7.55671,47.57231],[7.55177,47.56338]],[[7.55359,47.6205],[7.54626,47.60636],[7.5575,47.60743],[7.5665,47.5915]],[[7.10897,47.58198],[7.09436,47.57349]],[[7.09436,47.57349],[7.0889,47.58372]],[[7.35371,47.8008],[7.37676,47.79549],[7.45455,47.78452]],[[7.35404,47.79882],[7.35371,47.8008]],[[7.39446,47.66372],[7.38781,47.67312]],[[7.28636,47.60738],[7.29468,47.60939],[7.30608,47.61968],[7.31545,47.61581]],[[7.19712,47.54756],[7.19222,47.54205],[7.16787,47.52771],[7.1602,47.52067]],[[7.14217,47.52502],[7.13788,47.53065]],[[7.13788,47.53065],[7.15666,47.53807],[7.17621,47.5547]],[[7.43708,47.65877],[7.43254,47.66368]],[[7.45345,47.64118],[7.44821,47.65258],[7.43708,47.65877]],[[7.36986,47.66249],[7.35331,47.67163],[7.34091,47.67144],[7.32887,47.67764]],[[7.32063,47.66804],[7.32887,47.67764]],[[7.35331,47.64622],[7.34075,47.64163]],[[7.3239,47.54585],[7.34145,47.56143]],[[7.34679,47.56898],[7.35714,47.57213]],[[7.4282,47.63503],[7.43717,47.63318]],[[7.10753,47.55858],[7.10553,47.56889],[7.09436,47.57349]],[[7.2795,47.64906],[7.2576,47.65018],[7.24872,47.64794]],[[7.28636,47.60738],[7.28744,47.61489]],[[7.062,47.65879],[7.08774,47.65891],[7.1191,47.66804]],[[7.12258,47.65848],[7.12043,47.65234],[7.10932,47.64736],[7.08361,47.647]],[[7.13788,47.53065],[7.13158,47.54028]],[[7.42106,47.64756],[7.43011,47.64932],[7.43708,47.65877]],[[7.56713,47.63205],[7.57361,47.61667],[7.5891,47.60677],[7.59304,47.5986]],[[7.36583,47.63342],[7.35446,47.62445],[7.35903,47.61434]],[[7.28146,47.63185],[7.26851,47.6298]],[[7.22058,47.82034],[7.25024,47.8163],[7.28196,47.82505]],[[7.28196,47.82505],[7.28843,47.82482]],[[7.28843,47.82482],[7.28546,47.81386],[7.2741,47.80606],[7.27406,47.79984],[7.2618,47.79214]],[[7.2618,47.79214],[7.25219,47.78616],[7.25616,47.78135]],[[7.43007,47.45928],[7.42103,47.44611],[7.40034,47.43539]],[[7.51811,48.06957],[7.51527,48.07357]],[[7.51527,48.07357],[7.52203,48.078],[7.52387,48.09455]],[[7.52387,48.09455],[7.55179,48.09191],[7.56243,48.08495],[7.57359,48.09107]],[[7.57359,48.09107],[7.56933,48.07833],[7.57339,48.05963]],[[7.57339,48.05963],[7.55522,48.05945],[7.53587,48.06432],[7.53387,48.06982],[7.51811,48.06957]],[[7.46193,47.82489],[7.46973,47.83622]],[[7.46973,47.83622],[7.50438,47.84222],[7.54222,47.83625]],[[7.54222,47.83625],[7.54374,47.82586],[7.52978,47.81129],[7.54585,47.81265]],[[7.54585,47.81265],[7.54066,47.8029]],[[7.46051,47.80666],[7.46193,47.82489]],[[7.27413,47.79132],[7.3101,47.79472],[7.33007,47.80045],[7.34853,47.79816]],[[7.3086,47.77788],[7.31024,47.78185],[7.29821,47.79214],[7.27413,47.79132]],[[7.41068,48.05914],[7.41518,48.08273]],[[7.41518,48.08273],[7.43052,48.08071],[7.43296,48.08512]],[[7.43296,48.08512],[7.45639,48.07301],[7.45924,48.06644]],[[7.45924,48.06644],[7.4645,48.0604],[7.46863,48.04408]],[[7.46863,48.04408],[7.46043,48.05021],[7.42047,48.05195],[7.41068,48.05914]],[[7.35371,47.8008],[7.35415,47.8052]],[[7.35415,47.8052],[7.37781,47.80788]],[[7.37781,47.80788],[7.38806,47.80657],[7.46044,47.80594]],[[7.37439,47.83164],[7.40242,47.83362],[7.42263,47.82738],[7.42636,47.83407]],[[7.42636,47.83407],[7.44069,47.82456],[7.46193,47.82489]],[[7.37781,47.80788],[7.37254,47.82415],[7.37439,47.83164]],[[7.18958,47.84997],[7.19213,47.85293],[7.21673,47.8583],[7.23198,47.85676]],[[7.23198,47.85676],[7.24182,47.84887],[7.22661,47.83051]],[[7.22661,47.83051],[7.22359,47.82941]],[[7.43963,48.09775],[7.43296,48.08512]],[[7.41518,48.08273],[7.42909,48.0938],[7.4172,48.09953]],[[7.4172,48.09953],[7.42446,48.10403]],[[7.42446,48.10403],[7.44746,48.10494]],[[7.44746,48.10494],[7.43963,48.09775]],[[7.23198,47.85676],[7.23248,47.85782]],[[7.23248,47.85782],[7.24282,47.85935],[7.24694,47.87332],[7.25709,47.87481]],[[7.25709,47.87481],[7.27043,47.87208]],[[7.27043,47.87208],[7.27225,47.85925],[7.2589,47.84171]],[[7.2589,47.84171],[7.2489,47.83876],[7.2328,47.82744],[7.22661,47.83051]],[[7.02635,47.77901],[7.02556,47.78676],[7.00901,47.8022],[7.01707,47.81319],[7.02541,47.80912],[7.03087,47.8134],[7.01769,47.82235]],[[7.01769,47.82235],[7.02567,47.82424]],[[7.54222,47.83625],[7.55473,47.85376],[7.56355,47.85213]],[[7.56355,47.85213],[7.56147,47.83868],[7.54585,47.81265]],[[7.35277,48.04306],[7.35277,48.05235],[7.33514,48.05491],[7.323,48.0601]],[[7.323,48.0601],[7.32607,48.06407],[7.31551,48.07049],[7.32501,48.08793]],[[7.32501,48.08793],[7.32922,48.09805],[7.32933,48.11417]],[[7.32933,48.11417],[7.33181,48.121]],[[7.33181,48.121],[7.34871,48.12605]],[[7.34871,48.12605],[7.3486,48.12483]],[[7.3486,48.12483],[7.34989,48.1174],[7.37699,48.11578],[7.38912,48.12503],[7.39018,48.14026],[7.38504,48.13994],[7.39087,48.1537]],[[7.39087,48.1537],[7.39977,48.15386],[7.40242,48.16105],[7.38946,48.16075],[7.38432,48.16551],[7.39002,48.17369]],[[7.39002,48.17369],[7.40757,48.17548]],[[7.40757,48.17548],[7.42769,48.17137],[7.43104,48.18193],[7.44268,48.18101],[7.44977,48.16306],[7.46384,48.15842]],[[7.46384,48.15842],[7.46807,48.15684],[7.46702,48.14278]],[[7.46702,48.14278],[7.45643,48.13356]],[[7.45643,48.13356],[7.43508,48.14305],[7.42535,48.13153],[7.41426,48.13238],[7.40612,48.12407],[7.39796,48.10645]],[[7.39796,48.10645],[7.39768,48.09457],[7.38498,48.08336],[7.38815,48.06799],[7.39991,48.0583]],[[7.39991,48.0583],[7.40114,48.05144],[7.383,48.04312],[7.37326,48.04246]],[[7.37326,48.04246],[7.35277,48.04306]],[[7.27043,47.87208],[7.27454,47.87799],[7.29045,47.87637]],[[7.29045,47.87637],[7.2768,47.86072],[7.28089,47.85357],[7.27222,47.83991]],[[7.27222,47.83991],[7.25924,47.83399],[7.2589,47.84171]],[[7.43963,48.09775],[7.45457,48.09777],[7.45769,48.09124],[7.46795,48.08814]],[[7.46795,48.08814],[7.46777,48.07805]],[[7.46777,48.07805],[7.45924,48.06644]],[[7.30281,48.01493],[7.30592,48.02871],[7.29476,48.02851]],[[7.29476,48.02851],[7.3133,48.03218],[7.34775,48.02436],[7.34783,48.02792]],[[7.34783,48.02792],[7.35287,48.02234],[7.34642,48.01739]],[[7.34642,48.01739],[7.34234,48.00486]],[[7.34234,48.00486],[7.32319,48.00698]],[[7.32319,48.00698],[7.30281,48.01493]],[[7.4172,48.09953],[7.41241,48.10623],[7.39796,48.10645]],[[7.45643,48.13356],[7.44552,48.12111]],[[7.44552,48.12111],[7.42446,48.10403]],[[7.41068,48.05914],[7.39991,48.0583]],[[7.3486,48.12483],[7.36768,48.13028]],[[7.36768,48.13028],[7.37928,48.15637],[7.39087,48.1537]],[[7.30209,48.1156],[7.32933,48.11417]],[[7.32501,48.08793],[7.30439,48.08865]],[[7.30439,48.08865],[7.28823,48.09483]],[[7.28823,48.09483],[7.29106,48.10489],[7.30384,48.10633],[7.30209,48.1156]],[[7.45188,48.11029],[7.44552,48.12111]],[[7.46702,48.14278],[7.50697,48.13279],[7.51535,48.13313]],[[7.51859,48.12776],[7.51037,48.12083],[7.5119,48.1123]],[[7.5119,48.1123],[7.49497,48.10781]],[[7.49497,48.10781],[7.45188,48.11029]],[[7.44746,48.10494],[7.45188,48.11029]],[[7.49497,48.10781],[7.49058,48.09264]],[[7.49058,48.09264],[7.47191,48.09156],[7.46795,48.08814]],[[7.23125,48.09957],[7.25124,48.10851]],[[7.25124,48.10851],[7.28547,48.10044],[7.27799,48.09531]],[[7.27799,48.09531],[7.26042,48.09447],[7.23125,48.09957]],[[7.28196,47.82505],[7.2758,47.84144]],[[7.2758,47.84144],[7.2904,47.8542],[7.29473,47.8515],[7.31528,47.85642]],[[7.31528,47.85642],[7.3277,47.85455],[7.31552,47.8361]],[[7.31552,47.8361],[7.30638,47.83145]],[[7.30638,47.83145],[7.28843,47.82482]],[[7.2618,47.79214],[7.27413,47.79132]],[[7.31552,47.8361],[7.32555,47.83242],[7.37439,47.83164]],[[7.35415,47.8052],[7.35471,47.81527],[7.34513,47.81942],[7.35003,47.82598],[7.32677,47.83049],[7.31457,47.82673],[7.30638,47.83145]],[[7.34783,48.02792],[7.34997,48.03992]],[[7.34997,48.03992],[7.35277,48.04306]],[[7.37326,48.04246],[7.37389,48.03779],[7.38787,48.03286],[7.40941,48.03126]],[[7.40941,48.03126],[7.4003,48.01888],[7.40711,48.01363],[7.42449,48.01082]],[[7.42449,48.01082],[7.43167,48.00023],[7.46344,47.99349]],[[7.46344,47.99349],[7.46139,47.98623],[7.44911,47.97498]],[[7.44911,47.97498],[7.44881,47.9798],[7.41606,47.99299],[7.39594,47.99805],[7.36914,47.99587],[7.35816,48.00126],[7.36133,48.00574],[7.34642,48.01739]],[[7.27222,47.83991],[7.2758,47.84144]],[[7.46863,48.04408],[7.47153,48.03936]],[[7.47153,48.03936],[7.47025,48.03378]],[[7.47025,48.03378],[7.44849,48.04019],[7.43536,48.0308],[7.43022,48.03247]],[[7.43022,48.03247],[7.40941,48.03126]],[[7.21877,48.09846],[7.23125,48.09957]],[[7.27799,48.09531],[7.28823,48.09483]],[[7.30439,48.08865],[7.30642,48.07311],[7.26526,48.07859],[7.25006,48.07427]],[[7.25006,48.07427],[7.21531,48.08005],[7.20696,48.07684]],[[7.20696,48.07684],[7.19614,48.08427]],[[7.19614,48.08427],[7.1946,48.09023],[7.21877,48.09846]],[[7.29045,47.87637],[7.2966,47.88192],[7.29832,47.89527]],[[7.29832,47.89527],[7.31682,47.90101]],[[7.31682,47.90101],[7.33047,47.89372],[7.32985,47.8773]],[[7.32985,47.8773],[7.31528,47.85642]],[[7.20696,48.07684],[7.23402,48.06652]],[[7.23402,48.06652],[7.2248,48.05483]],[[7.2248,48.05483],[7.18224,48.07493],[7.18596,48.08469]],[[7.18596,48.08469],[7.19614,48.08427]],[[7.34997,48.03992],[7.34167,48.04643],[7.33086,48.0445],[7.30696,48.05148],[7.27841,48.0447],[7.25486,48.0415]],[[7.25486,48.0415],[7.27174,48.05742],[7.28852,48.05746],[7.30331,48.06365],[7.323,48.0601]],[[7.23402,48.06652],[7.25006,48.07427]],[[7.25486,48.0415],[7.24248,48.03608]],[[7.24248,48.03608],[7.23556,48.03695]],[[7.23556,48.03695],[7.2248,48.05483]],[[7.57731,48.12037],[7.57977,48.10684]],[[7.57977,48.10684],[7.57162,48.10405],[7.56377,48.10963],[7.55203,48.1093],[7.54862,48.10399],[7.51768,48.10433]],[[7.51768,48.10433],[7.5119,48.1123]],[[7.46344,47.99349],[7.466,47.99441]],[[7.466,47.99441],[7.48457,47.99752],[7.49785,47.99269],[7.51182,47.99203]],[[7.51182,47.99203],[7.51047,47.98303],[7.51896,47.97721]],[[7.51896,47.97721],[7.51134,47.97556],[7.50149,47.95441],[7.49438,47.95445],[7.48925,47.94526]],[[7.48925,47.94526],[7.47398,47.95364],[7.44733,47.95697]],[[7.44733,47.95697],[7.44911,47.97498]],[[7.04662,47.8739],[7.0522,47.89065],[7.07573,47.89902],[7.07946,47.90333]],[[7.07946,47.90333],[7.09926,47.9023]],[[7.09926,47.9023],[7.09808,47.90041]],[[7.09808,47.90041],[7.0814,47.88163]],[[7.07224,47.87362],[7.04662,47.8739]],[[7.03756,47.92259],[7.04238,47.93528]],[[7.04238,47.93528],[7.06314,47.93205],[7.08879,47.93417],[7.10811,47.94163],[7.14262,47.9444]],[[7.14262,47.9444],[7.17217,47.93615]],[[7.17217,47.93615],[7.15579,47.93003]],[[7.15579,47.93003],[7.12909,47.92469],[7.11695,47.91631],[7.10694,47.91978],[7.09941,47.90248]],[[7.09941,47.90248],[7.09926,47.9023]],[[7.07946,47.90333],[7.06912,47.90528],[7.06288,47.91206],[7.05055,47.91045]],[[7.05055,47.91045],[7.03756,47.92259]],[[7.32841,47.93715],[7.33514,47.94948],[7.34342,47.94819]],[[7.34342,47.94819],[7.36993,47.93596],[7.3707,47.92782]],[[7.3707,47.92782],[7.34914,47.92171],[7.33311,47.92231]],[[7.33311,47.92231],[7.32841,47.93715]],[[7.52026,48.02082],[7.51992,48.02263]],[[7.51992,48.02263],[7.53347,48.02216],[7.53472,48.01423],[7.52704,48.011],[7.52026,48.02082]],[[7.34342,47.94819],[7.3466,47.95287],[7.33494,47.96154]],[[7.33494,47.96154],[7.34353,47.96155]],[[7.42658,47.93026],[7.4165,47.92308]],[[7.4165,47.92308],[7.39665,47.92367],[7.3707,47.92782]],[[7.20324,47.99393],[7.20325,48.00631]],[[7.20325,48.00631],[7.21932,48.00591],[7.23213,48.00146]],[[7.23213,48.00146],[7.22808,47.97874]],[[7.22808,47.97874],[7.20987,47.97919],[7.20042,47.98877]],[[7.20042,47.98877],[7.20324,47.99393]],[[7.52387,48.09455],[7.51768,48.10433]],[[7.57977,48.10684],[7.57359,48.09107]],[[7.3346,48.14832],[7.31873,48.15692]],[[7.31873,48.15692],[7.31826,48.16343]],[[7.31826,48.16343],[7.34305,48.16494],[7.35198,48.1765],[7.36034,48.16952]],[[7.36034,48.16952],[7.3543,48.14793]],[[7.3543,48.14793],[7.3346,48.14832]],[[7.30414,48.14371],[7.31804,48.14907],[7.3346,48.14832]],[[7.3543,48.14793],[7.36018,48.14758],[7.35863,48.13486],[7.36768,48.13028]],[[7.34871,48.12605],[7.33759,48.13445],[7.31811,48.1369],[7.30414,48.14371]],[[7.08416,48.12921],[7.06985,48.12948],[7.05802,48.1377],[7.07992,48.16578],[7.07756,48.17092],[7.08582,48.18405],[7.10629,48.1943]],[[7.10629,48.1943],[7.125,48.19124],[7.14029,48.19409]],[[7.14029,48.19409],[7.13037,48.18134],[7.1309,48.17019],[7.11716,48.154]],[[7.11716,48.154],[7.10463,48.14204],[7.09289,48.13869],[7.08416,48.12921]],[[7.17217,47.93615],[7.1781,47.9342],[7.19274,47.94255],[7.20593,47.93291]],[[7.20593,47.93291],[7.21045,47.92731]],[[7.21045,47.92731],[7.20275,47.91819],[7.19385,47.92116],[7.17765,47.90962]],[[7.17765,47.90962],[7.1495,47.91029]],[[7.1495,47.91029],[7.15342,47.91945],[7.16523,47.92117],[7.15579,47.93003]],[[7.51527,48.07357],[7.51091,48.0826],[7.49058,48.09264]],[[7.29476,48.02851],[7.28116,48.02597]],[[7.28116,48.02597],[7.24844,48.02731],[7.24248,48.03608]],[[7.27495,48.02718],[7.28491,48.03248],[7.2845,48.04372],[7.26617,48.04026],[7.27609,48.03362],[7.27495,48.02718]],[[7.32985,47.8773],[7.36699,47.87904],[7.36665,47.87415],[7.3915,47.8759],[7.40793,47.8729]],[[7.40793,47.8729],[7.409,47.85753],[7.44042,47.85914],[7.42636,47.83407]],[[7.1511,48.19225],[7.17995,48.20922],[7.18909,48.20974]],[[7.18909,48.20974],[7.19378,48.20432],[7.20715,48.20179],[7.21709,48.19056],[7.21794,48.1808]],[[7.21794,48.1808],[7.2091,48.15459]],[[7.2091,48.15459],[7.18193,48.15841],[7.17979,48.16968],[7.16735,48.18],[7.14849,48.18002],[7.1511,48.19225]],[[7.09808,47.90041],[7.10981,47.89002],[7.12853,47.88659],[7.12836,47.87228],[7.12351,47.86769]],[[7.18515,48.04161],[7.1881,48.02987]],[[7.1881,48.02987],[7.1704,48.01551]],[[7.1704,48.01551],[7.15986,48.01423]],[[7.15986,48.01423],[7.15825,48.02957]],[[7.15825,48.02957],[7.16633,48.04149]],[[7.16633,48.04149],[7.18515,48.04161]],[[7.46384,48.15842],[7.47014,48.16017]],[[7.16633,48.04149],[7.16636,48.05144],[7.14911,48.06396]],[[7.14911,48.06396],[7.14975,48.0792]],[[7.14975,48.0792],[7.16291,48.07976]],[[7.16291,48.07976],[7.16549,48.07198],[7.18026,48.06439],[7.1767,48.05349],[7.18515,48.04161]],[[7.4163,47.90421],[7.42089,47.91095],[7.4165,47.92308]],[[7.43621,47.93421],[7.47312,47.93106],[7.4842,47.92363]],[[7.4842,47.92363],[7.48397,47.9213]],[[7.48397,47.9213],[7.47802,47.91183],[7.48017,47.90227]],[[7.48017,47.90227],[7.47846,47.89649],[7.46283,47.89758],[7.45029,47.88434]],[[7.45029,47.88434],[7.4233,47.88516]],[[7.4233,47.88516],[7.4123,47.89465],[7.4163,47.90421]],[[7.27655,48.19384],[7.27953,48.18899],[7.30402,48.18805],[7.32279,48.18977],[7.32409,48.17435]],[[7.32409,48.17435],[7.30171,48.17202]],[[7.30171,48.17202],[7.29073,48.18199],[7.27336,48.18781],[7.27655,48.19384]],[[7.26965,47.91902],[7.27984,47.91755]],[[7.27984,47.91755],[7.27785,47.89547]],[[7.27785,47.89547],[7.25703,47.8901]],[[7.25703,47.8901],[7.24366,47.89028],[7.22959,47.89635]],[[7.22959,47.89635],[7.24083,47.91099]],[[7.24083,47.91099],[7.25458,47.91181],[7.26965,47.91902]],[[7.15923,47.89646],[7.18904,47.89216],[7.18167,47.89949]],[[7.18167,47.89949],[7.19144,47.89066],[7.1993,47.89737]],[[7.1993,47.89737],[7.2051,47.89627]],[[7.2051,47.89627],[7.20374,47.88812],[7.20996,47.87926]],[[7.20996,47.87926],[7.19956,47.87762]],[[7.19956,47.87762],[7.18705,47.87996],[7.17615,47.88954],[7.16087,47.88882],[7.15923,47.89646]],[[7.2925,48.15294],[7.30414,48.14371]],[[7.33181,48.121],[7.31015,48.12832],[7.26934,48.13499],[7.26853,48.13075],[7.23746,48.12944],[7.22269,48.132],[7.20172,48.12498]],[[7.20172,48.12498],[7.20537,48.14331]],[[7.20537,48.14331],[7.2091,48.15459]],[[7.21794,48.1808],[7.21847,48.18154]],[[7.21847,48.18154],[7.23113,48.18863],[7.24199,48.18815],[7.2358,48.18168],[7.25787,48.18066],[7.26538,48.17521],[7.27492,48.15652],[7.2925,48.15294]],[[7.03346,48.03541],[7.05882,48.03583],[7.07108,48.04151],[7.08923,48.03789]],[[7.08923,48.03789],[7.09634,48.01878],[7.08702,48.00821]],[[7.08702,48.00821],[7.08062,48.01094],[7.08135,48.02118],[7.06458,48.02074],[7.05124,48.02776],[7.03803,48.02649],[7.03346,48.03541]],[[7.45029,47.88434],[7.45066,47.88194],[7.47523,47.87876],[7.4693,47.86832],[7.48668,47.86116]],[[7.48668,47.86116],[7.46973,47.83622]],[[7.40793,47.8729],[7.4192,47.87308],[7.4233,47.88516]],[[7.11323,47.90934],[7.09941,47.90248]],[[7.1495,47.91029],[7.13886,47.90613],[7.11323,47.90934]],[[7.07671,48.10849],[7.08416,48.12921]],[[7.11716,48.154],[7.13365,48.1495],[7.15207,48.13455],[7.17197,48.1431],[7.18482,48.1424],[7.19112,48.13623]],[[7.19112,48.13623],[7.18399,48.13338],[7.17893,48.1193],[7.17679,48.09245],[7.17891,48.08485],[7.16291,48.07976]],[[7.14975,48.0792],[7.13321,48.07763]],[[7.13321,48.07763],[7.11702,48.08437],[7.10358,48.10006],[7.07671,48.10849]],[[7.25709,47.87481],[7.25703,47.8901]],[[7.27785,47.89547],[7.29832,47.89527]],[[7.31682,47.90101],[7.31909,47.90804],[7.32832,47.91139]],[[7.32832,47.91139],[7.34432,47.90777],[7.36014,47.90921],[7.38467,47.90495],[7.4163,47.90421]],[[7.17765,47.90962],[7.18884,47.90006],[7.1993,47.89737]],[[7.18167,47.89949],[7.17567,47.90411]],[[7.17567,47.90411],[7.15855,47.90518],[7.14004,47.89828],[7.11462,47.90325],[7.11323,47.90934]],[[7.03716,47.9527],[7.04087,47.96651]],[[7.04087,47.96651],[7.04365,47.98851],[7.04846,47.99138]],[[7.04846,47.99138],[7.06526,48.0058],[7.08702,48.00821]],[[7.08702,48.00821],[7.08707,47.99906],[7.1185,47.98886]],[[7.1185,47.98886],[7.12607,47.98062]],[[7.12607,47.98062],[7.10756,47.97486],[7.08463,47.96389],[7.07776,47.95299],[7.04578,47.94793],[7.03716,47.9527]],[[7.28116,48.02597],[7.29338,48.01816]],[[7.29338,48.01816],[7.28623,48.01436],[7.26257,48.0182],[7.2359,48.02608]],[[7.2359,48.02608],[7.23318,48.03371]],[[7.23318,48.03371],[7.23556,48.03695]],[[7.52033,48.03685],[7.53936,48.03839],[7.53941,48.03272],[7.56245,48.03277],[7.56149,48.04065],[7.56872,48.04109],[7.56597,48.02828]],[[7.56597,48.02828],[7.56864,48.01325]],[[7.56864,48.01325],[7.5526,48.01063],[7.51795,48.01073]],[[7.51795,48.01073],[7.51958,48.01566]],[[7.51958,48.01566],[7.52026,48.02082]],[[7.51992,48.02263],[7.52033,48.03685]],[[7.466,47.99441],[7.46188,48.00095],[7.4775,48.00287],[7.48991,48.00827],[7.49055,48.01474]],[[7.49055,48.01474],[7.51958,48.01566]],[[7.51795,48.01073],[7.51735,47.99562]],[[7.51735,47.99562],[7.51182,47.99203]],[[7.23213,48.00146],[7.26324,47.97515],[7.28013,47.97714]],[[7.28013,47.97714],[7.27412,47.95162],[7.25331,47.93561]],[[7.25331,47.93561],[7.241,47.94451]],[[7.241,47.94451],[7.24708,47.94947],[7.25494,47.97117],[7.22808,47.97874]],[[7.46777,48.07805],[7.50374,48.06836]],[[7.50374,48.06836],[7.50579,48.05583],[7.50081,48.05366],[7.50477,48.04394]],[[7.50477,48.04394],[7.48773,48.03878],[7.47153,48.03936]],[[7.50477,48.04394],[7.50437,48.03846],[7.52033,48.03685]],[[7.49055,48.01474],[7.47667,48.02116]],[[7.47667,48.02116],[7.47025,48.03378]],[[7.20996,47.87926],[7.2154,47.87227]],[[7.2154,47.87227],[7.21052,47.86426],[7.16152,47.86073]],[[7.15651,47.86094],[7.15225,47.86922],[7.1586,47.87355],[7.18407,47.87223],[7.19956,47.87762]],[[7.32409,48.17435],[7.34581,48.17474],[7.35214,48.18681],[7.36715,48.18518]],[[7.36715,48.18518],[7.36729,48.17539]],[[7.36729,48.17539],[7.36034,48.16952]],[[7.31826,48.16343],[7.30171,48.17202]],[[7.56864,48.01325],[7.58598,47.99923]],[[7.58598,47.99923],[7.58432,47.99732]],[[7.58432,47.99732],[7.56228,47.99587],[7.51735,47.99562]],[[7.30209,48.1156],[7.28965,48.10971],[7.28265,48.11195],[7.25692,48.11169],[7.25124,48.10851]],[[7.21877,48.09846],[7.22075,48.1118],[7.2134,48.11385],[7.20172,48.12498]],[[7.47667,48.02116],[7.4579,48.01193],[7.43694,48.01528]],[[7.43694,48.01528],[7.42821,48.02156],[7.43022,48.03247]],[[7.18909,48.20974],[7.1962,48.21665],[7.22074,48.21379]],[[7.22074,48.21379],[7.22524,48.19207]],[[7.22524,48.19207],[7.21847,48.18154]],[[7.4842,47.92363],[7.48684,47.93415],[7.5069,47.93223],[7.51803,47.93423],[7.52311,47.94075]],[[7.52311,47.94075],[7.52394,47.93573],[7.54615,47.93111],[7.58263,47.92989]],[[7.58263,47.92989],[7.58099,47.92077]],[[7.58099,47.92077],[7.56058,47.91907],[7.50883,47.92259],[7.48397,47.9213]],[[7.26047,47.92972],[7.26706,47.92998]],[[7.26706,47.92998],[7.26965,47.91902]],[[7.24083,47.91099],[7.23133,47.91765],[7.226,47.91305],[7.22062,47.9222]],[[7.22062,47.9222],[7.22499,47.92656],[7.23344,47.9209],[7.24724,47.92509]],[[7.24724,47.92509],[7.26047,47.92972]],[[7.20593,47.93291],[7.20626,47.93284]],[[7.20626,47.93284],[7.21755,47.92809],[7.22827,47.93242],[7.24724,47.92509]],[[7.22062,47.9222],[7.21045,47.92731]],[[7.50374,48.06836],[7.51811,48.06957]],[[7.57339,48.05963],[7.56869,48.03411],[7.57846,48.02489]],[[7.57846,48.02489],[7.56597,48.02828]],[[7.33494,47.96154],[7.33614,47.98044]],[[7.33614,47.98044],[7.34467,47.97497],[7.3848,47.96528],[7.39574,47.95679],[7.43012,47.94817],[7.43005,47.94394]],[[7.58251,47.89825],[7.57352,47.88942],[7.5567,47.87994],[7.55556,47.87108]],[[7.55556,47.87108],[7.55059,47.86003],[7.51475,47.87149],[7.48781,47.86521]],[[7.48781,47.86521],[7.48392,47.86799],[7.48365,47.88644],[7.49415,47.88894],[7.48596,47.90197]],[[7.48596,47.90197],[7.52325,47.8987],[7.57382,47.89644],[7.58251,47.89825]],[[7.09684,48.03966],[7.11918,48.01717],[7.12451,48.0042],[7.1185,47.98886]],[[7.08923,48.03789],[7.09684,48.03966]],[[7.15986,48.01423],[7.13827,48.0055]],[[7.13827,48.0055],[7.13343,48.02829]],[[7.13343,48.02829],[7.13982,48.03579],[7.1539,48.03638],[7.15825,48.02957]],[[7.58099,47.92077],[7.58251,47.89825]],[[7.48596,47.90197],[7.48017,47.90227]],[[7.60858,48.00033],[7.61862,47.9859],[7.62209,47.97227],[7.60334,47.94856]],[[7.60334,47.94856],[7.59575,47.95382]],[[7.59575,47.95382],[7.60551,47.9668],[7.59886,47.97017]],[[7.59886,47.97017],[7.59711,47.98354],[7.58432,47.99732]],[[7.58598,47.99923],[7.59228,47.9957],[7.60858,48.00033]],[[7.21512,48.01717],[7.2178,48.02274]],[[7.2178,48.02274],[7.23383,48.02269],[7.23475,48.01743],[7.25992,48.01371],[7.28217,48.01323],[7.28926,48.00492],[7.29941,48.00164]],[[7.29941,48.00164],[7.27946,47.99442],[7.25483,47.9937],[7.23657,48.01092],[7.21512,48.01717]],[[7.22959,47.89635],[7.21736,47.90062],[7.2051,47.89627]],[[7.26706,47.92998],[7.29111,47.94198],[7.30807,47.93329],[7.32841,47.93715]],[[7.33311,47.92231],[7.32957,47.92193]],[[7.32957,47.92193],[7.29095,47.92028],[7.27984,47.91755]],[[7.2154,47.87227],[7.23248,47.85782]],[[7.2178,48.02274],[7.21906,48.03134],[7.2359,48.02608]],[[7.29338,48.01816],[7.30281,48.01493]],[[7.32319,48.00698],[7.31301,48.00277]],[[7.31301,48.00277],[7.29941,48.00164]],[[7.51896,47.97721],[7.53675,47.97867],[7.58604,47.97489],[7.59886,47.97017]],[[7.59575,47.95382],[7.55674,47.95074],[7.55675,47.94682],[7.52507,47.94521]],[[7.52507,47.94521],[7.48925,47.94526]],[[7.42449,48.01082],[7.43694,48.01528]],[[7.11666,48.06258],[7.12619,48.06697],[7.13321,48.07763]],[[7.14911,48.06396],[7.13697,48.05761],[7.1331,48.04475],[7.11836,48.04868]],[[7.11836,48.04868],[7.11666,48.06258]],[[7.40757,48.17548],[7.42924,48.18989],[7.43296,48.18715],[7.44649,48.19878],[7.46539,48.19494],[7.47354,48.19774]],[[7.19112,48.13623],[7.20537,48.14331]],[[7.18596,48.08469],[7.16291,48.07976]],[[7.14029,48.19409],[7.1511,48.19225]],[[7.14262,47.9444],[7.13417,47.95394],[7.13377,47.97683]],[[7.13377,47.97683],[7.14775,47.97644]],[[7.14775,47.97644],[7.15767,47.96536],[7.17353,47.95831]],[[7.17353,47.95831],[7.1952,47.95322],[7.20669,47.94409]],[[7.20669,47.94409],[7.20626,47.93284]],[[7.03361,47.94153],[7.02869,47.94795]],[[7.02869,47.94795],[7.03716,47.9527]],[[7.12607,47.98062],[7.1285,47.9808]],[[7.1285,47.9808],[7.13377,47.97683]],[[7.04238,47.93528],[7.03361,47.94153]],[[7.09684,48.03966],[7.11513,48.04058],[7.11874,48.03605],[7.13283,48.03507],[7.13343,48.02829]],[[7.13827,48.0055],[7.13233,47.9964],[7.1285,47.9808]],[[7.32957,47.92193],[7.32832,47.91139]],[[7.2925,48.15294],[7.31873,48.15692]],[[7.09684,48.03966],[7.11836,48.04868]],[[7.60334,47.94856],[7.58263,47.92989]],[[7.52311,47.94075],[7.52507,47.94521]],[[7.44911,47.97498],[7.43485,47.97757],[7.39548,47.97436],[7.38832,47.9859],[7.37628,47.98764],[7.37237,47.9805],[7.36239,47.989],[7.34378,47.99318]],[[7.34378,47.99318],[7.34234,48.00486]],[[7.33614,47.98044],[7.34378,47.99318]],[[7.44733,47.95697],[7.43995,47.94306]],[[7.20669,47.94409],[7.20936,47.952],[7.241,47.94451]],[[7.25331,47.93561],[7.26047,47.92972]],[[7.36729,48.17539],[7.39002,48.17369]],[[7.19023,48.01884],[7.19674,48.02346],[7.21512,48.01717]],[[7.31301,48.00277],[7.30936,47.98473],[7.30051,47.97632],[7.28013,47.97714]],[[7.20325,48.00631],[7.19023,48.01884]],[[7.15923,47.89646],[7.17567,47.90411]],[[7.22524,48.19207],[7.24466,48.19843],[7.25547,48.20545],[7.27968,48.2006],[7.27655,48.19384]],[[7.48781,47.86521],[7.48668,47.86116]],[[7.14775,47.97644],[7.1654,47.99621],[7.17722,47.99627],[7.18075,48.0054]],[[7.18075,48.0054],[7.18556,47.99862],[7.20324,47.99393]],[[7.20042,47.98877],[7.18652,47.97526],[7.17353,47.95831]],[[7.55556,47.87108],[7.56355,47.85213]],[[7.19023,48.01884],[7.18292,48.01238]],[[7.18292,48.01238],[7.1704,48.01551]],[[7.1881,48.02987],[7.20909,48.04558],[7.21478,48.03881],[7.23318,48.03371]],[[7.05165,48.08261],[7.07131,48.10757],[7.07671,48.10849]],[[7.11666,48.06258],[7.1014,48.05669],[7.08304,48.06765],[7.08191,48.07444],[7.05165,48.08261]],[[7.18075,48.0054],[7.18292,48.01238]],[[7.57846,48.02489],[7.60858,48.00033]],[[7.11504,47.71028],[7.11545,47.71856]],[[7.11545,47.71856],[7.12726,47.72289],[7.14475,47.7191],[7.15684,47.7248],[7.16245,47.73684]],[[7.0944,47.73307],[7.0965,47.73933],[7.12635,47.75113]],[[7.11545,47.71856],[7.09442,47.72739],[7.0944,47.73307]],[[7.0827,47.73363],[7.07909,47.74406],[7.06605,47.74553]],[[7.06605,47.74553],[7.0714,47.76122]],[[7.0944,47.73307],[7.0827,47.73363]],[[7.02285,47.7471],[7.0117,47.75547],[7.00067,47.75772],[7.00684,47.76711],[7.01555,47.76883],[7.02635,47.77901]],[[7.03602,47.76896],[7.02984,47.74988]],[[7.02984,47.74988],[7.02285,47.7471]],[[7.00953,47.82097],[7.01769,47.82235]],[[7.02285,47.7471],[7.01578,47.74346]],[[7.01578,47.74346],[6.97227,47.75147],[6.94352,47.76653],[6.94043,47.77157],[6.92233,47.77239]],[[6.92233,47.77239],[6.94165,47.77566],[6.94899,47.78473],[6.96977,47.78917]],[[6.96977,47.78917],[6.97612,47.77938],[6.98775,47.77792],[6.9958,47.78967],[7.00556,47.7896],[7.01046,47.7967],[6.9993,47.80043],[6.98612,47.79673],[6.98841,47.80601]],[[6.98841,47.80601],[6.98904,47.81449],[7.00953,47.82097]],[[7.03742,47.72155],[7.01946,47.73602],[7.01578,47.74346]],[[7.02984,47.74988],[7.05402,47.74084],[7.06605,47.74553]],[[7.0827,47.73363],[7.07875,47.72095],[7.06787,47.71492]],[[7.36176,48.22604],[7.38285,48.21946]],[[7.38285,48.21946],[7.38157,48.21461],[7.36672,48.21227],[7.3531,48.21443],[7.34761,48.21975]],[[7.34761,48.21975],[7.36176,48.22604]],[[6.92233,47.77239],[6.90755,47.77771]],[[6.90755,47.77771],[6.91012,47.78505],[6.92643,47.78364],[6.93518,47.79582],[6.94646,47.80258]],[[6.94646,47.80258],[6.97131,47.797]],[[6.97131,47.797],[6.96977,47.78917]],[[6.98397,47.84289],[6.98123,47.85971]],[[6.98123,47.85971],[6.99689,47.8762],[7.00423,47.87902]],[[7.00423,47.87902],[7.01358,47.87662]],[[7.01358,47.87662],[7.01322,47.86327]],[[7.01322,47.86327],[7.00797,47.85344]],[[7.00797,47.85344],[6.98768,47.84243]],[[6.98768,47.84243],[6.98397,47.84289]],[[6.8917,47.77834],[6.89783,47.78359],[6.89586,47.79581],[6.92119,47.80569],[6.91624,47.81661]],[[6.91624,47.81661],[6.93155,47.81469],[6.94646,47.80258]],[[6.90755,47.77771],[6.8917,47.77834]],[[6.92382,47.95247],[6.93021,47.9565],[6.95078,47.95177],[6.955,47.94412],[6.94609,47.94326],[6.93753,47.9304],[6.94815,47.91791]],[[6.94815,47.91791],[6.94336,47.91666],[6.95473,47.90491],[6.98002,47.89917],[6.99982,47.9096],[7.00675,47.92428],[7.01477,47.93166],[7.03302,47.92349],[7.02919,47.93094],[7.03361,47.94153]],[[7.03756,47.92259],[7.01915,47.92657],[7.00925,47.92297],[7.00317,47.89964],[7.00563,47.89424]],[[7.00563,47.89424],[6.99465,47.88503],[6.9847,47.89151],[6.97417,47.88981]],[[6.97417,47.88981],[6.95968,47.888],[6.91846,47.8984]],[[6.91846,47.8984],[6.92877,47.90989],[6.92593,47.9173],[6.91235,47.91838],[6.92413,47.92742],[6.91943,47.94434],[6.92382,47.95247]],[[6.96373,47.88387],[6.97417,47.88981]],[[7.00563,47.89424],[7.00423,47.87902]],[[6.98123,47.85971],[6.98445,47.87125],[6.97792,47.87813],[6.967,47.87996]],[[6.967,47.87996],[6.96373,47.88387]],[[6.92382,47.95247],[6.92893,47.96875],[6.94377,47.98037]],[[6.94377,47.98037],[6.95339,47.97693],[6.95657,47.96587],[6.96464,47.97054],[6.97572,47.96695],[6.98706,47.97164],[6.98052,47.97496],[6.98319,47.98242]],[[6.98319,47.98242],[6.99462,47.96765]],[[6.99462,47.96765],[7.00103,47.96113],[6.99012,47.95224],[6.98526,47.94126],[6.99418,47.93906],[6.96674,47.91821],[6.96363,47.92248],[6.94815,47.91791]],[[7.01322,47.86327],[7.02462,47.86739],[7.04384,47.86608]],[[7.04384,47.86608],[7.02541,47.85758],[7.01569,47.84901],[7.00797,47.85344]],[[7.02869,47.94795],[7.00836,47.95615],[6.99462,47.96765]],[[6.98319,47.98242],[6.98023,47.98538],[6.98154,48.00942]],[[6.98154,48.00942],[6.99314,48.02058],[7.0013,48.02179],[7.01602,48.03719]],[[7.01602,48.03719],[7.03346,48.03541]],[[7.04846,47.99138],[7.02615,47.99026],[7.02805,47.99946],[7.04191,48.00381],[7.03046,48.00697],[7.02317,48.01637],[7.01084,48.02276],[7.00258,48.01737],[7.0086,48.01406],[6.99871,48.01009],[7.00625,47.98975],[6.99565,47.98152],[6.99807,47.97399],[7.02093,47.98587],[7.04087,47.96651]],[[6.94012,47.85095],[6.95291,47.86192],[6.95122,47.8709],[6.96927,47.87744],[6.967,47.87996]],[[6.98397,47.84289],[6.96756,47.84116],[6.94012,47.85095]],[[7.00953,47.82097],[7.00415,47.82902],[6.98936,47.83497]],[[6.98936,47.83497],[6.98768,47.84243]],[[7.04384,47.86608],[7.04662,47.8739]],[[6.89709,47.83479],[6.90359,47.8339],[6.92062,47.81999],[6.94376,47.81674],[6.95545,47.81894]],[[6.95545,47.81894],[6.94646,47.80258]],[[6.91624,47.81661],[6.89778,47.82179],[6.89609,47.83297]],[[6.89609,47.83297],[6.89709,47.83479]],[[7.05055,47.91045],[7.0335,47.89812],[7.01358,47.87662]],[[6.89709,47.83479],[6.90744,47.84614],[6.92005,47.85029]],[[6.92005,47.85029],[6.94012,47.85095]],[[6.98936,47.83497],[6.98024,47.82781],[6.96917,47.82826],[6.96891,47.823],[6.95545,47.81894]],[[6.8917,47.77834],[6.87139,47.7817],[6.86244,47.78637],[6.86009,47.79436],[6.84845,47.80187],[6.85025,47.80714],[6.84102,47.819],[6.85744,47.82322],[6.86761,47.82946],[6.89609,47.83297]],[[6.97131,47.797],[6.97445,47.80228],[6.98841,47.80601]],[[6.91937,47.85814],[6.93637,47.86406],[6.94113,47.87418],[6.96373,47.88387]],[[6.92005,47.85029],[6.91937,47.85814]],[[7.01602,48.03719],[7.00975,48.04289],[7.02288,48.06363],[7.03928,48.07873],[7.05165,48.08261]],[[6.91937,47.85814],[6.907,47.86398],[6.90471,47.87963],[6.8969,47.89083],[6.91846,47.8984]],[[6.94377,47.98037],[6.94382,47.99952],[6.96085,48.00015],[6.98154,48.00942]],[[7.36766,48.19052],[7.35857,48.19117],[7.33667,48.20193],[7.32765,48.21258],[7.30577,48.21227],[7.29687,48.21997]],[[7.29687,48.21997],[7.31117,48.2272],[7.30221,48.244]],[[7.30221,48.244],[7.32425,48.23918],[7.31844,48.23131],[7.33291,48.22254],[7.34761,48.21975]],[[7.38285,48.21946],[7.40318,48.21579],[7.40572,48.21906],[7.42605,48.21525],[7.43093,48.21139]],[[7.43093,48.21139],[7.4275,48.20201],[7.40262,48.20303],[7.40028,48.20664],[7.38289,48.20378],[7.37524,48.19082],[7.36766,48.19052]],[[7.24071,48.27683],[7.26677,48.27412],[7.27346,48.28298],[7.29049,48.29073]],[[7.31429,48.26244],[7.29575,48.26402],[7.26776,48.25871],[7.26046,48.25236],[7.25784,48.24071]],[[7.25784,48.24071],[7.2561,48.23614]],[[7.2561,48.23614],[7.24537,48.25806],[7.24071,48.27683]],[[7.30221,48.244],[7.28455,48.24558],[7.27692,48.23783]],[[7.27692,48.23783],[7.2561,48.23614]],[[7.25784,48.24071],[7.27271,48.24165],[7.28091,48.25092],[7.30083,48.25396],[7.32533,48.24388],[7.32866,48.23385],[7.36176,48.22604]],[[7.15775,48.26753],[7.15944,48.27524],[7.1767,48.28901],[7.17244,48.29748],[7.19361,48.30203]],[[7.19361,48.30203],[7.22111,48.28687],[7.22221,48.27886],[7.24071,48.27683]],[[7.2561,48.23614],[7.2378,48.23191],[7.23127,48.227]],[[7.23127,48.227],[7.21977,48.25911],[7.19188,48.25134],[7.17475,48.259],[7.1669,48.26659],[7.15775,48.26753]],[[7.43547,48.21786],[7.43093,48.21139]],[[7.23127,48.227],[7.23076,48.22085],[7.22074,48.21379]],[[7.10629,48.1943],[7.10556,48.20046],[7.11772,48.20821],[7.13403,48.23768],[7.13305,48.24754],[7.13903,48.25025],[7.14774,48.26439],[7.15775,48.26753]],[[7.29687,48.21997],[7.28176,48.22772],[7.27692,48.23783]],[[7.36715,48.18518],[7.36766,48.19052]],[[7.19361,48.30203],[7.19828,48.31047]]]}